season,week,game_id,home,away,commence,event_id,bookmaker,market,player,player_id,team,line,over_price,under_price,fetched_at,pred_mean,pred_median,p_over,predicted_at,actual,result
2026,1,2026_01_ATL_PIT,PIT,ATL,2026-09-13 17:00:00+00:00,95c01d1bb797d6df14824b106c5a9130,draftkings,player_reception_yds,Drake London,00-0037238,ATL,55.5,-110,-115,2026-09-12 15:12:49.289342+00:00,63.775580000000005,54.2,0.48835,2026-09-12 15:12:52.430723+00:00,,
2026,1,2026_01_ATL_PIT,PIT,ATL,2026-09-13 17:00:00+00:00,95c01d1bb797d6df14824b106c5a9130,draftkings,player_reception_yds,DK Metcalf,00-0035640,PIT,52.5,-113,-111,2026-09-12 15:12:49.289342+00:00,54.278185,45.0,0.43045,2026-09-12 15:12:52.538974+00:00,,
2026,1,2026_01_ATL_PIT,PIT,ATL,2026-09-13 17:00:00+00:00,95c01d1bb797d6df14824b106c5a9130,draftkings,player_reception_yds,Michael Pittman Jr.,00-0036252,PIT,38.5,-112,-112,2026-09-12 15:12:49.289342+00:00,40.989115000000005,33.7,0.44215,2026-09-12 15:12:52.651200+00:00,,
2026,1,2026_01_ATL_PIT,PIT,ATL,2026-09-13 17:00:00+00:00,95c01d1bb797d6df14824b106c5a9130,draftkings,player_reception_yds,Kyle Pitts,00-0036970,ATL,37.5,-114,-110,2026-09-12 15:12:49.289342+00:00,41.68917499999999,34.3,0.46135,2026-09-12 15:12:52.762022+00:00,,
2026,1,2026_01_ATL_PIT,PIT,ATL,2026-09-13 17:00:00+00:00,95c01d1bb797d6df14824b106c5a9130,draftkings,player_reception_yds,Bijan Robinson,00-0038542,ATL,35.5,-109,-115,2026-09-12 15:12:49.289342+00:00,25.378715,19.2,0.25615,2026-09-12 15:12:52.879039+00:00,,
2026,1,2026_01_ATL_PIT,PIT,ATL,2026-09-13 17:00:00+00:00,95c01d1bb797d6df14824b106c5a9130,draftkings,player_reception_yds,Pat Freiermuth,00-0036894,PIT,26.5,-109,-115,2026-09-12 15:12:49.289342+00:00,38.66141999999999,30.8,0.55725,2026-09-12 15:12:52.989637+00:00,,
2026,1,2026_01_ATL_PIT,PIT,ATL,2026-09-13 17:00:00+00:00,95c01d1bb797d6df14824b106c5a9130,draftkings,player_reception_yds,Jaylen Warren,00-0037228,PIT,18.5,-108,-116,2026-09-12 15:12:49.289342+00:00,18.706575000000004,13.6,0.38905,2026-09-12 15:12:53.102681+00:00,,
2026,1,2026_01_ATL_PIT,PIT,ATL,2026-09-13 17:00:00+00:00,95c01d1bb797d6df14824b106c5a9130,draftkings,player_reception_yds,Darnell Washington,00-0038558,PIT,15.5,-113,-111,2026-09-12 15:12:49.289342+00:00,26.303805000000004,18.4,0.54845,2026-09-12 15:12:53.212936+00:00,,
2026,1,2026_01_ATL_PIT,PIT,ATL,2026-09-13 17:00:00+00:00,95c01d1bb797d6df14824b106c5a9130,draftkings,player_reception_yds,Jahan Dotson,00-0037741,ATL,14.5,-116,-108,2026-09-12 15:12:49.289342+00:00,33.15422000000001,20.0,0.58565,2026-09-12 15:12:53.333965+00:00,,
2026,1,2026_01_ATL_PIT,PIT,ATL,2026-09-13 17:00:00+00:00,95c01d1bb797d6df14824b106c5a9130,draftkings,player_reception_yds,Rico Dowdle,00-0036139,PIT,10.5,-113,-111,2026-09-12 15:12:49.289342+00:00,14.81634,9.8,0.4777,2026-09-12 15:12:53.443619+00:00,,
2026,1,2026_01_ATL_PIT,PIT,ATL,2026-09-13 17:00:00+00:00,95c01d1bb797d6df14824b106c5a9130,draftkings,player_rush_yds,Bijan Robinson,00-0038542,ATL,79.5,-113,-111,2026-09-12 15:12:49.289342+00:00,83.73066999999999,77.5,0.48085,2026-09-12 15:12:53.551588+00:00,,
2026,1,2026_01_ATL_PIT,PIT,ATL,2026-09-13 17:00:00+00:00,95c01d1bb797d6df14824b106c5a9130,draftkings,player_rush_yds,Rico Dowdle,00-0036139,PIT,45.5,-109,-115,2026-09-12 15:12:49.289342+00:00,41.436925,36.0,0.37245,2026-09-12 15:12:53.651727+00:00,,
2026,1,2026_01_ATL_PIT,PIT,ATL,2026-09-13 17:00:00+00:00,95c01d1bb797d6df14824b106c5a9130,draftkings,player_rush_yds,Jaylen Warren,00-0037228,PIT,42.5,-115,-110,2026-09-12 15:12:49.289342+00:00,60.217745,52.1,0.60245,2026-09-12 15:12:53.752259+00:00,,
2026,1,2026_01_ATL_PIT,PIT,ATL,2026-09-13 17:00:00+00:00,95c01d1bb797d6df14824b106c5a9130,draftkings,player_rush_yds,Brian Robinson Jr.,00-0037746,ATL,19.5,-112,-112,2026-09-12 15:12:49.289342+00:00,32.86028,27.2,0.63215,2026-09-12 15:12:53.857412+00:00,,
2026,1,2026_01_ATL_PIT,PIT,ATL,2026-09-13 17:00:00+00:00,95c01d1bb797d6df14824b106c5a9130,draftkings,player_rush_yds,Aaron Rodgers,00-0023459,PIT,0.5,-105,-119,2026-09-12 15:12:49.289342+00:00,15.99678,10.7,0.83825,2026-09-12 15:12:53.957231+00:00,,
2026,1,2026_01_ATL_PIT,PIT,ATL,2026-09-13 17:00:00+00:00,95c01d1bb797d6df14824b106c5a9130,betrivers,player_reception_yds,Jaylen Warren,00-0037228,PIT,17.5,-120,-110,2026-09-12 15:12:49.289342+00:00,18.706575000000004,13.6,0.40875,2026-09-12 15:12:53.957652+00:00,,
2026,1,2026_01_ATL_PIT,PIT,ATL,2026-09-13 17:00:00+00:00,95c01d1bb797d6df14824b106c5a9130,betrivers,player_reception_yds,Bijan Robinson,00-0038542,ATL,34.5,-117,-114,2026-09-12 15:12:49.289342+00:00,25.378715,19.2,0.2673,2026-09-12 15:12:53.958059+00:00,,
2026,1,2026_01_ATL_PIT,PIT,ATL,2026-09-13 17:00:00+00:00,95c01d1bb797d6df14824b106c5a9130,betrivers,player_reception_yds,Kyle Pitts,00-0036970,ATL,38.5,-118,-113,2026-09-12 15:12:49.289342+00:00,41.68917499999999,34.3,0.45025,2026-09-12 15:12:53.958432+00:00,,
2026,1,2026_01_ATL_PIT,PIT,ATL,2026-09-13 17:00:00+00:00,95c01d1bb797d6df14824b106c5a9130,betrivers,player_reception_yds,DK Metcalf,00-0035640,PIT,47.5,-114,-117,2026-09-12 15:12:49.289342+00:00,54.278185,45.0,0.4758,2026-09-12 15:12:53.958843+00:00,,
2026,1,2026_01_ATL_PIT,PIT,ATL,2026-09-13 17:00:00+00:00,95c01d1bb797d6df14824b106c5a9130,betrivers,player_reception_yds,Michael Pittman Jr.,00-0036252,PIT,37.5,-115,-114,2026-09-12 15:12:49.289342+00:00,40.989115000000005,33.7,0.45395,2026-09-12 15:12:53.959280+00:00,,
2026,1,2026_01_ATL_PIT,PIT,ATL,2026-09-13 17:00:00+00:00,95c01d1bb797d6df14824b106c5a9130,betrivers,player_reception_yds,Darnell Washington,00-0038558,PIT,15.5,-120,-112,2026-09-12 15:12:49.289342+00:00,26.303805000000004,18.4,0.54845,2026-09-12 15:12:53.959690+00:00,,
2026,1,2026_01_ATL_PIT,PIT,ATL,2026-09-13 17:00:00+00:00,95c01d1bb797d6df14824b106c5a9130,betrivers,player_reception_yds,Jahan Dotson,00-0037741,ATL,14.5,-112,-118,2026-09-12 15:12:49.289342+00:00,33.15422000000001,20.0,0.58565,2026-09-12 15:12:53.960080+00:00,,
2026,1,2026_01_ATL_PIT,PIT,ATL,2026-09-13 17:00:00+00:00,95c01d1bb797d6df14824b106c5a9130,betrivers,player_reception_yds,Pat Freiermuth,00-0036894,PIT,23.5,-118,-113,2026-09-12 15:12:49.289342+00:00,38.66141999999999,30.8,0.5996,2026-09-12 15:12:53.960480+00:00,,
2026,1,2026_01_ATL_PIT,PIT,ATL,2026-09-13 17:00:00+00:00,95c01d1bb797d6df14824b106c5a9130,betrivers,player_reception_yds,Drake London,00-0037238,ATL,55.5,-115,-115,2026-09-12 15:12:49.289342+00:00,63.775580000000005,54.2,0.48835,2026-09-12 15:12:53.960891+00:00,,
2026,1,2026_01_ATL_PIT,PIT,ATL,2026-09-13 17:00:00+00:00,95c01d1bb797d6df14824b106c5a9130,betrivers,player_reception_yds,Rico Dowdle,00-0036139,PIT,9.5,-115,-115,2026-09-12 15:12:49.289342+00:00,14.81634,9.8,0.50685,2026-09-12 15:12:53.961263+00:00,,
2026,1,2026_01_ATL_PIT,PIT,ATL,2026-09-13 17:00:00+00:00,95c01d1bb797d6df14824b106c5a9130,betrivers,player_rush_yds,Bijan Robinson,00-0038542,ATL,81.5,-114,-117,2026-09-12 15:12:49.289342+00:00,83.73066999999999,77.5,0.46195,2026-09-12 15:12:53.961643+00:00,,
2026,1,2026_01_ATL_PIT,PIT,ATL,2026-09-13 17:00:00+00:00,95c01d1bb797d6df14824b106c5a9130,betrivers,player_rush_yds,Brian Robinson Jr.,00-0037746,ATL,19.5,-118,-113,2026-09-12 15:12:49.289342+00:00,32.86028,27.2,0.63215,2026-09-12 15:12:53.962018+00:00,,
2026,1,2026_01_ATL_PIT,PIT,ATL,2026-09-13 17:00:00+00:00,95c01d1bb797d6df14824b106c5a9130,betrivers,player_rush_yds,Rico Dowdle,00-0036139,PIT,44.5,-120,-112,2026-09-12 15:12:49.289342+00:00,41.436925,36.0,0.38375,2026-09-12 15:12:53.962390+00:00,,
2026,1,2026_01_ATL_PIT,PIT,ATL,2026-09-13 17:00:00+00:00,95c01d1bb797d6df14824b106c5a9130,betrivers,player_rush_yds,Jaylen Warren,00-0037228,PIT,44.5,-117,-114,2026-09-12 15:12:49.289342+00:00,60.217745,52.1,0.57985,2026-09-12 15:12:53.962781+00:00,,
2026,1,2026_01_ATL_PIT,PIT,ATL,2026-09-13 17:00:00+00:00,95c01d1bb797d6df14824b106c5a9130,betonlineag,player_reception_yds,Rico Dowdle,00-0036139,PIT,10.5,-115,-112,2026-09-12 15:12:49.289342+00:00,14.81634,9.8,0.4777,2026-09-12 15:12:53.963142+00:00,,
2026,1,2026_01_ATL_PIT,PIT,ATL,2026-09-13 17:00:00+00:00,95c01d1bb797d6df14824b106c5a9130,betonlineag,player_reception_yds,Darnell Washington,00-0038558,PIT,16.5,-114,-114,2026-09-12 15:12:49.289342+00:00,26.303805000000004,18.4,0.53205,2026-09-12 15:12:53.963549+00:00,,
2026,1,2026_01_ATL_PIT,PIT,ATL,2026-09-13 17:00:00+00:00,95c01d1bb797d6df14824b106c5a9130,betonlineag,player_reception_yds,DK Metcalf,00-0035640,PIT,48.5,-122,-106,2026-09-12 15:12:49.289342+00:00,54.278185,45.0,0.4659,2026-09-12 15:12:53.963936+00:00,,
2026,1,2026_01_ATL_PIT,PIT,ATL,2026-09-13 17:00:00+00:00,95c01d1bb797d6df14824b106c5a9130,betonlineag,player_reception_yds,Bijan Robinson,00-0038542,ATL,34.5,-114,-114,2026-09-12 15:12:49.289342+00:00,25.378715,19.2,0.2673,2026-09-12 15:12:53.964323+00:00,,
2026,1,2026_01_ATL_PIT,PIT,ATL,2026-09-13 17:00:00+00:00,95c01d1bb797d6df14824b106c5a9130,betonlineag,player_reception_yds,Michael Pittman Jr.,00-0036252,PIT,38.5,-114,-114,2026-09-12 15:12:49.289342+00:00,40.989115000000005,33.7,0.44215,2026-09-12 15:12:53.964738+00:00,,
2026,1,2026_01_ATL_PIT,PIT,ATL,2026-09-13 17:00:00+00:00,95c01d1bb797d6df14824b106c5a9130,betonlineag,player_reception_yds,Pat Freiermuth,00-0036894,PIT,26.5,-112,-115,2026-09-12 15:12:49.289342+00:00,38.66141999999999,30.8,0.55725,2026-09-12 15:12:53.965106+00:00,,
2026,1,2026_01_ATL_PIT,PIT,ATL,2026-09-13 17:00:00+00:00,95c01d1bb797d6df14824b106c5a9130,betonlineag,player_reception_yds,Drake London,00-0037238,ATL,55.5,-114,-114,2026-09-12 15:12:49.289342+00:00,63.775580000000005,54.2,0.48835,2026-09-12 15:12:53.965502+00:00,,
2026,1,2026_01_ATL_PIT,PIT,ATL,2026-09-13 17:00:00+00:00,95c01d1bb797d6df14824b106c5a9130,betonlineag,player_reception_yds,Kyle Pitts,00-0036970,ATL,37.5,-115,-112,2026-09-12 15:12:49.289342+00:00,41.68917499999999,34.3,0.46135,2026-09-12 15:12:53.965852+00:00,,
2026,1,2026_01_ATL_PIT,PIT,ATL,2026-09-13 17:00:00+00:00,95c01d1bb797d6df14824b106c5a9130,betonlineag,player_reception_yds,Jahan Dotson,00-0037741,ATL,14.5,-116,-111,2026-09-12 15:12:49.289342+00:00,33.15422000000001,20.0,0.58565,2026-09-12 15:12:53.966223+00:00,,
2026,1,2026_01_ATL_PIT,PIT,ATL,2026-09-13 17:00:00+00:00,95c01d1bb797d6df14824b106c5a9130,betonlineag,player_reception_yds,Jaylen Warren,00-0037228,PIT,19.5,-114,-114,2026-09-12 15:12:49.289342+00:00,18.706575000000004,13.6,0.3693,2026-09-12 15:12:53.966588+00:00,,
2026,1,2026_01_ATL_PIT,PIT,ATL,2026-09-13 17:00:00+00:00,95c01d1bb797d6df14824b106c5a9130,betonlineag,player_rush_yds,Bijan Robinson,00-0038542,ATL,76.5,-114,-114,2026-09-12 15:12:49.289342+00:00,83.73066999999999,77.5,0.5088,2026-09-12 15:12:53.966961+00:00,,
2026,1,2026_01_ATL_PIT,PIT,ATL,2026-09-13 17:00:00+00:00,95c01d1bb797d6df14824b106c5a9130,betonlineag,player_rush_yds,Jaylen Warren,00-0037228,PIT,42.5,-116,-111,2026-09-12 15:12:49.289342+00:00,60.217745,52.1,0.60245,2026-09-12 15:12:53.967346+00:00,,
2026,1,2026_01_ATL_PIT,PIT,ATL,2026-09-13 17:00:00+00:00,95c01d1bb797d6df14824b106c5a9130,betonlineag,player_rush_yds,Rico Dowdle,00-0036139,PIT,44.5,-114,-114,2026-09-12 15:12:49.289342+00:00,41.436925,36.0,0.38375,2026-09-12 15:12:53.967710+00:00,,
2026,1,2026_01_ATL_PIT,PIT,ATL,2026-09-13 17:00:00+00:00,95c01d1bb797d6df14824b106c5a9130,betonlineag,player_rush_yds,Brian Robinson Jr.,00-0037746,ATL,19.5,-115,-112,2026-09-12 15:12:49.289342+00:00,32.86028,27.2,0.63215,2026-09-12 15:12:53.968093+00:00,,
2026,1,2026_01_ATL_PIT,PIT,ATL,2026-09-13 17:00:00+00:00,95c01d1bb797d6df14824b106c5a9130,fanduel,player_reception_yds,Drake London,00-0037238,ATL,55.5,-114,-114,2026-09-12 15:12:49.289342+00:00,63.775580000000005,54.2,0.48835,2026-09-12 15:12:53.968492+00:00,,
2026,1,2026_01_ATL_PIT,PIT,ATL,2026-09-13 17:00:00+00:00,95c01d1bb797d6df14824b106c5a9130,fanduel,player_reception_yds,Michael Pittman Jr.,00-0036252,PIT,38.5,-114,-114,2026-09-12 15:12:49.289342+00:00,40.989115000000005,33.7,0.44215,2026-09-12 15:12:53.968902+00:00,,
2026,1,2026_01_ATL_PIT,PIT,ATL,2026-09-13 17:00:00+00:00,95c01d1bb797d6df14824b106c5a9130,fanduel,player_reception_yds,Jahan Dotson,00-0037741,ATL,14.5,-114,-114,2026-09-12 15:12:49.289342+00:00,33.15422000000001,20.0,0.58565,2026-09-12 15:12:53.969270+00:00,,
2026,1,2026_01_ATL_PIT,PIT,ATL,2026-09-13 17:00:00+00:00,95c01d1bb797d6df14824b106c5a9130,fanduel,player_reception_yds,Pat Freiermuth,00-0036894,PIT,25.5,-114,-114,2026-09-12 15:12:49.289342+00:00,38.66141999999999,30.8,0.5711,2026-09-12 15:12:53.969651+00:00,,
2026,1,2026_01_ATL_PIT,PIT,ATL,2026-09-13 17:00:00+00:00,95c01d1bb797d6df14824b106c5a9130,fanduel,player_reception_yds,Jaylen Warren,00-0037228,PIT,19.5,-114,-114,2026-09-12 15:12:49.289342+00:00,18.706575000000004,13.6,0.3693,2026-09-12 15:12:53.970004+00:00,,
2026,1,2026_01_ATL_PIT,PIT,ATL,2026-09-13 17:00:00+00:00,95c01d1bb797d6df14824b106c5a9130,fanduel,player_reception_yds,Bijan Robinson,00-0038542,ATL,34.5,-114,-114,2026-09-12 15:12:49.289342+00:00,25.378715,19.2,0.2673,2026-09-12 15:12:53.970382+00:00,,
2026,1,2026_01_ATL_PIT,PIT,ATL,2026-09-13 17:00:00+00:00,95c01d1bb797d6df14824b106c5a9130,fanduel,player_reception_yds,Darnell Washington,00-0038558,PIT,16.5,-114,-114,2026-09-12 15:12:49.289342+00:00,26.303805000000004,18.4,0.53205,2026-09-12 15:12:53.970779+00:00,,
2026,1,2026_01_ATL_PIT,PIT,ATL,2026-09-13 17:00:00+00:00,95c01d1bb797d6df14824b106c5a9130,fanduel,player_reception_yds,Kyle Pitts,00-0036970,ATL,37.5,-114,-114,2026-09-12 15:12:49.289342+00:00,41.68917499999999,34.3,0.46135,2026-09-12 15:12:53.971134+00:00,,
2026,1,2026_01_ATL_PIT,PIT,ATL,2026-09-13 17:00:00+00:00,95c01d1bb797d6df14824b106c5a9130,fanduel,player_reception_yds,Rico Dowdle,00-0036139,PIT,10.5,-114,-114,2026-09-12 15:12:49.289342+00:00,14.81634,9.8,0.4777,2026-09-12 15:12:53.971496+00:00,,
2026,1,2026_01_ATL_PIT,PIT,ATL,2026-09-13 17:00:00+00:00,95c01d1bb797d6df14824b106c5a9130,fanduel,player_reception_yds,DK Metcalf,00-0035640,PIT,48.5,-114,-114,2026-09-12 15:12:49.289342+00:00,54.278185,45.0,0.4659,2026-09-12 15:12:53.971882+00:00,,
2026,1,2026_01_ATL_PIT,PIT,ATL,2026-09-13 17:00:00+00:00,95c01d1bb797d6df14824b106c5a9130,fanduel,player_rush_yds,Aaron Rodgers,00-0023459,PIT,0.5,-114,-114,2026-09-12 15:12:49.289342+00:00,15.99678,10.7,0.83825,2026-09-12 15:12:53.972279+00:00,,
2026,1,2026_01_ATL_PIT,PIT,ATL,2026-09-13 17:00:00+00:00,95c01d1bb797d6df14824b106c5a9130,fanduel,player_rush_yds,Rico Dowdle,00-0036139,PIT,46.5,-114,-114,2026-09-12 15:12:49.289342+00:00,41.436925,36.0,0.35865,2026-09-12 15:12:53.972647+00:00,,
2026,1,2026_01_ATL_PIT,PIT,ATL,2026-09-13 17:00:00+00:00,95c01d1bb797d6df14824b106c5a9130,fanduel,player_rush_yds,Jaylen Warren,00-0037228,PIT,42.5,-114,-114,2026-09-12 15:12:49.289342+00:00,60.217745,52.1,0.60245,2026-09-12 15:12:53.973043+00:00,,
2026,1,2026_01_ATL_PIT,PIT,ATL,2026-09-13 17:00:00+00:00,95c01d1bb797d6df14824b106c5a9130,fanduel,player_rush_yds,Brian Robinson Jr.,00-0037746,ATL,19.5,-114,-114,2026-09-12 15:12:49.289342+00:00,32.86028,27.2,0.63215,2026-09-12 15:12:53.973415+00:00,,
2026,1,2026_01_ATL_PIT,PIT,ATL,2026-09-13 17:00:00+00:00,95c01d1bb797d6df14824b106c5a9130,fanduel,player_rush_yds,Bijan Robinson,00-0038542,ATL,77.5,-114,-114,2026-09-12 15:12:49.289342+00:00,83.73066999999999,77.5,0.4997,2026-09-12 15:12:53.973788+00:00,,
2026,1,2026_01_ATL_PIT,PIT,ATL,2026-09-13 17:00:00+00:00,95c01d1bb797d6df14824b106c5a9130,betmgm,player_reception_yds,Pat Freiermuth,00-0036894,PIT,26.5,-111,-118,2026-09-12 15:12:49.289342+00:00,38.66141999999999,30.8,0.55725,2026-09-12 15:12:53.974163+00:00,,
2026,1,2026_01_ATL_PIT,PIT,ATL,2026-09-13 17:00:00+00:00,95c01d1bb797d6df14824b106c5a9130,betmgm,player_reception_yds,Darnell Washington,00-0038558,PIT,16.5,-115,-115,2026-09-12 15:12:49.289342+00:00,26.303805000000004,18.4,0.53205,2026-09-12 15:12:53.974554+00:00,,
2026,1,2026_01_ATL_PIT,PIT,ATL,2026-09-13 17:00:00+00:00,95c01d1bb797d6df14824b106c5a9130,betmgm,player_reception_yds,Rico Dowdle,00-0036139,PIT,10.5,-115,-115,2026-09-12 15:12:49.289342+00:00,14.81634,9.8,0.4777,2026-09-12 15:12:53.974917+00:00,,
2026,1,2026_01_ATL_PIT,PIT,ATL,2026-09-13 17:00:00+00:00,95c01d1bb797d6df14824b106c5a9130,betmgm,player_reception_yds,Michael Pittman Jr.,00-0036252,PIT,40.5,-111,-118,2026-09-12 15:12:49.289342+00:00,40.989115000000005,33.7,0.41885,2026-09-12 15:12:53.975326+00:00,,
2026,1,2026_01_ATL_PIT,PIT,ATL,2026-09-13 17:00:00+00:00,95c01d1bb797d6df14824b106c5a9130,betmgm,player_reception_yds,Bijan Robinson,00-0038542,ATL,32.5,-120,-111,2026-09-12 15:12:49.289342+00:00,25.378715,19.2,0.2912,2026-09-12 15:12:53.975706+00:00,,
2026,1,2026_01_ATL_PIT,PIT,ATL,2026-09-13 17:00:00+00:00,95c01d1bb797d6df14824b106c5a9130,betmgm,player_reception_yds,DK Metcalf,00-0035640,PIT,49.5,-115,-115,2026-09-12 15:12:49.289342+00:00,54.278185,45.0,0.45765,2026-09-12 15:12:53.976086+00:00,,
2026,1,2026_01_ATL_PIT,PIT,ATL,2026-09-13 17:00:00+00:00,95c01d1bb797d6df14824b106c5a9130,betmgm,player_reception_yds,Jaylen Warren,00-0037228,PIT,18.5,-111,-118,2026-09-12 15:12:49.289342+00:00,18.706575000000004,13.6,0.38905,2026-09-12 15:12:53.976449+00:00,,
2026,1,2026_01_ATL_PIT,PIT,ATL,2026-09-13 17:00:00+00:00,95c01d1bb797d6df14824b106c5a9130,betmgm,player_reception_yds,Drake London,00-0037238,ATL,56.5,-115,-115,2026-09-12 15:12:49.289342+00:00,63.775580000000005,54.2,0.48045,2026-09-12 15:12:53.976846+00:00,,
2026,1,2026_01_ATL_PIT,PIT,ATL,2026-09-13 17:00:00+00:00,95c01d1bb797d6df14824b106c5a9130,betmgm,player_reception_yds,Jahan Dotson,00-0037741,ATL,15.5,-115,-115,2026-09-12 15:12:49.289342+00:00,33.15422000000001,20.0,0.56895,2026-09-12 15:12:53.977214+00:00,,
2026,1,2026_01_ATL_PIT,PIT,ATL,2026-09-13 17:00:00+00:00,95c01d1bb797d6df14824b106c5a9130,betmgm,player_reception_yds,Kyle Pitts,00-0036970,ATL,36.5,-115,-115,2026-09-12 15:12:49.289342+00:00,41.68917499999999,34.3,0.474,2026-09-12 15:12:53.977562+00:00,,
2026,1,2026_01_ATL_PIT,PIT,ATL,2026-09-13 17:00:00+00:00,95c01d1bb797d6df14824b106c5a9130,betmgm,player_rush_yds,Bijan Robinson,00-0038542,ATL,77.5,-115,-115,2026-09-12 15:12:49.289342+00:00,83.73066999999999,77.5,0.4997,2026-09-12 15:12:53.977936+00:00,,
2026,1,2026_01_ATL_PIT,PIT,ATL,2026-09-13 17:00:00+00:00,95c01d1bb797d6df14824b106c5a9130,betmgm,player_rush_yds,Jaylen Warren,00-0037228,PIT,42.5,-115,-115,2026-09-12 15:12:49.289342+00:00,60.217745,52.1,0.60245,2026-09-12 15:12:53.978318+00:00,,
2026,1,2026_01_ATL_PIT,PIT,ATL,2026-09-13 17:00:00+00:00,95c01d1bb797d6df14824b106c5a9130,betmgm,player_rush_yds,Rico Dowdle,00-0036139,PIT,46.5,-115,-115,2026-09-12 15:12:49.289342+00:00,41.436925,36.0,0.35865,2026-09-12 15:12:53.978686+00:00,,
2026,1,2026_01_ATL_PIT,PIT,ATL,2026-09-13 17:00:00+00:00,95c01d1bb797d6df14824b106c5a9130,bovada,player_reception_yds,Bijan Robinson,00-0038542,ATL,35.5,-110,-120,2026-09-12 15:12:49.289342+00:00,25.378715,19.2,0.25615,2026-09-12 15:12:53.979061+00:00,,
2026,1,2026_01_ATL_PIT,PIT,ATL,2026-09-13 17:00:00+00:00,95c01d1bb797d6df14824b106c5a9130,bovada,player_reception_yds,Darnell Washington,00-0038558,PIT,15.5,-115,-115,2026-09-12 15:12:49.289342+00:00,26.303805000000004,18.4,0.54845,2026-09-12 15:12:53.979451+00:00,,
2026,1,2026_01_ATL_PIT,PIT,ATL,2026-09-13 17:00:00+00:00,95c01d1bb797d6df14824b106c5a9130,bovada,player_reception_yds,DK Metcalf,00-0035640,PIT,52.5,-115,-115,2026-09-12 15:12:49.289342+00:00,54.278185,45.0,0.43045,2026-09-12 15:12:53.979831+00:00,,
2026,1,2026_01_ATL_PIT,PIT,ATL,2026-09-13 17:00:00+00:00,95c01d1bb797d6df14824b106c5a9130,bovada,player_reception_yds,Drake London,00-0037238,ATL,55.5,-110,-120,2026-09-12 15:12:49.289342+00:00,63.775580000000005,54.2,0.48835,2026-09-12 15:12:53.980228+00:00,,
2026,1,2026_01_ATL_PIT,PIT,ATL,2026-09-13 17:00:00+00:00,95c01d1bb797d6df14824b106c5a9130,bovada,player_reception_yds,Jaylen Warren,00-0037228,PIT,18.5,-110,-120,2026-09-12 15:12:49.289342+00:00,18.706575000000004,13.6,0.38905,2026-09-12 15:12:53.980576+00:00,,
2026,1,2026_01_ATL_PIT,PIT,ATL,2026-09-13 17:00:00+00:00,95c01d1bb797d6df14824b106c5a9130,bovada,player_reception_yds,Kyle Pitts,00-0036970,ATL,37.5,-115,-115,2026-09-12 15:12:49.289342+00:00,41.68917499999999,34.3,0.46135,2026-09-12 15:12:53.980926+00:00,,
2026,1,2026_01_ATL_PIT,PIT,ATL,2026-09-13 17:00:00+00:00,95c01d1bb797d6df14824b106c5a9130,bovada,player_reception_yds,Michael Pittman Jr.,00-0036252,PIT,38.5,-115,-115,2026-09-12 15:12:49.289342+00:00,40.989115000000005,33.7,0.44215,2026-09-12 15:12:53.981335+00:00,,
2026,1,2026_01_ATL_PIT,PIT,ATL,2026-09-13 17:00:00+00:00,95c01d1bb797d6df14824b106c5a9130,bovada,player_reception_yds,Pat Freiermuth,00-0036894,PIT,26.5,-110,-120,2026-09-12 15:12:49.289342+00:00,38.66141999999999,30.8,0.55725,2026-09-12 15:12:53.981707+00:00,,
2026,1,2026_01_ATL_PIT,PIT,ATL,2026-09-13 17:00:00+00:00,95c01d1bb797d6df14824b106c5a9130,bovada,player_reception_yds,Rico Dowdle,00-0036139,PIT,10.5,-115,-115,2026-09-12 15:12:49.289342+00:00,14.81634,9.8,0.4777,2026-09-12 15:12:53.982069+00:00,,
2026,1,2026_01_ATL_PIT,PIT,ATL,2026-09-13 17:00:00+00:00,95c01d1bb797d6df14824b106c5a9130,bovada,player_rush_yds,Aaron Rodgers,00-0023459,PIT,0.5,-110,-120,2026-09-12 15:12:49.289342+00:00,15.99678,10.7,0.83825,2026-09-12 15:12:53.982465+00:00,,
2026,1,2026_01_ATL_PIT,PIT,ATL,2026-09-13 17:00:00+00:00,95c01d1bb797d6df14824b106c5a9130,bovada,player_rush_yds,Bijan Robinson,00-0038542,ATL,79.5,-115,-115,2026-09-12 15:12:49.289342+00:00,83.73066999999999,77.5,0.48085,2026-09-12 15:12:53.982853+00:00,,
2026,1,2026_01_ATL_PIT,PIT,ATL,2026-09-13 17:00:00+00:00,95c01d1bb797d6df14824b106c5a9130,bovada,player_rush_yds,Jaylen Warren,00-0037228,PIT,42.5,-120,-110,2026-09-12 15:12:49.289342+00:00,60.217745,52.1,0.60245,2026-09-12 15:12:53.983245+00:00,,
2026,1,2026_01_ATL_PIT,PIT,ATL,2026-09-13 17:00:00+00:00,95c01d1bb797d6df14824b106c5a9130,bovada,player_rush_yds,Rico Dowdle,00-0036139,PIT,45.5,-110,-120,2026-09-12 15:12:49.289342+00:00,41.436925,36.0,0.37245,2026-09-12 15:12:53.983606+00:00,,
2026,1,2026_01_BAL_IND,IND,BAL,2026-09-13 17:00:00+00:00,b6cfdcbafa61ce220ba87dc2d9b80c77,draftkings,player_reception_yds,Zay Flowers,00-0039064,BAL,66.5,-112,-112,2026-09-12 15:12:49.494129+00:00,61.394335,48.9,0.36655,2026-09-12 15:12:54.091673+00:00,,
2026,1,2026_01_BAL_IND,IND,BAL,2026-09-13 17:00:00+00:00,b6cfdcbafa61ce220ba87dc2d9b80c77,draftkings,player_reception_yds,Tyler Warren,00-0040128,IND,47.5,-114,-110,2026-09-12 15:12:49.494129+00:00,35.47197,28.5,0.2777,2026-09-12 15:12:54.202866+00:00,,
2026,1,2026_01_BAL_IND,IND,BAL,2026-09-13 17:00:00+00:00,b6cfdcbafa61ce220ba87dc2d9b80c77,draftkings,player_reception_yds,Josh Downs,00-0038997,IND,44.5,-109,-115,2026-09-12 15:12:49.494129+00:00,42.212695,32.7,0.3717,2026-09-12 15:12:54.314104+00:00,,
2026,1,2026_01_BAL_IND,IND,BAL,2026-09-13 17:00:00+00:00,b6cfdcbafa61ce220ba87dc2d9b80c77,draftkings,player_reception_yds,Alec Pierce,00-0037664,IND,43.5,-114,-110,2026-09-12 15:12:49.494129+00:00,68.51484000000002,54.7,0.58305,2026-09-12 15:12:54.424625+00:00,,
2026,1,2026_01_BAL_IND,IND,BAL,2026-09-13 17:00:00+00:00,b6cfdcbafa61ce220ba87dc2d9b80c77,draftkings,player_reception_yds,Mark Andrews,00-0034753,BAL,34.5,-109,-115,2026-09-12 15:12:49.494129+00:00,32.65799499999999,25.6,0.37895,2026-09-12 15:12:54.535201+00:00,,
2026,1,2026_01_BAL_IND,IND,BAL,2026-09-13 17:00:00+00:00,b6cfdcbafa61ce220ba87dc2d9b80c77,draftkings,player_reception_yds,Keenan Allen,00-0030279,IND,27.5,-113,-111,2026-09-12 15:12:49.494129+00:00,35.15253,28.1,0.50745,2026-09-12 15:12:54.647388+00:00,,
2026,1,2026_01_BAL_IND,IND,BAL,2026-09-13 17:00:00+00:00,b6cfdcbafa61ce220ba87dc2d9b80c77,draftkings,player_reception_yds,Rashod Bateman,00-0036550,BAL,27.5,-109,-115,2026-09-12 15:12:49.494129+00:00,26.48966,17.6,0.36565,2026-09-12 15:12:54.757850+00:00,,
2026,1,2026_01_BAL_IND,IND,BAL,2026-09-13 17:00:00+00:00,b6cfdcbafa61ce220ba87dc2d9b80c77,draftkings,player_reception_yds,Ja'Kobi Lane,00-0040870,BAL,20.5,-113,-111,2026-09-12 15:12:49.494129+00:00,18.176455,7.4,0.30965,2026-09-12 15:12:54.849472+00:00,,
2026,1,2026_01_BAL_IND,IND,BAL,2026-09-13 17:00:00+00:00,b6cfdcbafa61ce220ba87dc2d9b80c77,draftkings,player_reception_yds,Jonathan Taylor,00-0036223,IND,17.5,-115,-109,2026-09-12 15:12:49.494129+00:00,38.531095,28.4,0.63195,2026-09-12 15:12:54.961716+00:00,,
2026,1,2026_01_BAL_IND,IND,BAL,2026-09-13 17:00:00+00:00,b6cfdcbafa61ce220ba87dc2d9b80c77,draftkings,player_reception_yds,Justice Hill,00-0034975,BAL,10.5,-115,-109,2026-09-12 15:12:49.494129+00:00,9.37561,4.3,0.31565,2026-09-12 15:12:55.071178+00:00,,
2026,1,2026_01_BAL_IND,IND,BAL,2026-09-13 17:00:00+00:00,b6cfdcbafa61ce220ba87dc2d9b80c77,draftkings,player_reception_yds,Derrick Henry,00-0032764,BAL,6.5,-107,-117,2026-09-12 15:12:49.494129+00:00,9.111825,4.1,0.4198,2026-09-12 15:12:55.182372+00:00,,
2026,1,2026_01_BAL_IND,IND,BAL,2026-09-13 17:00:00+00:00,b6cfdcbafa61ce220ba87dc2d9b80c77,draftkings,player_rush_yds,Derrick Henry,00-0032764,BAL,80.5,-112,-112,2026-09-12 15:12:49.494129+00:00,85.71239,78.1,0.4804,2026-09-12 15:12:55.283097+00:00,,
2026,1,2026_01_BAL_IND,IND,BAL,2026-09-13 17:00:00+00:00,b6cfdcbafa61ce220ba87dc2d9b80c77,draftkings,player_rush_yds,Jonathan Taylor,00-0036223,IND,76.5,-113,-111,2026-09-12 15:12:49.494129+00:00,79.9507,72.7,0.46545,2026-09-12 15:12:55.387311+00:00,,
2026,1,2026_01_BAL_IND,IND,BAL,2026-09-13 17:00:00+00:00,b6cfdcbafa61ce220ba87dc2d9b80c77,draftkings,player_rush_yds,Lamar Jackson,00-0034796,BAL,40.5,-109,-115,2026-09-12 15:12:49.494129+00:00,32.46911,25.0,0.305,2026-09-12 15:12:55.488947+00:00,,
2026,1,2026_01_BAL_IND,IND,BAL,2026-09-13 17:00:00+00:00,b6cfdcbafa61ce220ba87dc2d9b80c77,draftkings,player_rush_yds,Daniel Jones,00-0035710,IND,12.5,-115,-109,2026-09-12 15:12:49.494129+00:00,13.917654999999998,9.0,0.4048,2026-09-12 15:12:55.592745+00:00,,
2026,1,2026_01_BAL_IND,IND,BAL,2026-09-13 17:00:00+00:00,b6cfdcbafa61ce220ba87dc2d9b80c77,draftkings,player_rush_yds,Justice Hill,00-0034975,BAL,8.5,-115,-109,2026-09-12 15:12:49.494129+00:00,29.212635,22.1,0.7497,2026-09-12 15:12:55.694845+00:00,,
2026,1,2026_01_BAL_IND,IND,BAL,2026-09-13 17:00:00+00:00,b6cfdcbafa61ce220ba87dc2d9b80c77,betrivers,player_reception_yds,Rashod Bateman,00-0036550,BAL,26.5,-113,-118,2026-09-12 15:12:49.494129+00:00,26.48966,17.6,0.3774,2026-09-12 15:12:55.695304+00:00,,
2026,1,2026_01_BAL_IND,IND,BAL,2026-09-13 17:00:00+00:00,b6cfdcbafa61ce220ba87dc2d9b80c77,betrivers,player_reception_yds,Ja'Kobi Lane,00-0040870,BAL,19.5,-115,-114,2026-09-12 15:12:49.494129+00:00,18.176455,7.4,0.31995,2026-09-12 15:12:55.695669+00:00,,
2026,1,2026_01_BAL_IND,IND,BAL,2026-09-13 17:00:00+00:00,b6cfdcbafa61ce220ba87dc2d9b80c77,betrivers,player_reception_yds,Jonathan Taylor,00-0036223,IND,17.5,-118,-113,2026-09-12 15:12:49.494129+00:00,38.531095,28.4,0.63195,2026-09-12 15:12:55.696070+00:00,,
2026,1,2026_01_BAL_IND,IND,BAL,2026-09-13 17:00:00+00:00,b6cfdcbafa61ce220ba87dc2d9b80c77,betrivers,player_reception_yds,Zay Flowers,00-0039064,BAL,65.5,-117,-114,2026-09-12 15:12:49.494129+00:00,61.394335,48.9,0.3732,2026-09-12 15:12:55.696484+00:00,,
2026,1,2026_01_BAL_IND,IND,BAL,2026-09-13 17:00:00+00:00,b6cfdcbafa61ce220ba87dc2d9b80c77,betrivers,player_reception_yds,Mark Andrews,00-0034753,BAL,35.5,-115,-115,2026-09-12 15:12:49.494129+00:00,32.65799499999999,25.6,0.3665,2026-09-12 15:12:55.696894+00:00,,
2026,1,2026_01_BAL_IND,IND,BAL,2026-09-13 17:00:00+00:00,b6cfdcbafa61ce220ba87dc2d9b80c77,betrivers,player_reception_yds,Josh Downs,00-0038997,IND,46.5,-114,-117,2026-09-12 15:12:49.494129+00:00,42.212695,32.7,0.35215,2026-09-12 15:12:55.697343+00:00,,
2026,1,2026_01_BAL_IND,IND,BAL,2026-09-13 17:00:00+00:00,b6cfdcbafa61ce220ba87dc2d9b80c77,betrivers,player_reception_yds,Tyler Warren,00-0040128,IND,48.5,-114,-117,2026-09-12 15:12:49.494129+00:00,35.47197,28.5,0.2681,2026-09-12 15:12:55.697771+00:00,,
2026,1,2026_01_BAL_IND,IND,BAL,2026-09-13 17:00:00+00:00,b6cfdcbafa61ce220ba87dc2d9b80c77,betrivers,player_reception_yds,Justice Hill,00-0034975,BAL,11.5,-121,-110,2026-09-12 15:12:49.494129+00:00,9.37561,4.3,0.2951,2026-09-12 15:12:55.698174+00:00,,
2026,1,2026_01_BAL_IND,IND,BAL,2026-09-13 17:00:00+00:00,b6cfdcbafa61ce220ba87dc2d9b80c77,betrivers,player_reception_yds,Derrick Henry,00-0032764,BAL,6.5,-124,-108,2026-09-12 15:12:49.494129+00:00,9.111825,4.1,0.4198,2026-09-12 15:12:55.698572+00:00,,
2026,1,2026_01_BAL_IND,IND,BAL,2026-09-13 17:00:00+00:00,b6cfdcbafa61ce220ba87dc2d9b80c77,betrivers,player_reception_yds,Alec Pierce,00-0037664,IND,44.5,-115,-115,2026-09-12 15:12:49.494129+00:00,68.51484000000002,54.7,0.576,2026-09-12 15:12:55.698974+00:00,,
2026,1,2026_01_BAL_IND,IND,BAL,2026-09-13 17:00:00+00:00,b6cfdcbafa61ce220ba87dc2d9b80c77,betrivers,player_reception_yds,Keenan Allen,00-0030279,IND,27.5,-112,-118,2026-09-12 15:12:49.494129+00:00,35.15253,28.1,0.50745,2026-09-12 15:12:55.699326+00:00,,
2026,1,2026_01_BAL_IND,IND,BAL,2026-09-13 17:00:00+00:00,b6cfdcbafa61ce220ba87dc2d9b80c77,betrivers,player_rush_yds,Derrick Henry,00-0032764,BAL,79.5,-115,-115,2026-09-12 15:12:49.494129+00:00,85.71239,78.1,0.48865,2026-09-12 15:12:55.699752+00:00,,
2026,1,2026_01_BAL_IND,IND,BAL,2026-09-13 17:00:00+00:00,b6cfdcbafa61ce220ba87dc2d9b80c77,betrivers,player_rush_yds,Lamar Jackson,00-0034796,BAL,37.5,-114,-117,2026-09-12 15:12:49.494129+00:00,32.46911,25.0,0.3369,2026-09-12 15:12:55.700141+00:00,,
2026,1,2026_01_BAL_IND,IND,BAL,2026-09-13 17:00:00+00:00,b6cfdcbafa61ce220ba87dc2d9b80c77,betrivers,player_rush_yds,Jonathan Taylor,00-0036223,IND,75.5,-113,-118,2026-09-12 15:12:49.494129+00:00,79.9507,72.7,0.4748,2026-09-12 15:12:55.700585+00:00,,
2026,1,2026_01_BAL_IND,IND,BAL,2026-09-13 17:00:00+00:00,b6cfdcbafa61ce220ba87dc2d9b80c77,betrivers,player_rush_yds,Justice Hill,00-0034975,BAL,9.5,-113,-118,2026-09-12 15:12:49.494129+00:00,29.212635,22.1,0.73,2026-09-12 15:12:55.700996+00:00,,
2026,1,2026_01_BAL_IND,IND,BAL,2026-09-13 17:00:00+00:00,b6cfdcbafa61ce220ba87dc2d9b80c77,betonlineag,player_reception_yds,Zay Flowers,00-0039064,BAL,63.5,-109,-119,2026-09-12 15:12:49.494129+00:00,61.394335,48.9,0.3869,2026-09-12 15:12:55.701401+00:00,,
2026,1,2026_01_BAL_IND,IND,BAL,2026-09-13 17:00:00+00:00,b6cfdcbafa61ce220ba87dc2d9b80c77,betonlineag,player_reception_yds,Jonathan Taylor,00-0036223,IND,16.5,-112,-115,2026-09-12 15:12:49.494129+00:00,38.531095,28.4,0.64485,2026-09-12 15:12:55.701796+00:00,,
2026,1,2026_01_BAL_IND,IND,BAL,2026-09-13 17:00:00+00:00,b6cfdcbafa61ce220ba87dc2d9b80c77,betonlineag,player_reception_yds,Rashod Bateman,00-0036550,BAL,25.5,-114,-114,2026-09-12 15:12:49.494129+00:00,26.48966,17.6,0.3898,2026-09-12 15:12:55.702195+00:00,,
2026,1,2026_01_BAL_IND,IND,BAL,2026-09-13 17:00:00+00:00,b6cfdcbafa61ce220ba87dc2d9b80c77,betonlineag,player_reception_yds,Ja'Kobi Lane,00-0040870,BAL,19.5,-118,-110,2026-09-12 15:12:49.494129+00:00,18.176455,7.4,0.31995,2026-09-12 15:12:55.702536+00:00,,
2026,1,2026_01_BAL_IND,IND,BAL,2026-09-13 17:00:00+00:00,b6cfdcbafa61ce220ba87dc2d9b80c77,betonlineag,player_reception_yds,Justice Hill,00-0034975,BAL,11.5,100,-130,2026-09-12 15:12:49.494129+00:00,9.37561,4.3,0.2951,2026-09-12 15:12:55.702927+00:00,,
2026,1,2026_01_BAL_IND,IND,BAL,2026-09-13 17:00:00+00:00,b6cfdcbafa61ce220ba87dc2d9b80c77,betonlineag,player_reception_yds,Josh Downs,00-0038997,IND,46.5,-114,-114,2026-09-12 15:12:49.494129+00:00,42.212695,32.7,0.35215,2026-09-12 15:12:55.703342+00:00,,
2026,1,2026_01_BAL_IND,IND,BAL,2026-09-13 17:00:00+00:00,b6cfdcbafa61ce220ba87dc2d9b80c77,betonlineag,player_reception_yds,Tyler Warren,00-0040128,IND,47.5,-114,-114,2026-09-12 15:12:49.494129+00:00,35.47197,28.5,0.2777,2026-09-12 15:12:55.703750+00:00,,
2026,1,2026_01_BAL_IND,IND,BAL,2026-09-13 17:00:00+00:00,b6cfdcbafa61ce220ba87dc2d9b80c77,betonlineag,player_reception_yds,Keenan Allen,00-0030279,IND,26.5,-115,-112,2026-09-12 15:12:49.494129+00:00,35.15253,28.1,0.52145,2026-09-12 15:12:55.704090+00:00,,
2026,1,2026_01_BAL_IND,IND,BAL,2026-09-13 17:00:00+00:00,b6cfdcbafa61ce220ba87dc2d9b80c77,betonlineag,player_reception_yds,Derrick Henry,00-0032764,BAL,7.5,-114,-114,2026-09-12 15:12:49.494129+00:00,9.111825,4.1,0.39045,2026-09-12 15:12:55.704478+00:00,,
2026,1,2026_01_BAL_IND,IND,BAL,2026-09-13 17:00:00+00:00,b6cfdcbafa61ce220ba87dc2d9b80c77,betonlineag,player_reception_yds,Mark Andrews,00-0034753,BAL,36.5,-114,-114,2026-09-12 15:12:49.494129+00:00,32.65799499999999,25.6,0.35495,2026-09-12 15:12:55.704862+00:00,,
2026,1,2026_01_BAL_IND,IND,BAL,2026-09-13 17:00:00+00:00,b6cfdcbafa61ce220ba87dc2d9b80c77,betonlineag,player_reception_yds,Alec Pierce,00-0037664,IND,42.5,-108,-120,2026-09-12 15:12:49.494129+00:00,68.51484000000002,54.7,0.5906,2026-09-12 15:12:55.705239+00:00,,
2026,1,2026_01_BAL_IND,IND,BAL,2026-09-13 17:00:00+00:00,b6cfdcbafa61ce220ba87dc2d9b80c77,betonlineag,player_rush_yds,Jonathan Taylor,00-0036223,IND,76.5,-114,-114,2026-09-12 15:12:49.494129+00:00,79.9507,72.7,0.46545,2026-09-12 15:12:55.705631+00:00,,
2026,1,2026_01_BAL_IND,IND,BAL,2026-09-13 17:00:00+00:00,b6cfdcbafa61ce220ba87dc2d9b80c77,betonlineag,player_rush_yds,Derrick Henry,00-0032764,BAL,80.5,-112,-115,2026-09-12 15:12:49.494129+00:00,85.71239,78.1,0.4804,2026-09-12 15:12:55.706038+00:00,,
2026,1,2026_01_BAL_IND,IND,BAL,2026-09-13 17:00:00+00:00,b6cfdcbafa61ce220ba87dc2d9b80c77,betonlineag,player_rush_yds,Justice Hill,00-0034975,BAL,8.5,-118,-110,2026-09-12 15:12:49.494129+00:00,29.212635,22.1,0.7497,2026-09-12 15:12:55.706430+00:00,,
2026,1,2026_01_BAL_IND,IND,BAL,2026-09-13 17:00:00+00:00,b6cfdcbafa61ce220ba87dc2d9b80c77,betonlineag,player_rush_yds,Daniel Jones,00-0035710,IND,12.5,-118,-110,2026-09-12 15:12:49.494129+00:00,13.917654999999998,9.0,0.4048,2026-09-12 15:12:55.706839+00:00,,
2026,1,2026_01_BAL_IND,IND,BAL,2026-09-13 17:00:00+00:00,b6cfdcbafa61ce220ba87dc2d9b80c77,betonlineag,player_rush_yds,Lamar Jackson,00-0034796,BAL,40.5,-114,-114,2026-09-12 15:12:49.494129+00:00,32.46911,25.0,0.305,2026-09-12 15:12:55.707195+00:00,,
2026,1,2026_01_BAL_IND,IND,BAL,2026-09-13 17:00:00+00:00,b6cfdcbafa61ce220ba87dc2d9b80c77,fanduel,player_reception_yds,Josh Downs,00-0038997,IND,46.5,-114,-114,2026-09-12 15:12:49.494129+00:00,42.212695,32.7,0.35215,2026-09-12 15:12:55.707597+00:00,,
2026,1,2026_01_BAL_IND,IND,BAL,2026-09-13 17:00:00+00:00,b6cfdcbafa61ce220ba87dc2d9b80c77,fanduel,player_reception_yds,Keenan Allen,00-0030279,IND,26.5,-114,-114,2026-09-12 15:12:49.494129+00:00,35.15253,28.1,0.52145,2026-09-12 15:12:55.707936+00:00,,
2026,1,2026_01_BAL_IND,IND,BAL,2026-09-13 17:00:00+00:00,b6cfdcbafa61ce220ba87dc2d9b80c77,fanduel,player_reception_yds,Rashod Bateman,00-0036550,BAL,25.5,-114,-114,2026-09-12 15:12:49.494129+00:00,26.48966,17.6,0.3898,2026-09-12 15:12:55.708340+00:00,,
2026,1,2026_01_BAL_IND,IND,BAL,2026-09-13 17:00:00+00:00,b6cfdcbafa61ce220ba87dc2d9b80c77,fanduel,player_reception_yds,Zay Flowers,00-0039064,BAL,63.5,-114,-114,2026-09-12 15:12:49.494129+00:00,61.394335,48.9,0.3869,2026-09-12 15:12:55.708731+00:00,,
2026,1,2026_01_BAL_IND,IND,BAL,2026-09-13 17:00:00+00:00,b6cfdcbafa61ce220ba87dc2d9b80c77,fanduel,player_reception_yds,Alec Pierce,00-0037664,IND,43.5,-114,-114,2026-09-12 15:12:49.494129+00:00,68.51484000000002,54.7,0.58305,2026-09-12 15:12:55.709108+00:00,,
2026,1,2026_01_BAL_IND,IND,BAL,2026-09-13 17:00:00+00:00,b6cfdcbafa61ce220ba87dc2d9b80c77,fanduel,player_reception_yds,Tyler Warren,00-0040128,IND,45.5,-114,-114,2026-09-12 15:12:49.494129+00:00,35.47197,28.5,0.2968,2026-09-12 15:12:55.709526+00:00,,
2026,1,2026_01_BAL_IND,IND,BAL,2026-09-13 17:00:00+00:00,b6cfdcbafa61ce220ba87dc2d9b80c77,fanduel,player_reception_yds,Justice Hill,00-0034975,BAL,11.5,-114,-114,2026-09-12 15:12:49.494129+00:00,9.37561,4.3,0.2951,2026-09-12 15:12:55.709922+00:00,,
2026,1,2026_01_BAL_IND,IND,BAL,2026-09-13 17:00:00+00:00,b6cfdcbafa61ce220ba87dc2d9b80c77,fanduel,player_reception_yds,Ja'Kobi Lane,00-0040870,BAL,19.5,-114,-114,2026-09-12 15:12:49.494129+00:00,18.176455,7.4,0.31995,2026-09-12 15:12:55.710268+00:00,,
2026,1,2026_01_BAL_IND,IND,BAL,2026-09-13 17:00:00+00:00,b6cfdcbafa61ce220ba87dc2d9b80c77,fanduel,player_reception_yds,Derrick Henry,00-0032764,BAL,7.5,-114,-114,2026-09-12 15:12:49.494129+00:00,9.111825,4.1,0.39045,2026-09-12 15:12:55.710647+00:00,,
2026,1,2026_01_BAL_IND,IND,BAL,2026-09-13 17:00:00+00:00,b6cfdcbafa61ce220ba87dc2d9b80c77,fanduel,player_reception_yds,Jonathan Taylor,00-0036223,IND,19.5,-114,-114,2026-09-12 15:12:49.494129+00:00,38.531095,28.4,0.6086,2026-09-12 15:12:55.711025+00:00,,
2026,1,2026_01_BAL_IND,IND,BAL,2026-09-13 17:00:00+00:00,b6cfdcbafa61ce220ba87dc2d9b80c77,fanduel,player_reception_yds,Mark Andrews,00-0034753,BAL,36.5,-114,-114,2026-09-12 15:12:49.494129+00:00,32.65799499999999,25.6,0.35495,2026-09-12 15:12:55.711404+00:00,,
2026,1,2026_01_BAL_IND,IND,BAL,2026-09-13 17:00:00+00:00,b6cfdcbafa61ce220ba87dc2d9b80c77,fanduel,player_rush_yds,Derrick Henry,00-0032764,BAL,78.5,-114,-114,2026-09-12 15:12:49.494129+00:00,85.71239,78.1,0.49625,2026-09-12 15:12:55.711795+00:00,,
2026,1,2026_01_BAL_IND,IND,BAL,2026-09-13 17:00:00+00:00,b6cfdcbafa61ce220ba87dc2d9b80c77,fanduel,player_rush_yds,Lamar Jackson,00-0034796,BAL,40.5,-114,-114,2026-09-12 15:12:49.494129+00:00,32.46911,25.0,0.305,2026-09-12 15:12:55.712144+00:00,,
2026,1,2026_01_BAL_IND,IND,BAL,2026-09-13 17:00:00+00:00,b6cfdcbafa61ce220ba87dc2d9b80c77,fanduel,player_rush_yds,Jonathan Taylor,00-0036223,IND,76.5,-114,-114,2026-09-12 15:12:49.494129+00:00,79.9507,72.7,0.46545,2026-09-12 15:12:55.712536+00:00,,
2026,1,2026_01_BAL_IND,IND,BAL,2026-09-13 17:00:00+00:00,b6cfdcbafa61ce220ba87dc2d9b80c77,fanduel,player_rush_yds,Daniel Jones,00-0035710,IND,10.5,-114,-114,2026-09-12 15:12:49.494129+00:00,13.917654999999998,9.0,0.4539,2026-09-12 15:12:55.712948+00:00,,
2026,1,2026_01_BAL_IND,IND,BAL,2026-09-13 17:00:00+00:00,b6cfdcbafa61ce220ba87dc2d9b80c77,fanduel,player_rush_yds,Justice Hill,00-0034975,BAL,8.5,-114,-114,2026-09-12 15:12:49.494129+00:00,29.212635,22.1,0.7497,2026-09-12 15:12:55.713343+00:00,,
2026,1,2026_01_BAL_IND,IND,BAL,2026-09-13 17:00:00+00:00,b6cfdcbafa61ce220ba87dc2d9b80c77,betmgm,player_reception_yds,Derrick Henry,00-0032764,BAL,6.5,-111,-120,2026-09-12 15:12:49.494129+00:00,9.111825,4.1,0.4198,2026-09-12 15:12:55.713723+00:00,,
2026,1,2026_01_BAL_IND,IND,BAL,2026-09-13 17:00:00+00:00,b6cfdcbafa61ce220ba87dc2d9b80c77,betmgm,player_reception_yds,Justice Hill,00-0034975,BAL,12.5,-115,-115,2026-09-12 15:12:49.494129+00:00,9.37561,4.3,0.2729,2026-09-12 15:12:55.714153+00:00,,
2026,1,2026_01_BAL_IND,IND,BAL,2026-09-13 17:00:00+00:00,b6cfdcbafa61ce220ba87dc2d9b80c77,betmgm,player_reception_yds,Ja'Kobi Lane,00-0040870,BAL,22.5,-115,-115,2026-09-12 15:12:49.494129+00:00,18.176455,7.4,0.28905,2026-09-12 15:12:55.714493+00:00,,
2026,1,2026_01_BAL_IND,IND,BAL,2026-09-13 17:00:00+00:00,b6cfdcbafa61ce220ba87dc2d9b80c77,betmgm,player_reception_yds,Rashod Bateman,00-0036550,BAL,25.5,-115,-115,2026-09-12 15:12:49.494129+00:00,26.48966,17.6,0.3898,2026-09-12 15:12:55.714894+00:00,,
2026,1,2026_01_BAL_IND,IND,BAL,2026-09-13 17:00:00+00:00,b6cfdcbafa61ce220ba87dc2d9b80c77,betmgm,player_reception_yds,Tyler Warren,00-0040128,IND,48.5,-115,-115,2026-09-12 15:12:49.494129+00:00,35.47197,28.5,0.2681,2026-09-12 15:12:55.715302+00:00,,
2026,1,2026_01_BAL_IND,IND,BAL,2026-09-13 17:00:00+00:00,b6cfdcbafa61ce220ba87dc2d9b80c77,betmgm,player_reception_yds,Zay Flowers,00-0039064,BAL,64.5,-115,-115,2026-09-12 15:12:49.494129+00:00,61.394335,48.9,0.38015,2026-09-12 15:12:55.715689+00:00,,
2026,1,2026_01_BAL_IND,IND,BAL,2026-09-13 17:00:00+00:00,b6cfdcbafa61ce220ba87dc2d9b80c77,betmgm,player_reception_yds,Keenan Allen,00-0030279,IND,30.5,-115,-115,2026-09-12 15:12:49.494129+00:00,35.15253,28.1,0.46615,2026-09-12 15:12:55.716033+00:00,,
2026,1,2026_01_BAL_IND,IND,BAL,2026-09-13 17:00:00+00:00,b6cfdcbafa61ce220ba87dc2d9b80c77,betmgm,player_reception_yds,Josh Downs,00-0038997,IND,47.5,-115,-115,2026-09-12 15:12:49.494129+00:00,42.212695,32.7,0.34245,2026-09-12 15:12:55.716444+00:00,,
2026,1,2026_01_BAL_IND,IND,BAL,2026-09-13 17:00:00+00:00,b6cfdcbafa61ce220ba87dc2d9b80c77,betmgm,player_reception_yds,Jonathan Taylor,00-0036223,IND,16.5,-120,-110,2026-09-12 15:12:49.494129+00:00,38.531095,28.4,0.64485,2026-09-12 15:12:55.716820+00:00,,
2026,1,2026_01_BAL_IND,IND,BAL,2026-09-13 17:00:00+00:00,b6cfdcbafa61ce220ba87dc2d9b80c77,betmgm,player_rush_yds,Daniel Jones,00-0035710,IND,11.5,-115,-115,2026-09-12 15:12:49.494129+00:00,13.917654999999998,9.0,0.42845,2026-09-12 15:12:55.717224+00:00,,
2026,1,2026_01_BAL_IND,IND,BAL,2026-09-13 17:00:00+00:00,b6cfdcbafa61ce220ba87dc2d9b80c77,betmgm,player_rush_yds,Derrick Henry,00-0032764,BAL,78.5,-115,-115,2026-09-12 15:12:49.494129+00:00,85.71239,78.1,0.49625,2026-09-12 15:12:55.717613+00:00,,
2026,1,2026_01_BAL_IND,IND,BAL,2026-09-13 17:00:00+00:00,b6cfdcbafa61ce220ba87dc2d9b80c77,betmgm,player_rush_yds,Jonathan Taylor,00-0036223,IND,76.5,-115,-115,2026-09-12 15:12:49.494129+00:00,79.9507,72.7,0.46545,2026-09-12 15:12:55.717999+00:00,,
2026,1,2026_01_BAL_IND,IND,BAL,2026-09-13 17:00:00+00:00,b6cfdcbafa61ce220ba87dc2d9b80c77,betmgm,player_rush_yds,Lamar Jackson,00-0034796,BAL,37.5,-135,100,2026-09-12 15:12:49.494129+00:00,32.46911,25.0,0.3369,2026-09-12 15:12:55.718346+00:00,,
2026,1,2026_01_BAL_IND,IND,BAL,2026-09-13 17:00:00+00:00,b6cfdcbafa61ce220ba87dc2d9b80c77,betmgm,player_rush_yds,Justice Hill,00-0034975,BAL,8.5,-120,-110,2026-09-12 15:12:49.494129+00:00,29.212635,22.1,0.7497,2026-09-12 15:12:55.718739+00:00,,
2026,1,2026_01_BAL_IND,IND,BAL,2026-09-13 17:00:00+00:00,b6cfdcbafa61ce220ba87dc2d9b80c77,bovada,player_reception_yds,Alec Pierce,00-0037664,IND,43.5,-115,-115,2026-09-12 15:12:49.494129+00:00,68.51484000000002,54.7,0.58305,2026-09-12 15:12:55.719120+00:00,,
2026,1,2026_01_BAL_IND,IND,BAL,2026-09-13 17:00:00+00:00,b6cfdcbafa61ce220ba87dc2d9b80c77,bovada,player_reception_yds,Derrick Henry,00-0032764,BAL,6.5,-110,-120,2026-09-12 15:12:49.494129+00:00,9.111825,4.1,0.4198,2026-09-12 15:12:55.719504+00:00,,
2026,1,2026_01_BAL_IND,IND,BAL,2026-09-13 17:00:00+00:00,b6cfdcbafa61ce220ba87dc2d9b80c77,bovada,player_reception_yds,Ja'Kobi Lane,00-0040870,BAL,20.5,-115,-115,2026-09-12 15:12:49.494129+00:00,18.176455,7.4,0.30965,2026-09-12 15:12:55.719840+00:00,,
2026,1,2026_01_BAL_IND,IND,BAL,2026-09-13 17:00:00+00:00,b6cfdcbafa61ce220ba87dc2d9b80c77,bovada,player_reception_yds,Jonathan Taylor,00-0036223,IND,17.5,-120,-110,2026-09-12 15:12:49.494129+00:00,38.531095,28.4,0.63195,2026-09-12 15:12:55.720216+00:00,,
2026,1,2026_01_BAL_IND,IND,BAL,2026-09-13 17:00:00+00:00,b6cfdcbafa61ce220ba87dc2d9b80c77,bovada,player_reception_yds,Josh Downs,00-0038997,IND,44.5,-110,-120,2026-09-12 15:12:49.494129+00:00,42.212695,32.7,0.3717,2026-09-12 15:12:55.720623+00:00,,
2026,1,2026_01_BAL_IND,IND,BAL,2026-09-13 17:00:00+00:00,b6cfdcbafa61ce220ba87dc2d9b80c77,bovada,player_reception_yds,Justice Hill,00-0034975,BAL,10.5,-120,-110,2026-09-12 15:12:49.494129+00:00,9.37561,4.3,0.31565,2026-09-12 15:12:55.721005+00:00,,
2026,1,2026_01_BAL_IND,IND,BAL,2026-09-13 17:00:00+00:00,b6cfdcbafa61ce220ba87dc2d9b80c77,bovada,player_reception_yds,Mark Andrews,00-0034753,BAL,34.5,-110,-120,2026-09-12 15:12:49.494129+00:00,32.65799499999999,25.6,0.37895,2026-09-12 15:12:55.721385+00:00,,
2026,1,2026_01_BAL_IND,IND,BAL,2026-09-13 17:00:00+00:00,b6cfdcbafa61ce220ba87dc2d9b80c77,bovada,player_reception_yds,Rashod Bateman,00-0036550,BAL,27.5,-110,-120,2026-09-12 15:12:49.494129+00:00,26.48966,17.6,0.36565,2026-09-12 15:12:55.721785+00:00,,
2026,1,2026_01_BAL_IND,IND,BAL,2026-09-13 17:00:00+00:00,b6cfdcbafa61ce220ba87dc2d9b80c77,bovada,player_reception_yds,Tyler Warren,00-0040128,IND,47.5,-115,-115,2026-09-12 15:12:49.494129+00:00,35.47197,28.5,0.2777,2026-09-12 15:12:55.722189+00:00,,
2026,1,2026_01_BAL_IND,IND,BAL,2026-09-13 17:00:00+00:00,b6cfdcbafa61ce220ba87dc2d9b80c77,bovada,player_reception_yds,Zay Flowers,00-0039064,BAL,66.5,-115,-115,2026-09-12 15:12:49.494129+00:00,61.394335,48.9,0.36655,2026-09-12 15:12:55.722581+00:00,,
2026,1,2026_01_BAL_IND,IND,BAL,2026-09-13 17:00:00+00:00,b6cfdcbafa61ce220ba87dc2d9b80c77,bovada,player_rush_yds,Daniel Jones,00-0035710,IND,12.5,-120,-110,2026-09-12 15:12:49.494129+00:00,13.917654999999998,9.0,0.4048,2026-09-12 15:12:55.722987+00:00,,
2026,1,2026_01_BAL_IND,IND,BAL,2026-09-13 17:00:00+00:00,b6cfdcbafa61ce220ba87dc2d9b80c77,bovada,player_rush_yds,Derrick Henry,00-0032764,BAL,80.5,-115,-115,2026-09-12 15:12:49.494129+00:00,85.71239,78.1,0.4804,2026-09-12 15:12:55.723376+00:00,,
2026,1,2026_01_BAL_IND,IND,BAL,2026-09-13 17:00:00+00:00,b6cfdcbafa61ce220ba87dc2d9b80c77,bovada,player_rush_yds,Jonathan Taylor,00-0036223,IND,76.5,-115,-115,2026-09-12 15:12:49.494129+00:00,79.9507,72.7,0.46545,2026-09-12 15:12:55.723762+00:00,,
2026,1,2026_01_BAL_IND,IND,BAL,2026-09-13 17:00:00+00:00,b6cfdcbafa61ce220ba87dc2d9b80c77,bovada,player_rush_yds,Justice Hill,00-0034975,BAL,8.5,-120,-110,2026-09-12 15:12:49.494129+00:00,29.212635,22.1,0.7497,2026-09-12 15:12:55.724154+00:00,,
2026,1,2026_01_BAL_IND,IND,BAL,2026-09-13 17:00:00+00:00,b6cfdcbafa61ce220ba87dc2d9b80c77,bovada,player_rush_yds,Lamar Jackson,00-0034796,BAL,40.5,-110,-120,2026-09-12 15:12:49.494129+00:00,32.46911,25.0,0.305,2026-09-12 15:12:55.724506+00:00,,
2026,1,2026_01_BUF_HOU,HOU,BUF,2026-09-13 17:00:00+00:00,7e09efed7e12c659b82740b67ce2f9a1,draftkings,player_reception_yds,Nico Collins,00-0036554,HOU,69.5,-111,-113,2026-09-12 15:12:49.712965+00:00,81.991215,72.8,0.52355,2026-09-12 15:12:55.841114+00:00,,
2026,1,2026_01_BUF_HOU,HOU,BUF,2026-09-13 17:00:00+00:00,7e09efed7e12c659b82740b67ce2f9a1,draftkings,player_reception_yds,DJ Moore,00-0034827,BUF,47.5,-114,-110,2026-09-12 15:12:49.712965+00:00,40.421265000000005,29.6,0.32255,2026-09-12 15:12:55.958615+00:00,,
2026,1,2026_01_BUF_HOU,HOU,BUF,2026-09-13 17:00:00+00:00,7e09efed7e12c659b82740b67ce2f9a1,draftkings,player_reception_yds,Dalton Kincaid,00-0038933,BUF,36.5,-112,-112,2026-09-12 15:12:49.712965+00:00,38.950235,28.4,0.4119,2026-09-12 15:12:56.074046+00:00,,
2026,1,2026_01_BUF_HOU,HOU,BUF,2026-09-13 17:00:00+00:00,7e09efed7e12c659b82740b67ce2f9a1,draftkings,player_reception_yds,Khalil Shakir,00-0037261,BUF,35.5,-111,-113,2026-09-12 15:12:49.712965+00:00,38.87647,30.4,0.4352,2026-09-12 15:12:56.188774+00:00,,
2026,1,2026_01_BUF_HOU,HOU,BUF,2026-09-13 17:00:00+00:00,7e09efed7e12c659b82740b67ce2f9a1,draftkings,player_reception_yds,Dalton Schultz,00-0034383,HOU,34.5,-111,-113,2026-09-12 15:12:49.712965+00:00,35.9525,29.3,0.4278,2026-09-12 15:12:56.299800+00:00,,
2026,1,2026_01_BUF_HOU,HOU,BUF,2026-09-13 17:00:00+00:00,7e09efed7e12c659b82740b67ce2f9a1,draftkings,player_reception_yds,Kayshon Boutte,00-0038608,HOU,27.5,-110,-114,2026-09-12 15:12:49.712965+00:00,49.512765,40.1,0.63995,2026-09-12 15:12:56.411224+00:00,,
2026,1,2026_01_BUF_HOU,HOU,BUF,2026-09-13 17:00:00+00:00,7e09efed7e12c659b82740b67ce2f9a1,draftkings,player_reception_yds,James Cook,00-0037248,BUF,20.5,-113,-111,2026-09-12 15:12:49.712965+00:00,14.845679999999998,9.6,0.256,2026-09-12 15:12:56.525483+00:00,,
2026,1,2026_01_BUF_HOU,HOU,BUF,2026-09-13 17:00:00+00:00,7e09efed7e12c659b82740b67ce2f9a1,draftkings,player_reception_yds,Xavier Hutchinson,00-0038618,HOU,17.5,-109,-115,2026-09-12 15:12:49.712965+00:00,28.23249,19.1,0.52315,2026-09-12 15:12:56.638689+00:00,,
2026,1,2026_01_BUF_HOU,HOU,BUF,2026-09-13 17:00:00+00:00,7e09efed7e12c659b82740b67ce2f9a1,draftkings,player_reception_yds,Jaylin Noel,00-0040138,HOU,13.5,-111,-112,2026-09-12 15:12:49.712965+00:00,17.18594,8.1,0.4006,2026-09-12 15:12:56.750375+00:00,,
2026,1,2026_01_BUF_HOU,HOU,BUF,2026-09-13 17:00:00+00:00,7e09efed7e12c659b82740b67ce2f9a1,draftkings,player_reception_yds,Dawson Knox,00-0035689,BUF,13.5,-108,-116,2026-09-12 15:12:49.712965+00:00,21.14844,12.4,0.47735,2026-09-12 15:12:56.868719+00:00,,
2026,1,2026_01_BUF_HOU,HOU,BUF,2026-09-13 17:00:00+00:00,7e09efed7e12c659b82740b67ce2f9a1,draftkings,player_reception_yds,Joshua Palmer,,,11.5,-116,-108,2026-09-12 15:12:49.712965+00:00,,,,,,
2026,1,2026_01_BUF_HOU,HOU,BUF,2026-09-13 17:00:00+00:00,7e09efed7e12c659b82740b67ce2f9a1,draftkings,player_reception_yds,David Montgomery,00-0035685,HOU,11.5,-107,-118,2026-09-12 15:12:49.712965+00:00,14.041175,9.5,0.4399,2026-09-12 15:12:56.983755+00:00,,
2026,1,2026_01_BUF_HOU,HOU,BUF,2026-09-13 17:00:00+00:00,7e09efed7e12c659b82740b67ce2f9a1,draftkings,player_reception_yds,Woody Marks,00-0040583,HOU,8.5,-115,-109,2026-09-12 15:12:49.712965+00:00,9.31638,4.8,0.3763,2026-09-12 15:12:57.099708+00:00,,
2026,1,2026_01_BUF_HOU,HOU,BUF,2026-09-13 17:00:00+00:00,7e09efed7e12c659b82740b67ce2f9a1,draftkings,player_rush_yds,James Cook,00-0037248,BUF,76.5,-110,-114,2026-09-12 15:12:49.712965+00:00,76.345505,68.2,0.42615,2026-09-12 15:12:57.207700+00:00,,
2026,1,2026_01_BUF_HOU,HOU,BUF,2026-09-13 17:00:00+00:00,7e09efed7e12c659b82740b67ce2f9a1,draftkings,player_rush_yds,David Montgomery,00-0035685,HOU,55.5,-112,-112,2026-09-12 15:12:49.712965+00:00,63.175125,56.9,0.5142,2026-09-12 15:12:57.315154+00:00,,
2026,1,2026_01_BUF_HOU,HOU,BUF,2026-09-13 17:00:00+00:00,7e09efed7e12c659b82740b67ce2f9a1,draftkings,player_rush_yds,Josh Allen,00-0034857,BUF,33.5,-110,-114,2026-09-12 15:12:49.712965+00:00,28.75936,23.5,0.341,2026-09-12 15:12:57.423263+00:00,,
2026,1,2026_01_BUF_HOU,HOU,BUF,2026-09-13 17:00:00+00:00,7e09efed7e12c659b82740b67ce2f9a1,draftkings,player_rush_yds,Woody Marks,00-0040583,HOU,26.5,-115,-109,2026-09-12 15:12:49.712965+00:00,42.4298,34.9,0.60885,2026-09-12 15:12:57.529226+00:00,,
2026,1,2026_01_BUF_HOU,HOU,BUF,2026-09-13 17:00:00+00:00,7e09efed7e12c659b82740b67ce2f9a1,draftkings,player_rush_yds,C.J. Stroud,00-0039163,HOU,9.5,-114,-111,2026-09-12 15:12:49.712965+00:00,20.361525,14.7,0.6174,2026-09-12 15:12:57.632975+00:00,,
2026,1,2026_01_BUF_HOU,HOU,BUF,2026-09-13 17:00:00+00:00,7e09efed7e12c659b82740b67ce2f9a1,betrivers,player_reception_yds,Jaylin Noel,00-0040138,HOU,13.5,-115,-114,2026-09-12 15:12:49.712965+00:00,17.18594,8.1,0.4006,2026-09-12 15:12:57.633434+00:00,,
2026,1,2026_01_BUF_HOU,HOU,BUF,2026-09-13 17:00:00+00:00,7e09efed7e12c659b82740b67ce2f9a1,betrivers,player_reception_yds,Woody Marks,00-0040583,HOU,9.5,-110,-121,2026-09-12 15:12:49.712965+00:00,9.31638,4.8,0.3488,2026-09-12 15:12:57.633814+00:00,,
2026,1,2026_01_BUF_HOU,HOU,BUF,2026-09-13 17:00:00+00:00,7e09efed7e12c659b82740b67ce2f9a1,betrivers,player_reception_yds,Xavier Hutchinson,00-0038618,HOU,18.5,-115,-115,2026-09-12 15:12:49.712965+00:00,28.23249,19.1,0.50815,2026-09-12 15:12:57.634210+00:00,,
2026,1,2026_01_BUF_HOU,HOU,BUF,2026-09-13 17:00:00+00:00,7e09efed7e12c659b82740b67ce2f9a1,betrivers,player_reception_yds,DJ Moore,00-0034827,BUF,46.5,-117,-113,2026-09-12 15:12:49.712965+00:00,40.421265000000005,29.6,0.33175,2026-09-12 15:12:57.634594+00:00,,
2026,1,2026_01_BUF_HOU,HOU,BUF,2026-09-13 17:00:00+00:00,7e09efed7e12c659b82740b67ce2f9a1,betrivers,player_reception_yds,Khalil Shakir,00-0037261,BUF,37.5,-115,-115,2026-09-12 15:12:49.712965+00:00,38.87647,30.4,0.41085,2026-09-12 15:12:57.635037+00:00,,
2026,1,2026_01_BUF_HOU,HOU,BUF,2026-09-13 17:00:00+00:00,7e09efed7e12c659b82740b67ce2f9a1,betrivers,player_reception_yds,Nico Collins,00-0036554,HOU,69.5,-115,-114,2026-09-12 15:12:49.712965+00:00,81.991215,72.8,0.52355,2026-09-12 15:12:57.635425+00:00,,
2026,1,2026_01_BUF_HOU,HOU,BUF,2026-09-13 17:00:00+00:00,7e09efed7e12c659b82740b67ce2f9a1,betrivers,player_reception_yds,Dawson Knox,00-0035689,BUF,12.5,-120,-112,2026-09-12 15:12:49.712965+00:00,21.14844,12.4,0.4968,2026-09-12 15:12:57.635817+00:00,,
2026,1,2026_01_BUF_HOU,HOU,BUF,2026-09-13 17:00:00+00:00,7e09efed7e12c659b82740b67ce2f9a1,betrivers,player_reception_yds,James Cook,00-0037248,BUF,19.5,-110,-121,2026-09-12 15:12:49.712965+00:00,14.845679999999998,9.6,0.2734,2026-09-12 15:12:57.636247+00:00,,
2026,1,2026_01_BUF_HOU,HOU,BUF,2026-09-13 17:00:00+00:00,7e09efed7e12c659b82740b67ce2f9a1,betrivers,player_reception_yds,Kayshon Boutte,00-0038608,HOU,27.5,-115,-115,2026-09-12 15:12:49.712965+00:00,49.512765,40.1,0.63995,2026-09-12 15:12:57.636658+00:00,,
2026,1,2026_01_BUF_HOU,HOU,BUF,2026-09-13 17:00:00+00:00,7e09efed7e12c659b82740b67ce2f9a1,betrivers,player_reception_yds,David Montgomery,00-0035685,HOU,10.5,-121,-110,2026-09-12 15:12:49.712965+00:00,14.041175,9.5,0.46825,2026-09-12 15:12:57.637022+00:00,,
2026,1,2026_01_BUF_HOU,HOU,BUF,2026-09-13 17:00:00+00:00,7e09efed7e12c659b82740b67ce2f9a1,betrivers,player_reception_yds,Dalton Schultz,00-0034383,HOU,33.5,-114,-117,2026-09-12 15:12:49.712965+00:00,35.9525,29.3,0.44145,2026-09-12 15:12:57.637393+00:00,,
2026,1,2026_01_BUF_HOU,HOU,BUF,2026-09-13 17:00:00+00:00,7e09efed7e12c659b82740b67ce2f9a1,betrivers,player_reception_yds,Dalton Kincaid,00-0038933,BUF,38.5,-117,-114,2026-09-12 15:12:49.712965+00:00,38.950235,28.4,0.3907,2026-09-12 15:12:57.637775+00:00,,
2026,1,2026_01_BUF_HOU,HOU,BUF,2026-09-13 17:00:00+00:00,7e09efed7e12c659b82740b67ce2f9a1,betrivers,player_rush_yds,Josh Allen,00-0034857,BUF,28.5,-120,-112,2026-09-12 15:12:49.712965+00:00,28.75936,23.5,0.4148,2026-09-12 15:12:57.638148+00:00,,
2026,1,2026_01_BUF_HOU,HOU,BUF,2026-09-13 17:00:00+00:00,7e09efed7e12c659b82740b67ce2f9a1,betrivers,player_rush_yds,C.J. Stroud,00-0039163,HOU,9.5,-120,-112,2026-09-12 15:12:49.712965+00:00,20.361525,14.7,0.6174,2026-09-12 15:12:57.638531+00:00,,
2026,1,2026_01_BUF_HOU,HOU,BUF,2026-09-13 17:00:00+00:00,7e09efed7e12c659b82740b67ce2f9a1,betrivers,player_rush_yds,David Montgomery,00-0035685,HOU,54.5,-113,-118,2026-09-12 15:12:49.712965+00:00,63.175125,56.9,0.5262,2026-09-12 15:12:57.638969+00:00,,
2026,1,2026_01_BUF_HOU,HOU,BUF,2026-09-13 17:00:00+00:00,7e09efed7e12c659b82740b67ce2f9a1,betrivers,player_rush_yds,Woody Marks,00-0040583,HOU,28.5,-110,-121,2026-09-12 15:12:49.712965+00:00,42.4298,34.9,0.58285,2026-09-12 15:12:57.639383+00:00,,
2026,1,2026_01_BUF_HOU,HOU,BUF,2026-09-13 17:00:00+00:00,7e09efed7e12c659b82740b67ce2f9a1,betrivers,player_rush_yds,James Cook,00-0037248,BUF,74.5,-115,-115,2026-09-12 15:12:49.712965+00:00,76.345505,68.2,0.442,2026-09-12 15:12:57.639750+00:00,,
2026,1,2026_01_BUF_HOU,HOU,BUF,2026-09-13 17:00:00+00:00,7e09efed7e12c659b82740b67ce2f9a1,betonlineag,player_reception_yds,DJ Moore,00-0034827,BUF,47.5,-119,-109,2026-09-12 15:12:49.712965+00:00,40.421265000000005,29.6,0.32255,2026-09-12 15:12:57.640124+00:00,,
2026,1,2026_01_BUF_HOU,HOU,BUF,2026-09-13 17:00:00+00:00,7e09efed7e12c659b82740b67ce2f9a1,betonlineag,player_reception_yds,Nico Collins,00-0036554,HOU,69.5,-114,-114,2026-09-12 15:12:49.712965+00:00,81.991215,72.8,0.52355,2026-09-12 15:12:57.640511+00:00,,
2026,1,2026_01_BUF_HOU,HOU,BUF,2026-09-13 17:00:00+00:00,7e09efed7e12c659b82740b67ce2f9a1,betonlineag,player_reception_yds,Dalton Schultz,00-0034383,HOU,34.5,-114,-114,2026-09-12 15:12:49.712965+00:00,35.9525,29.3,0.4278,2026-09-12 15:12:57.640886+00:00,,
2026,1,2026_01_BUF_HOU,HOU,BUF,2026-09-13 17:00:00+00:00,7e09efed7e12c659b82740b67ce2f9a1,betonlineag,player_reception_yds,Woody Marks,00-0040583,HOU,8.5,-116,-111,2026-09-12 15:12:49.712965+00:00,9.31638,4.8,0.3763,2026-09-12 15:12:57.641249+00:00,,
2026,1,2026_01_BUF_HOU,HOU,BUF,2026-09-13 17:00:00+00:00,7e09efed7e12c659b82740b67ce2f9a1,betonlineag,player_reception_yds,Dalton Kincaid,00-0038933,BUF,38.5,-115,-112,2026-09-12 15:12:49.712965+00:00,38.950235,28.4,0.3907,2026-09-12 15:12:57.641627+00:00,,
2026,1,2026_01_BUF_HOU,HOU,BUF,2026-09-13 17:00:00+00:00,7e09efed7e12c659b82740b67ce2f9a1,betonlineag,player_reception_yds,Xavier Hutchinson,00-0038618,HOU,19.5,-116,-111,2026-09-12 15:12:49.712965+00:00,28.23249,19.1,0.4946,2026-09-12 15:12:57.642014+00:00,,
2026,1,2026_01_BUF_HOU,HOU,BUF,2026-09-13 17:00:00+00:00,7e09efed7e12c659b82740b67ce2f9a1,betonlineag,player_reception_yds,Khalil Shakir,00-0037261,BUF,35.5,-114,-114,2026-09-12 15:12:49.712965+00:00,38.87647,30.4,0.4352,2026-09-12 15:12:57.642420+00:00,,
2026,1,2026_01_BUF_HOU,HOU,BUF,2026-09-13 17:00:00+00:00,7e09efed7e12c659b82740b67ce2f9a1,betonlineag,player_reception_yds,Jaylin Noel,00-0040138,HOU,16.5,-114,-114,2026-09-12 15:12:49.712965+00:00,17.18594,8.1,0.3569,2026-09-12 15:12:57.642831+00:00,,
2026,1,2026_01_BUF_HOU,HOU,BUF,2026-09-13 17:00:00+00:00,7e09efed7e12c659b82740b67ce2f9a1,betonlineag,player_reception_yds,Dawson Knox,00-0035689,BUF,13.5,-115,-112,2026-09-12 15:12:49.712965+00:00,21.14844,12.4,0.47735,2026-09-12 15:12:57.643216+00:00,,
2026,1,2026_01_BUF_HOU,HOU,BUF,2026-09-13 17:00:00+00:00,7e09efed7e12c659b82740b67ce2f9a1,betonlineag,player_reception_yds,James Cook,00-0037248,BUF,20.5,-114,-114,2026-09-12 15:12:49.712965+00:00,14.845679999999998,9.6,0.256,2026-09-12 15:12:57.643612+00:00,,
2026,1,2026_01_BUF_HOU,HOU,BUF,2026-09-13 17:00:00+00:00,7e09efed7e12c659b82740b67ce2f9a1,betonlineag,player_reception_yds,Kayshon Boutte,00-0038608,HOU,26.5,-120,-108,2026-09-12 15:12:49.712965+00:00,49.512765,40.1,0.64845,2026-09-12 15:12:57.644015+00:00,,
2026,1,2026_01_BUF_HOU,HOU,BUF,2026-09-13 17:00:00+00:00,7e09efed7e12c659b82740b67ce2f9a1,betonlineag,player_reception_yds,David Montgomery,00-0035685,HOU,11.5,-114,-114,2026-09-12 15:12:49.712965+00:00,14.041175,9.5,0.4399,2026-09-12 15:12:57.644374+00:00,,
2026,1,2026_01_BUF_HOU,HOU,BUF,2026-09-13 17:00:00+00:00,7e09efed7e12c659b82740b67ce2f9a1,betonlineag,player_reception_yds,Joshua Palmer,,,12.5,-112,-115,2026-09-12 15:12:49.712965+00:00,,,,,,
2026,1,2026_01_BUF_HOU,HOU,BUF,2026-09-13 17:00:00+00:00,7e09efed7e12c659b82740b67ce2f9a1,betonlineag,player_rush_yds,James Cook,00-0037248,BUF,74.5,-115,-112,2026-09-12 15:12:49.712965+00:00,76.345505,68.2,0.442,2026-09-12 15:12:57.644734+00:00,,
2026,1,2026_01_BUF_HOU,HOU,BUF,2026-09-13 17:00:00+00:00,7e09efed7e12c659b82740b67ce2f9a1,betonlineag,player_rush_yds,David Montgomery,00-0035685,HOU,55.5,-116,-111,2026-09-12 15:12:49.712965+00:00,63.175125,56.9,0.5142,2026-09-12 15:12:57.645152+00:00,,
2026,1,2026_01_BUF_HOU,HOU,BUF,2026-09-13 17:00:00+00:00,7e09efed7e12c659b82740b67ce2f9a1,betonlineag,player_rush_yds,C.J. Stroud,00-0039163,HOU,10.5,-115,-112,2026-09-12 15:12:49.712965+00:00,20.361525,14.7,0.5942,2026-09-12 15:12:57.645527+00:00,,
2026,1,2026_01_BUF_HOU,HOU,BUF,2026-09-13 17:00:00+00:00,7e09efed7e12c659b82740b67ce2f9a1,betonlineag,player_rush_yds,Josh Allen,00-0034857,BUF,30.5,-115,-112,2026-09-12 15:12:49.712965+00:00,28.75936,23.5,0.38455,2026-09-12 15:12:57.645899+00:00,,
2026,1,2026_01_BUF_HOU,HOU,BUF,2026-09-13 17:00:00+00:00,7e09efed7e12c659b82740b67ce2f9a1,betonlineag,player_rush_yds,Woody Marks,00-0040583,HOU,26.5,-114,-114,2026-09-12 15:12:49.712965+00:00,42.4298,34.9,0.60885,2026-09-12 15:12:57.646311+00:00,,
2026,1,2026_01_BUF_HOU,HOU,BUF,2026-09-13 17:00:00+00:00,7e09efed7e12c659b82740b67ce2f9a1,fanduel,player_reception_yds,Joshua Palmer,,,12.5,-114,-114,2026-09-12 15:12:49.712965+00:00,,,,,,
2026,1,2026_01_BUF_HOU,HOU,BUF,2026-09-13 17:00:00+00:00,7e09efed7e12c659b82740b67ce2f9a1,fanduel,player_reception_yds,Khalil Shakir,00-0037261,BUF,36.5,-114,-114,2026-09-12 15:12:49.712965+00:00,38.87647,30.4,0.42295,2026-09-12 15:12:57.646700+00:00,,
2026,1,2026_01_BUF_HOU,HOU,BUF,2026-09-13 17:00:00+00:00,7e09efed7e12c659b82740b67ce2f9a1,fanduel,player_reception_yds,Xavier Hutchinson,00-0038618,HOU,19.5,-114,-114,2026-09-12 15:12:49.712965+00:00,28.23249,19.1,0.4946,2026-09-12 15:12:57.647081+00:00,,
2026,1,2026_01_BUF_HOU,HOU,BUF,2026-09-13 17:00:00+00:00,7e09efed7e12c659b82740b67ce2f9a1,fanduel,player_reception_yds,Jaylin Noel,00-0040138,HOU,14.5,-114,-114,2026-09-12 15:12:49.712965+00:00,17.18594,8.1,0.3864,2026-09-12 15:12:57.647494+00:00,,
2026,1,2026_01_BUF_HOU,HOU,BUF,2026-09-13 17:00:00+00:00,7e09efed7e12c659b82740b67ce2f9a1,fanduel,player_reception_yds,Dawson Knox,00-0035689,BUF,13.5,-114,-114,2026-09-12 15:12:49.712965+00:00,21.14844,12.4,0.47735,2026-09-12 15:12:57.647882+00:00,,
2026,1,2026_01_BUF_HOU,HOU,BUF,2026-09-13 17:00:00+00:00,7e09efed7e12c659b82740b67ce2f9a1,fanduel,player_reception_yds,David Montgomery,00-0035685,HOU,10.5,-114,-114,2026-09-12 15:12:49.712965+00:00,14.041175,9.5,0.46825,2026-09-12 15:12:57.648238+00:00,,
2026,1,2026_01_BUF_HOU,HOU,BUF,2026-09-13 17:00:00+00:00,7e09efed7e12c659b82740b67ce2f9a1,fanduel,player_reception_yds,Woody Marks,00-0040583,HOU,10.5,-114,-114,2026-09-12 15:12:49.712965+00:00,9.31638,4.8,0.32175,2026-09-12 15:12:57.648606+00:00,,
2026,1,2026_01_BUF_HOU,HOU,BUF,2026-09-13 17:00:00+00:00,7e09efed7e12c659b82740b67ce2f9a1,fanduel,player_reception_yds,Nico Collins,00-0036554,HOU,69.5,-114,-114,2026-09-12 15:12:49.712965+00:00,81.991215,72.8,0.52355,2026-09-12 15:12:57.648983+00:00,,
2026,1,2026_01_BUF_HOU,HOU,BUF,2026-09-13 17:00:00+00:00,7e09efed7e12c659b82740b67ce2f9a1,fanduel,player_reception_yds,Dalton Kincaid,00-0038933,BUF,38.5,-114,-114,2026-09-12 15:12:49.712965+00:00,38.950235,28.4,0.3907,2026-09-12 15:12:57.649395+00:00,,
2026,1,2026_01_BUF_HOU,HOU,BUF,2026-09-13 17:00:00+00:00,7e09efed7e12c659b82740b67ce2f9a1,fanduel,player_reception_yds,Dalton Schultz,00-0034383,HOU,34.5,-114,-114,2026-09-12 15:12:49.712965+00:00,35.9525,29.3,0.4278,2026-09-12 15:12:57.649769+00:00,,
2026,1,2026_01_BUF_HOU,HOU,BUF,2026-09-13 17:00:00+00:00,7e09efed7e12c659b82740b67ce2f9a1,fanduel,player_reception_yds,James Cook,00-0037248,BUF,19.5,-114,-114,2026-09-12 15:12:49.712965+00:00,14.845679999999998,9.6,0.2734,2026-09-12 15:12:57.650166+00:00,,
2026,1,2026_01_BUF_HOU,HOU,BUF,2026-09-13 17:00:00+00:00,7e09efed7e12c659b82740b67ce2f9a1,fanduel,player_reception_yds,DJ Moore,00-0034827,BUF,47.5,-114,-114,2026-09-12 15:12:49.712965+00:00,40.421265000000005,29.6,0.32255,2026-09-12 15:12:57.650546+00:00,,
2026,1,2026_01_BUF_HOU,HOU,BUF,2026-09-13 17:00:00+00:00,7e09efed7e12c659b82740b67ce2f9a1,fanduel,player_reception_yds,Kayshon Boutte,00-0038608,HOU,25.5,-114,-114,2026-09-12 15:12:49.712965+00:00,49.512765,40.1,0.661,2026-09-12 15:12:57.650961+00:00,,
2026,1,2026_01_BUF_HOU,HOU,BUF,2026-09-13 17:00:00+00:00,7e09efed7e12c659b82740b67ce2f9a1,fanduel,player_rush_yds,C.J. Stroud,00-0039163,HOU,10.5,-114,-114,2026-09-12 15:12:49.712965+00:00,20.361525,14.7,0.5942,2026-09-12 15:12:57.651335+00:00,,
2026,1,2026_01_BUF_HOU,HOU,BUF,2026-09-13 17:00:00+00:00,7e09efed7e12c659b82740b67ce2f9a1,fanduel,player_rush_yds,James Cook,00-0037248,BUF,74.5,-114,-114,2026-09-12 15:12:49.712965+00:00,76.345505,68.2,0.442,2026-09-12 15:12:57.651699+00:00,,
2026,1,2026_01_BUF_HOU,HOU,BUF,2026-09-13 17:00:00+00:00,7e09efed7e12c659b82740b67ce2f9a1,fanduel,player_rush_yds,Woody Marks,00-0040583,HOU,24.5,-114,-114,2026-09-12 15:12:49.712965+00:00,42.4298,34.9,0.6361,2026-09-12 15:12:57.652107+00:00,,
2026,1,2026_01_BUF_HOU,HOU,BUF,2026-09-13 17:00:00+00:00,7e09efed7e12c659b82740b67ce2f9a1,fanduel,player_rush_yds,Josh Allen,00-0034857,BUF,30.5,-114,-114,2026-09-12 15:12:49.712965+00:00,28.75936,23.5,0.38455,2026-09-12 15:12:57.652481+00:00,,
2026,1,2026_01_BUF_HOU,HOU,BUF,2026-09-13 17:00:00+00:00,7e09efed7e12c659b82740b67ce2f9a1,fanduel,player_rush_yds,David Montgomery,00-0035685,HOU,55.5,-114,-114,2026-09-12 15:12:49.712965+00:00,63.175125,56.9,0.5142,2026-09-12 15:12:57.652908+00:00,,
2026,1,2026_01_BUF_HOU,HOU,BUF,2026-09-13 17:00:00+00:00,7e09efed7e12c659b82740b67ce2f9a1,betmgm,player_reception_yds,Nico Collins,00-0036554,HOU,71.5,-115,-115,2026-09-12 15:12:49.712965+00:00,81.991215,72.8,0.50945,2026-09-12 15:12:57.653260+00:00,,
2026,1,2026_01_BUF_HOU,HOU,BUF,2026-09-13 17:00:00+00:00,7e09efed7e12c659b82740b67ce2f9a1,betmgm,player_reception_yds,Dawson Knox,00-0035689,BUF,13.5,-120,-111,2026-09-12 15:12:49.712965+00:00,21.14844,12.4,0.47735,2026-09-12 15:12:57.653635+00:00,,
2026,1,2026_01_BUF_HOU,HOU,BUF,2026-09-13 17:00:00+00:00,7e09efed7e12c659b82740b67ce2f9a1,betmgm,player_reception_yds,Dalton Schultz,00-0034383,HOU,34.5,-115,-115,2026-09-12 15:12:49.712965+00:00,35.9525,29.3,0.4278,2026-09-12 15:12:57.653994+00:00,,
2026,1,2026_01_BUF_HOU,HOU,BUF,2026-09-13 17:00:00+00:00,7e09efed7e12c659b82740b67ce2f9a1,betmgm,player_reception_yds,Dalton Kincaid,00-0038933,BUF,36.5,-115,-115,2026-09-12 15:12:49.712965+00:00,38.950235,28.4,0.4119,2026-09-12 15:12:57.654357+00:00,,
2026,1,2026_01_BUF_HOU,HOU,BUF,2026-09-13 17:00:00+00:00,7e09efed7e12c659b82740b67ce2f9a1,betmgm,player_reception_yds,James Cook,00-0037248,BUF,19.5,-115,-115,2026-09-12 15:12:49.712965+00:00,14.845679999999998,9.6,0.2734,2026-09-12 15:12:57.654743+00:00,,
2026,1,2026_01_BUF_HOU,HOU,BUF,2026-09-13 17:00:00+00:00,7e09efed7e12c659b82740b67ce2f9a1,betmgm,player_reception_yds,Xavier Hutchinson,00-0038618,HOU,20.5,-115,-115,2026-09-12 15:12:49.712965+00:00,28.23249,19.1,0.47975,2026-09-12 15:12:57.655113+00:00,,
2026,1,2026_01_BUF_HOU,HOU,BUF,2026-09-13 17:00:00+00:00,7e09efed7e12c659b82740b67ce2f9a1,betmgm,player_reception_yds,DJ Moore,00-0034827,BUF,45.5,-115,-115,2026-09-12 15:12:49.712965+00:00,40.421265000000005,29.6,0.34075,2026-09-12 15:12:57.655473+00:00,,
2026,1,2026_01_BUF_HOU,HOU,BUF,2026-09-13 17:00:00+00:00,7e09efed7e12c659b82740b67ce2f9a1,betmgm,player_reception_yds,Khalil Shakir,00-0037261,BUF,34.5,-115,-115,2026-09-12 15:12:49.712965+00:00,38.87647,30.4,0.44765,2026-09-12 15:12:57.655851+00:00,,
2026,1,2026_01_BUF_HOU,HOU,BUF,2026-09-13 17:00:00+00:00,7e09efed7e12c659b82740b67ce2f9a1,betmgm,player_reception_yds,Kayshon Boutte,00-0038608,HOU,25.5,-115,-115,2026-09-12 15:12:49.712965+00:00,49.512765,40.1,0.661,2026-09-12 15:12:57.656243+00:00,,
2026,1,2026_01_BUF_HOU,HOU,BUF,2026-09-13 17:00:00+00:00,7e09efed7e12c659b82740b67ce2f9a1,betmgm,player_reception_yds,Jaylin Noel,00-0040138,HOU,15.5,-111,-118,2026-09-12 15:12:49.712965+00:00,17.18594,8.1,0.3712,2026-09-12 15:12:57.656643+00:00,,
2026,1,2026_01_BUF_HOU,HOU,BUF,2026-09-13 17:00:00+00:00,7e09efed7e12c659b82740b67ce2f9a1,betmgm,player_reception_yds,David Montgomery,00-0035685,HOU,9.5,-140,105,2026-09-12 15:12:49.712965+00:00,14.041175,9.5,0.49665,2026-09-12 15:12:57.657042+00:00,,
2026,1,2026_01_BUF_HOU,HOU,BUF,2026-09-13 17:00:00+00:00,7e09efed7e12c659b82740b67ce2f9a1,betmgm,player_rush_yds,Josh Allen,00-0034857,BUF,31.5,-115,-115,2026-09-12 15:12:49.712965+00:00,28.75936,23.5,0.36965,2026-09-12 15:12:57.657402+00:00,,
2026,1,2026_01_BUF_HOU,HOU,BUF,2026-09-13 17:00:00+00:00,7e09efed7e12c659b82740b67ce2f9a1,betmgm,player_rush_yds,C.J. Stroud,00-0039163,HOU,10.5,-111,-120,2026-09-12 15:12:49.712965+00:00,20.361525,14.7,0.5942,2026-09-12 15:12:57.657772+00:00,,
2026,1,2026_01_BUF_HOU,HOU,BUF,2026-09-13 17:00:00+00:00,7e09efed7e12c659b82740b67ce2f9a1,betmgm,player_rush_yds,James Cook,00-0037248,BUF,74.5,-115,-115,2026-09-12 15:12:49.712965+00:00,76.345505,68.2,0.442,2026-09-12 15:12:57.658124+00:00,,
2026,1,2026_01_BUF_HOU,HOU,BUF,2026-09-13 17:00:00+00:00,7e09efed7e12c659b82740b67ce2f9a1,betmgm,player_rush_yds,David Montgomery,00-0035685,HOU,54.5,-115,-115,2026-09-12 15:12:49.712965+00:00,63.175125,56.9,0.5262,2026-09-12 15:12:57.658532+00:00,,
2026,1,2026_01_BUF_HOU,HOU,BUF,2026-09-13 17:00:00+00:00,7e09efed7e12c659b82740b67ce2f9a1,bovada,player_reception_yds,DJ Moore,00-0034827,BUF,47.5,-115,-115,2026-09-12 15:12:49.712965+00:00,40.421265000000005,29.6,0.32255,2026-09-12 15:12:57.658901+00:00,,
2026,1,2026_01_BUF_HOU,HOU,BUF,2026-09-13 17:00:00+00:00,7e09efed7e12c659b82740b67ce2f9a1,bovada,player_reception_yds,Dalton Kincaid,00-0038933,BUF,36.5,-115,-115,2026-09-12 15:12:49.712965+00:00,38.950235,28.4,0.4119,2026-09-12 15:12:57.659272+00:00,,
2026,1,2026_01_BUF_HOU,HOU,BUF,2026-09-13 17:00:00+00:00,7e09efed7e12c659b82740b67ce2f9a1,bovada,player_reception_yds,Dalton Schultz,00-0034383,HOU,34.5,-115,-115,2026-09-12 15:12:49.712965+00:00,35.9525,29.3,0.4278,2026-09-12 15:12:57.659631+00:00,,
2026,1,2026_01_BUF_HOU,HOU,BUF,2026-09-13 17:00:00+00:00,7e09efed7e12c659b82740b67ce2f9a1,bovada,player_reception_yds,David Montgomery,00-0035685,HOU,11.5,-110,-120,2026-09-12 15:12:49.712965+00:00,14.041175,9.5,0.4399,2026-09-12 15:12:57.659973+00:00,,
2026,1,2026_01_BUF_HOU,HOU,BUF,2026-09-13 17:00:00+00:00,7e09efed7e12c659b82740b67ce2f9a1,bovada,player_reception_yds,Dawson Knox,00-0035689,BUF,13.5,-110,-120,2026-09-12 15:12:49.712965+00:00,21.14844,12.4,0.47735,2026-09-12 15:12:57.660342+00:00,,
2026,1,2026_01_BUF_HOU,HOU,BUF,2026-09-13 17:00:00+00:00,7e09efed7e12c659b82740b67ce2f9a1,bovada,player_reception_yds,James Cook,00-0037248,BUF,20.5,-115,-115,2026-09-12 15:12:49.712965+00:00,14.845679999999998,9.6,0.256,2026-09-12 15:12:57.660726+00:00,,
2026,1,2026_01_BUF_HOU,HOU,BUF,2026-09-13 17:00:00+00:00,7e09efed7e12c659b82740b67ce2f9a1,bovada,player_reception_yds,Kayshon Boutte,00-0038608,HOU,27.5,-115,-115,2026-09-12 15:12:49.712965+00:00,49.512765,40.1,0.63995,2026-09-12 15:12:57.661119+00:00,,
2026,1,2026_01_BUF_HOU,HOU,BUF,2026-09-13 17:00:00+00:00,7e09efed7e12c659b82740b67ce2f9a1,bovada,player_reception_yds,Khalil Shakir,00-0037261,BUF,35.5,-115,-115,2026-09-12 15:12:49.712965+00:00,38.87647,30.4,0.4352,2026-09-12 15:12:57.661495+00:00,,
2026,1,2026_01_BUF_HOU,HOU,BUF,2026-09-13 17:00:00+00:00,7e09efed7e12c659b82740b67ce2f9a1,bovada,player_reception_yds,Nico Collins,00-0036554,HOU,69.5,-115,-115,2026-09-12 15:12:49.712965+00:00,81.991215,72.8,0.52355,2026-09-12 15:12:57.661844+00:00,,
2026,1,2026_01_BUF_HOU,HOU,BUF,2026-09-13 17:00:00+00:00,7e09efed7e12c659b82740b67ce2f9a1,bovada,player_reception_yds,Woody Marks,00-0040583,HOU,8.5,-120,-110,2026-09-12 15:12:49.712965+00:00,9.31638,4.8,0.3763,2026-09-12 15:12:57.662200+00:00,,
2026,1,2026_01_BUF_HOU,HOU,BUF,2026-09-13 17:00:00+00:00,7e09efed7e12c659b82740b67ce2f9a1,bovada,player_reception_yds,Xavier Hutchinson,00-0038618,HOU,17.5,-110,-120,2026-09-12 15:12:49.712965+00:00,28.23249,19.1,0.52315,2026-09-12 15:12:57.662576+00:00,,
2026,1,2026_01_BUF_HOU,HOU,BUF,2026-09-13 17:00:00+00:00,7e09efed7e12c659b82740b67ce2f9a1,bovada,player_rush_yds,C.J. Stroud,00-0039163,HOU,9.5,-115,-115,2026-09-12 15:12:49.712965+00:00,20.361525,14.7,0.6174,2026-09-12 15:12:57.662945+00:00,,
2026,1,2026_01_BUF_HOU,HOU,BUF,2026-09-13 17:00:00+00:00,7e09efed7e12c659b82740b67ce2f9a1,bovada,player_rush_yds,David Montgomery,00-0035685,HOU,55.5,-115,-115,2026-09-12 15:12:49.712965+00:00,63.175125,56.9,0.5142,2026-09-12 15:12:57.663368+00:00,,
2026,1,2026_01_BUF_HOU,HOU,BUF,2026-09-13 17:00:00+00:00,7e09efed7e12c659b82740b67ce2f9a1,bovada,player_rush_yds,James Cook,00-0037248,BUF,76.5,-115,-115,2026-09-12 15:12:49.712965+00:00,76.345505,68.2,0.42615,2026-09-12 15:12:57.663721+00:00,,
2026,1,2026_01_BUF_HOU,HOU,BUF,2026-09-13 17:00:00+00:00,7e09efed7e12c659b82740b67ce2f9a1,bovada,player_rush_yds,Josh Allen,00-0034857,BUF,33.5,-115,-115,2026-09-12 15:12:49.712965+00:00,28.75936,23.5,0.341,2026-09-12 15:12:57.664081+00:00,,
2026,1,2026_01_BUF_HOU,HOU,BUF,2026-09-13 17:00:00+00:00,7e09efed7e12c659b82740b67ce2f9a1,bovada,player_rush_yds,Woody Marks,00-0040583,HOU,26.5,-120,-110,2026-09-12 15:12:49.712965+00:00,42.4298,34.9,0.60885,2026-09-12 15:12:57.664480+00:00,,
2026,1,2026_01_CHI_CAR,CAR,CHI,2026-09-13 17:00:00+00:00,fc362aff0d889ec52d358307a70c32ed,draftkings,player_reception_yds,Tetairoa McMillan,00-0040124,CAR,60.5,-111,-113,2026-09-12 15:12:50.011992+00:00,57.59698,47.8,0.3931,2026-09-12 15:12:57.787480+00:00,,
2026,1,2026_01_CHI_CAR,CAR,CHI,2026-09-13 17:00:00+00:00,fc362aff0d889ec52d358307a70c32ed,draftkings,player_reception_yds,Luther Burden III,00-0040735,CHI,60.5,-110,-115,2026-09-12 15:12:50.011992+00:00,54.41679,43.3,0.3465,2026-09-12 15:12:57.905658+00:00,,
2026,1,2026_01_CHI_CAR,CAR,CHI,2026-09-13 17:00:00+00:00,fc362aff0d889ec52d358307a70c32ed,draftkings,player_reception_yds,Colston Loveland,00-0040126,CHI,54.5,-112,-112,2026-09-12 15:12:50.011992+00:00,40.66758,30.9,0.28235,2026-09-12 15:12:58.017644+00:00,,
2026,1,2026_01_CHI_CAR,CAR,CHI,2026-09-13 17:00:00+00:00,fc362aff0d889ec52d358307a70c32ed,draftkings,player_reception_yds,Jalen Coker,00-0039491,CAR,40.5,-115,-109,2026-09-12 15:12:50.011992+00:00,47.346485,38.3,0.47545,2026-09-12 15:12:58.138765+00:00,,
2026,1,2026_01_CHI_CAR,CAR,CHI,2026-09-13 17:00:00+00:00,fc362aff0d889ec52d358307a70c32ed,draftkings,player_reception_yds,Rome Odunze,00-0039919,CHI,39.5,-109,-115,2026-09-12 15:12:50.011992+00:00,55.242825,46.1,0.5658,2026-09-12 15:12:58.250651+00:00,,
2026,1,2026_01_CHI_CAR,CAR,CHI,2026-09-13 17:00:00+00:00,fc362aff0d889ec52d358307a70c32ed,draftkings,player_reception_yds,Xavier Legette,00-0039342,CAR,18.5,-108,-116,2026-09-12 15:12:50.011992+00:00,28.173875,20.4,0.5272,2026-09-12 15:12:58.372389+00:00,,
2026,1,2026_01_CHI_CAR,CAR,CHI,2026-09-13 17:00:00+00:00,fc362aff0d889ec52d358307a70c32ed,draftkings,player_reception_yds,Darren Waller,00-0031610,CAR,16.5,-107,-117,2026-09-12 15:12:50.011992+00:00,10.849945000000002,2.0,0.23665,2026-09-12 15:12:58.493115+00:00,,
2026,1,2026_01_CHI_CAR,CAR,CHI,2026-09-13 17:00:00+00:00,fc362aff0d889ec52d358307a70c32ed,draftkings,player_reception_yds,Kalif Raymond,00-0032464,CHI,14.5,-113,-111,2026-09-12 15:12:50.011992+00:00,32.158224999999995,23.5,0.63345,2026-09-12 15:12:58.607556+00:00,,
2026,1,2026_01_CHI_CAR,CAR,CHI,2026-09-13 17:00:00+00:00,fc362aff0d889ec52d358307a70c32ed,draftkings,player_reception_yds,Cole Kmet,00-0036290,CHI,14.5,-109,-115,2026-09-12 15:12:50.011992+00:00,19.3668,9.8,0.4109,2026-09-12 15:12:58.720591+00:00,,
2026,1,2026_01_CHI_CAR,CAR,CHI,2026-09-13 17:00:00+00:00,fc362aff0d889ec52d358307a70c32ed,draftkings,player_reception_yds,D'Andre Swift,00-0036275,CHI,14.5,-109,-115,2026-09-12 15:12:50.011992+00:00,15.37285,9.8,0.3818,2026-09-12 15:12:58.833101+00:00,,
2026,1,2026_01_CHI_CAR,CAR,CHI,2026-09-13 17:00:00+00:00,fc362aff0d889ec52d358307a70c32ed,draftkings,player_reception_yds,Tommy Tremble,00-0037005,CAR,12.5,-109,-115,2026-09-12 15:12:50.011992+00:00,29.812615,22.55,0.6724,2026-09-12 15:12:58.959259+00:00,,
2026,1,2026_01_CHI_CAR,CAR,CHI,2026-09-13 17:00:00+00:00,fc362aff0d889ec52d358307a70c32ed,draftkings,player_reception_yds,Chuba Hubbard,00-0036555,CAR,10.5,-116,-108,2026-09-12 15:12:50.011992+00:00,15.53115,10.6,0.5009,2026-09-12 15:12:59.078735+00:00,,
2026,1,2026_01_CHI_CAR,CAR,CHI,2026-09-13 17:00:00+00:00,fc362aff0d889ec52d358307a70c32ed,draftkings,player_reception_yds,Jonathon Brooks,00-0039344,CAR,9.5,-110,-114,2026-09-12 15:12:50.011992+00:00,7.186255,1.8,0.2687,2026-09-12 15:12:59.202303+00:00,,
2026,1,2026_01_CHI_CAR,CAR,CHI,2026-09-13 17:00:00+00:00,fc362aff0d889ec52d358307a70c32ed,draftkings,player_reception_yds,Kyle Monangai,00-0040236,CHI,6.5,-107,-117,2026-09-12 15:12:50.011992+00:00,8.418195,2.8,0.37405,2026-09-12 15:12:59.313440+00:00,,
2026,1,2026_01_CHI_CAR,CAR,CHI,2026-09-13 17:00:00+00:00,fc362aff0d889ec52d358307a70c32ed,draftkings,player_rush_yds,D'Andre Swift,00-0036275,CHI,62.5,-110,-114,2026-09-12 15:12:50.011992+00:00,67.01413,60.7,0.4815,2026-09-12 15:12:59.420341+00:00,,
2026,1,2026_01_CHI_CAR,CAR,CHI,2026-09-13 17:00:00+00:00,fc362aff0d889ec52d358307a70c32ed,draftkings,player_rush_yds,Chuba Hubbard,00-0036555,CAR,50.5,-112,-112,2026-09-12 15:12:50.011992+00:00,64.66898,57.25,0.57105,2026-09-12 15:12:59.530949+00:00,,
2026,1,2026_01_CHI_CAR,CAR,CHI,2026-09-13 17:00:00+00:00,fc362aff0d889ec52d358307a70c32ed,draftkings,player_rush_yds,Jonathon Brooks,00-0039344,CAR,32.5,-109,-116,2026-09-12 15:12:50.011992+00:00,31.334065,22.6,0.36635,2026-09-12 15:12:59.643708+00:00,,
2026,1,2026_01_CHI_CAR,CAR,CHI,2026-09-13 17:00:00+00:00,fc362aff0d889ec52d358307a70c32ed,draftkings,player_rush_yds,Kyle Monangai,00-0040236,CHI,30.5,-113,-111,2026-09-12 15:12:50.011992+00:00,36.02244,30.6,0.5011,2026-09-12 15:12:59.746262+00:00,,
2026,1,2026_01_CHI_CAR,CAR,CHI,2026-09-13 17:00:00+00:00,fc362aff0d889ec52d358307a70c32ed,draftkings,player_rush_yds,Caleb Williams,00-0039918,CHI,20.5,-113,-111,2026-09-12 15:12:50.011992+00:00,24.797635,18.7,0.46515,2026-09-12 15:12:59.848528+00:00,,
2026,1,2026_01_CHI_CAR,CAR,CHI,2026-09-13 17:00:00+00:00,fc362aff0d889ec52d358307a70c32ed,draftkings,player_rush_yds,Bryce Young,00-0039150,CAR,14.5,-111,-113,2026-09-12 15:12:50.011992+00:00,19.861925,14.3,0.49365,2026-09-12 15:12:59.958671+00:00,,
2026,1,2026_01_CHI_CAR,CAR,CHI,2026-09-13 17:00:00+00:00,fc362aff0d889ec52d358307a70c32ed,fanduel,player_reception_yds,Luther Burden III,00-0040735,CHI,57.5,-114,-114,2026-09-12 15:12:50.011992+00:00,54.41679,43.3,0.36925,2026-09-12 15:12:59.959140+00:00,,
2026,1,2026_01_CHI_CAR,CAR,CHI,2026-09-13 17:00:00+00:00,fc362aff0d889ec52d358307a70c32ed,fanduel,player_reception_yds,Chuba Hubbard,00-0036555,CAR,10.5,-114,-114,2026-09-12 15:12:50.011992+00:00,15.53115,10.6,0.5009,2026-09-12 15:12:59.959521+00:00,,
2026,1,2026_01_CHI_CAR,CAR,CHI,2026-09-13 17:00:00+00:00,fc362aff0d889ec52d358307a70c32ed,fanduel,player_reception_yds,Tetairoa McMillan,00-0040124,CAR,60.5,-114,-114,2026-09-12 15:12:50.011992+00:00,57.59698,47.8,0.3931,2026-09-12 15:12:59.959899+00:00,,
2026,1,2026_01_CHI_CAR,CAR,CHI,2026-09-13 17:00:00+00:00,fc362aff0d889ec52d358307a70c32ed,fanduel,player_reception_yds,Tommy Tremble,00-0037005,CAR,11.5,-114,-114,2026-09-12 15:12:50.011992+00:00,29.812615,22.55,0.69185,2026-09-12 15:12:59.960330+00:00,,
2026,1,2026_01_CHI_CAR,CAR,CHI,2026-09-13 17:00:00+00:00,fc362aff0d889ec52d358307a70c32ed,fanduel,player_reception_yds,Colston Loveland,00-0040126,CHI,53.5,-114,-114,2026-09-12 15:12:50.011992+00:00,40.66758,30.9,0.28875,2026-09-12 15:12:59.960720+00:00,,
2026,1,2026_01_CHI_CAR,CAR,CHI,2026-09-13 17:00:00+00:00,fc362aff0d889ec52d358307a70c32ed,fanduel,player_reception_yds,Cole Kmet,00-0036290,CHI,13.5,-114,-114,2026-09-12 15:12:50.011992+00:00,19.3668,9.8,0.42845,2026-09-12 15:12:59.961146+00:00,,
2026,1,2026_01_CHI_CAR,CAR,CHI,2026-09-13 17:00:00+00:00,fc362aff0d889ec52d358307a70c32ed,fanduel,player_reception_yds,Jalen Coker,00-0039491,CAR,39.5,-114,-114,2026-09-12 15:12:50.011992+00:00,47.346485,38.3,0.4852,2026-09-12 15:12:59.961528+00:00,,
2026,1,2026_01_CHI_CAR,CAR,CHI,2026-09-13 17:00:00+00:00,fc362aff0d889ec52d358307a70c32ed,fanduel,player_reception_yds,Darren Waller,00-0031610,CAR,16.5,-114,-114,2026-09-12 15:12:50.011992+00:00,10.849945000000002,2.0,0.23665,2026-09-12 15:12:59.961893+00:00,,
2026,1,2026_01_CHI_CAR,CAR,CHI,2026-09-13 17:00:00+00:00,fc362aff0d889ec52d358307a70c32ed,fanduel,player_reception_yds,Kyle Monangai,00-0040236,CHI,5.5,-120,-108,2026-09-12 15:12:50.011992+00:00,8.418195,2.8,0.40395,2026-09-12 15:12:59.962283+00:00,,
2026,1,2026_01_CHI_CAR,CAR,CHI,2026-09-13 17:00:00+00:00,fc362aff0d889ec52d358307a70c32ed,fanduel,player_reception_yds,D'Andre Swift,00-0036275,CHI,13.5,-114,-114,2026-09-12 15:12:50.011992+00:00,15.37285,9.8,0.4043,2026-09-12 15:12:59.962693+00:00,,
2026,1,2026_01_CHI_CAR,CAR,CHI,2026-09-13 17:00:00+00:00,fc362aff0d889ec52d358307a70c32ed,fanduel,player_reception_yds,Rome Odunze,00-0039919,CHI,39.5,-114,-114,2026-09-12 15:12:50.011992+00:00,55.242825,46.1,0.5658,2026-09-12 15:12:59.963089+00:00,,
2026,1,2026_01_CHI_CAR,CAR,CHI,2026-09-13 17:00:00+00:00,fc362aff0d889ec52d358307a70c32ed,fanduel,player_reception_yds,Xavier Legette,00-0039342,CAR,18.5,-114,-114,2026-09-12 15:12:50.011992+00:00,28.173875,20.4,0.5272,2026-09-12 15:12:59.963458+00:00,,
2026,1,2026_01_CHI_CAR,CAR,CHI,2026-09-13 17:00:00+00:00,fc362aff0d889ec52d358307a70c32ed,fanduel,player_rush_yds,Caleb Williams,00-0039918,CHI,19.5,-114,-114,2026-09-12 15:12:50.011992+00:00,24.797635,18.7,0.4832,2026-09-12 15:12:59.963861+00:00,,
2026,1,2026_01_CHI_CAR,CAR,CHI,2026-09-13 17:00:00+00:00,fc362aff0d889ec52d358307a70c32ed,fanduel,player_rush_yds,Bryce Young,00-0039150,CAR,13.5,-114,-114,2026-09-12 15:12:50.011992+00:00,19.861925,14.3,0.51525,2026-09-12 15:12:59.964273+00:00,,
2026,1,2026_01_CHI_CAR,CAR,CHI,2026-09-13 17:00:00+00:00,fc362aff0d889ec52d358307a70c32ed,fanduel,player_rush_yds,Kyle Monangai,00-0040236,CHI,31.5,-114,-114,2026-09-12 15:12:50.011992+00:00,36.02244,30.6,0.4865,2026-09-12 15:12:59.964668+00:00,,
2026,1,2026_01_CHI_CAR,CAR,CHI,2026-09-13 17:00:00+00:00,fc362aff0d889ec52d358307a70c32ed,fanduel,player_rush_yds,D'Andre Swift,00-0036275,CHI,61.5,-114,-114,2026-09-12 15:12:50.011992+00:00,67.01413,60.7,0.49155,2026-09-12 15:12:59.965051+00:00,,
2026,1,2026_01_CHI_CAR,CAR,CHI,2026-09-13 17:00:00+00:00,fc362aff0d889ec52d358307a70c32ed,fanduel,player_rush_yds,Jonathon Brooks,00-0039344,CAR,32.5,-114,-114,2026-09-12 15:12:50.011992+00:00,31.334065,22.6,0.36635,2026-09-12 15:12:59.965444+00:00,,
2026,1,2026_01_CHI_CAR,CAR,CHI,2026-09-13 17:00:00+00:00,fc362aff0d889ec52d358307a70c32ed,fanduel,player_rush_yds,Chuba Hubbard,00-0036555,CAR,50.5,-114,-114,2026-09-12 15:12:50.011992+00:00,64.66898,57.25,0.57105,2026-09-12 15:12:59.965872+00:00,,
2026,1,2026_01_CHI_CAR,CAR,CHI,2026-09-13 17:00:00+00:00,fc362aff0d889ec52d358307a70c32ed,betonlineag,player_reception_yds,Xavier Legette,00-0039342,CAR,18.5,-114,-114,2026-09-12 15:12:50.011992+00:00,28.173875,20.4,0.5272,2026-09-12 15:12:59.966245+00:00,,
2026,1,2026_01_CHI_CAR,CAR,CHI,2026-09-13 17:00:00+00:00,fc362aff0d889ec52d358307a70c32ed,betonlineag,player_reception_yds,D'Andre Swift,00-0036275,CHI,13.5,-114,-114,2026-09-12 15:12:50.011992+00:00,15.37285,9.8,0.4043,2026-09-12 15:12:59.966660+00:00,,
2026,1,2026_01_CHI_CAR,CAR,CHI,2026-09-13 17:00:00+00:00,fc362aff0d889ec52d358307a70c32ed,betonlineag,player_reception_yds,Kalif Raymond,00-0032464,CHI,14.5,-116,-111,2026-09-12 15:12:50.011992+00:00,32.158224999999995,23.5,0.63345,2026-09-12 15:12:59.967060+00:00,,
2026,1,2026_01_CHI_CAR,CAR,CHI,2026-09-13 17:00:00+00:00,fc362aff0d889ec52d358307a70c32ed,betonlineag,player_reception_yds,Tommy Tremble,00-0037005,CAR,11.5,-114,-114,2026-09-12 15:12:50.011992+00:00,29.812615,22.55,0.69185,2026-09-12 15:12:59.967483+00:00,,
2026,1,2026_01_CHI_CAR,CAR,CHI,2026-09-13 17:00:00+00:00,fc362aff0d889ec52d358307a70c32ed,betonlineag,player_reception_yds,Kyle Monangai,00-0040236,CHI,5.5,-122,-106,2026-09-12 15:12:50.011992+00:00,8.418195,2.8,0.40395,2026-09-12 15:12:59.967874+00:00,,
2026,1,2026_01_CHI_CAR,CAR,CHI,2026-09-13 17:00:00+00:00,fc362aff0d889ec52d358307a70c32ed,betonlineag,player_reception_yds,Luther Burden III,00-0040735,CHI,57.5,-114,-114,2026-09-12 15:12:50.011992+00:00,54.41679,43.3,0.36925,2026-09-12 15:12:59.968306+00:00,,
2026,1,2026_01_CHI_CAR,CAR,CHI,2026-09-13 17:00:00+00:00,fc362aff0d889ec52d358307a70c32ed,betonlineag,player_reception_yds,Darren Waller,00-0031610,CAR,16.5,-112,-115,2026-09-12 15:12:50.011992+00:00,10.849945000000002,2.0,0.23665,2026-09-12 15:12:59.968662+00:00,,
2026,1,2026_01_CHI_CAR,CAR,CHI,2026-09-13 17:00:00+00:00,fc362aff0d889ec52d358307a70c32ed,betonlineag,player_reception_yds,Cole Kmet,00-0036290,CHI,13.5,-115,-112,2026-09-12 15:12:50.011992+00:00,19.3668,9.8,0.42845,2026-09-12 15:12:59.969072+00:00,,
2026,1,2026_01_CHI_CAR,CAR,CHI,2026-09-13 17:00:00+00:00,fc362aff0d889ec52d358307a70c32ed,betonlineag,player_reception_yds,Colston Loveland,00-0040126,CHI,55.5,-103,-125,2026-09-12 15:12:50.011992+00:00,40.66758,30.9,0.27485,2026-09-12 15:12:59.969437+00:00,,
2026,1,2026_01_CHI_CAR,CAR,CHI,2026-09-13 17:00:00+00:00,fc362aff0d889ec52d358307a70c32ed,betonlineag,player_reception_yds,Rome Odunze,00-0039919,CHI,36.5,-114,-114,2026-09-12 15:12:50.011992+00:00,55.242825,46.1,0.59915,2026-09-12 15:12:59.969829+00:00,,
2026,1,2026_01_CHI_CAR,CAR,CHI,2026-09-13 17:00:00+00:00,fc362aff0d889ec52d358307a70c32ed,betonlineag,player_reception_yds,Chuba Hubbard,00-0036555,CAR,10.5,-115,-112,2026-09-12 15:12:50.011992+00:00,15.53115,10.6,0.5009,2026-09-12 15:12:59.970192+00:00,,
2026,1,2026_01_CHI_CAR,CAR,CHI,2026-09-13 17:00:00+00:00,fc362aff0d889ec52d358307a70c32ed,betonlineag,player_reception_yds,Tetairoa McMillan,00-0040124,CAR,62.5,-114,-114,2026-09-12 15:12:50.011992+00:00,57.59698,47.8,0.37765,2026-09-12 15:12:59.970553+00:00,,
2026,1,2026_01_CHI_CAR,CAR,CHI,2026-09-13 17:00:00+00:00,fc362aff0d889ec52d358307a70c32ed,betonlineag,player_reception_yds,Jalen Coker,00-0039491,CAR,42.5,-114,-114,2026-09-12 15:12:50.011992+00:00,47.346485,38.3,0.4547,2026-09-12 15:12:59.970933+00:00,,
2026,1,2026_01_CHI_CAR,CAR,CHI,2026-09-13 17:00:00+00:00,fc362aff0d889ec52d358307a70c32ed,betonlineag,player_rush_yds,Bryce Young,00-0039150,CAR,14.5,-116,-111,2026-09-12 15:12:50.011992+00:00,19.861925,14.3,0.49365,2026-09-12 15:12:59.971349+00:00,,
2026,1,2026_01_CHI_CAR,CAR,CHI,2026-09-13 17:00:00+00:00,fc362aff0d889ec52d358307a70c32ed,betonlineag,player_rush_yds,Caleb Williams,00-0039918,CHI,19.5,-115,-112,2026-09-12 15:12:50.011992+00:00,24.797635,18.7,0.4832,2026-09-12 15:12:59.971750+00:00,,
2026,1,2026_01_CHI_CAR,CAR,CHI,2026-09-13 17:00:00+00:00,fc362aff0d889ec52d358307a70c32ed,betonlineag,player_rush_yds,Kyle Monangai,00-0040236,CHI,31.5,-116,-111,2026-09-12 15:12:50.011992+00:00,36.02244,30.6,0.4865,2026-09-12 15:12:59.972137+00:00,,
2026,1,2026_01_CHI_CAR,CAR,CHI,2026-09-13 17:00:00+00:00,fc362aff0d889ec52d358307a70c32ed,betonlineag,player_rush_yds,Chuba Hubbard,00-0036555,CAR,53.5,-114,-114,2026-09-12 15:12:50.011992+00:00,64.66898,57.25,0.5397,2026-09-12 15:12:59.972573+00:00,,
2026,1,2026_01_CHI_CAR,CAR,CHI,2026-09-13 17:00:00+00:00,fc362aff0d889ec52d358307a70c32ed,betonlineag,player_rush_yds,Jonathon Brooks,00-0039344,CAR,32.5,-112,-115,2026-09-12 15:12:50.011992+00:00,31.334065,22.6,0.36635,2026-09-12 15:12:59.972963+00:00,,
2026,1,2026_01_CHI_CAR,CAR,CHI,2026-09-13 17:00:00+00:00,fc362aff0d889ec52d358307a70c32ed,betonlineag,player_rush_yds,D'Andre Swift,00-0036275,CHI,59.5,-120,-108,2026-09-12 15:12:50.011992+00:00,67.01413,60.7,0.51275,2026-09-12 15:12:59.973340+00:00,,
2026,1,2026_01_CHI_CAR,CAR,CHI,2026-09-13 17:00:00+00:00,fc362aff0d889ec52d358307a70c32ed,betrivers,player_reception_yds,Darren Waller,00-0031610,CAR,16.5,-120,-112,2026-09-12 15:12:50.011992+00:00,10.849945000000002,2.0,0.23665,2026-09-12 15:12:59.973698+00:00,,
2026,1,2026_01_CHI_CAR,CAR,CHI,2026-09-13 17:00:00+00:00,fc362aff0d889ec52d358307a70c32ed,betrivers,player_reception_yds,Chuba Hubbard,00-0036555,CAR,10.5,-120,-112,2026-09-12 15:12:50.011992+00:00,15.53115,10.6,0.5009,2026-09-12 15:12:59.974060+00:00,,
2026,1,2026_01_CHI_CAR,CAR,CHI,2026-09-13 17:00:00+00:00,fc362aff0d889ec52d358307a70c32ed,betrivers,player_reception_yds,Cole Kmet,00-0036290,CHI,15.5,-117,-114,2026-09-12 15:12:50.011992+00:00,19.3668,9.8,0.39395,2026-09-12 15:12:59.974463+00:00,,
2026,1,2026_01_CHI_CAR,CAR,CHI,2026-09-13 17:00:00+00:00,fc362aff0d889ec52d358307a70c32ed,betrivers,player_reception_yds,D'Andre Swift,00-0036275,CHI,14.5,-118,-113,2026-09-12 15:12:50.011992+00:00,15.37285,9.8,0.3818,2026-09-12 15:12:59.974874+00:00,,
2026,1,2026_01_CHI_CAR,CAR,CHI,2026-09-13 17:00:00+00:00,fc362aff0d889ec52d358307a70c32ed,betrivers,player_reception_yds,Tetairoa McMillan,00-0040124,CAR,56.5,-118,-113,2026-09-12 15:12:50.011992+00:00,57.59698,47.8,0.42425,2026-09-12 15:12:59.975232+00:00,,
2026,1,2026_01_CHI_CAR,CAR,CHI,2026-09-13 17:00:00+00:00,fc362aff0d889ec52d358307a70c32ed,betrivers,player_reception_yds,Colston Loveland,00-0040126,CHI,53.5,-118,-113,2026-09-12 15:12:50.011992+00:00,40.66758,30.9,0.28875,2026-09-12 15:12:59.975597+00:00,,
2026,1,2026_01_CHI_CAR,CAR,CHI,2026-09-13 17:00:00+00:00,fc362aff0d889ec52d358307a70c32ed,betrivers,player_reception_yds,Rome Odunze,00-0039919,CHI,41.5,-115,-115,2026-09-12 15:12:50.011992+00:00,55.242825,46.1,0.547,2026-09-12 15:12:59.975990+00:00,,
2026,1,2026_01_CHI_CAR,CAR,CHI,2026-09-13 17:00:00+00:00,fc362aff0d889ec52d358307a70c32ed,betrivers,player_reception_yds,Tommy Tremble,00-0037005,CAR,11.5,-110,-121,2026-09-12 15:12:50.011992+00:00,29.812615,22.55,0.69185,2026-09-12 15:12:59.976411+00:00,,
2026,1,2026_01_CHI_CAR,CAR,CHI,2026-09-13 17:00:00+00:00,fc362aff0d889ec52d358307a70c32ed,betrivers,player_reception_yds,Luther Burden III,00-0040735,CHI,57.5,-117,-114,2026-09-12 15:12:50.011992+00:00,54.41679,43.3,0.36925,2026-09-12 15:12:59.976841+00:00,,
2026,1,2026_01_CHI_CAR,CAR,CHI,2026-09-13 17:00:00+00:00,fc362aff0d889ec52d358307a70c32ed,betrivers,player_reception_yds,Xavier Legette,00-0039342,CAR,18.5,-113,-118,2026-09-12 15:12:50.011992+00:00,28.173875,20.4,0.5272,2026-09-12 15:12:59.977205+00:00,,
2026,1,2026_01_CHI_CAR,CAR,CHI,2026-09-13 17:00:00+00:00,fc362aff0d889ec52d358307a70c32ed,betrivers,player_reception_yds,Jalen Coker,00-0039491,CAR,38.5,-115,-115,2026-09-12 15:12:50.011992+00:00,47.346485,38.3,0.49745,2026-09-12 15:12:59.977584+00:00,,
2026,1,2026_01_CHI_CAR,CAR,CHI,2026-09-13 17:00:00+00:00,fc362aff0d889ec52d358307a70c32ed,betrivers,player_rush_yds,Jonathon Brooks,00-0039344,CAR,34.5,-112,-120,2026-09-12 15:12:50.011992+00:00,31.334065,22.6,0.3435,2026-09-12 15:12:59.977974+00:00,,
2026,1,2026_01_CHI_CAR,CAR,CHI,2026-09-13 17:00:00+00:00,fc362aff0d889ec52d358307a70c32ed,betrivers,player_rush_yds,Kyle Monangai,00-0040236,CHI,31.5,-117,-114,2026-09-12 15:12:50.011992+00:00,36.02244,30.6,0.4865,2026-09-12 15:12:59.978379+00:00,,
2026,1,2026_01_CHI_CAR,CAR,CHI,2026-09-13 17:00:00+00:00,fc362aff0d889ec52d358307a70c32ed,betrivers,player_rush_yds,D'Andre Swift,00-0036275,CHI,63.5,-117,-114,2026-09-12 15:12:50.011992+00:00,67.01413,60.7,0.47075,2026-09-12 15:12:59.978759+00:00,,
2026,1,2026_01_CHI_CAR,CAR,CHI,2026-09-13 17:00:00+00:00,fc362aff0d889ec52d358307a70c32ed,betrivers,player_rush_yds,Chuba Hubbard,00-0036555,CAR,50.5,-117,-114,2026-09-12 15:12:50.011992+00:00,64.66898,57.25,0.57105,2026-09-12 15:12:59.979186+00:00,,
2026,1,2026_01_CHI_CAR,CAR,CHI,2026-09-13 17:00:00+00:00,fc362aff0d889ec52d358307a70c32ed,betrivers,player_rush_yds,Bryce Young,00-0039150,CAR,14.5,-118,-113,2026-09-12 15:12:50.011992+00:00,19.861925,14.3,0.49365,2026-09-12 15:12:59.979619+00:00,,
2026,1,2026_01_CHI_CAR,CAR,CHI,2026-09-13 17:00:00+00:00,fc362aff0d889ec52d358307a70c32ed,betrivers,player_rush_yds,Caleb Williams,00-0039918,CHI,19.5,-117,-114,2026-09-12 15:12:50.011992+00:00,24.797635,18.7,0.4832,2026-09-12 15:12:59.980022+00:00,,
2026,1,2026_01_CHI_CAR,CAR,CHI,2026-09-13 17:00:00+00:00,fc362aff0d889ec52d358307a70c32ed,betmgm,player_reception_yds,Tetairoa McMillan,00-0040124,CAR,58.5,-115,-115,2026-09-12 15:12:50.011992+00:00,57.59698,47.8,0.40835,2026-09-12 15:12:59.980395+00:00,,
2026,1,2026_01_CHI_CAR,CAR,CHI,2026-09-13 17:00:00+00:00,fc362aff0d889ec52d358307a70c32ed,betmgm,player_reception_yds,Jalen Coker,00-0039491,CAR,39.5,-115,-115,2026-09-12 15:12:50.011992+00:00,47.346485,38.3,0.4852,2026-09-12 15:12:59.980772+00:00,,
2026,1,2026_01_CHI_CAR,CAR,CHI,2026-09-13 17:00:00+00:00,fc362aff0d889ec52d358307a70c32ed,betmgm,player_reception_yds,Xavier Legette,00-0039342,CAR,18.5,-111,-118,2026-09-12 15:12:50.011992+00:00,28.173875,20.4,0.5272,2026-09-12 15:12:59.981142+00:00,,
2026,1,2026_01_CHI_CAR,CAR,CHI,2026-09-13 17:00:00+00:00,fc362aff0d889ec52d358307a70c32ed,betmgm,player_reception_yds,Cole Kmet,00-0036290,CHI,13.5,-115,-115,2026-09-12 15:12:50.011992+00:00,19.3668,9.8,0.42845,2026-09-12 15:12:59.981551+00:00,,
2026,1,2026_01_CHI_CAR,CAR,CHI,2026-09-13 17:00:00+00:00,fc362aff0d889ec52d358307a70c32ed,betmgm,player_reception_yds,Colston Loveland,00-0040126,CHI,54.5,-115,-115,2026-09-12 15:12:50.011992+00:00,40.66758,30.9,0.28235,2026-09-12 15:12:59.981920+00:00,,
2026,1,2026_01_CHI_CAR,CAR,CHI,2026-09-13 17:00:00+00:00,fc362aff0d889ec52d358307a70c32ed,betmgm,player_reception_yds,D'Andre Swift,00-0036275,CHI,13.5,-110,-120,2026-09-12 15:12:50.011992+00:00,15.37285,9.8,0.4043,2026-09-12 15:12:59.982325+00:00,,
2026,1,2026_01_CHI_CAR,CAR,CHI,2026-09-13 17:00:00+00:00,fc362aff0d889ec52d358307a70c32ed,betmgm,player_reception_yds,Tommy Tremble,00-0037005,CAR,11.5,-115,-115,2026-09-12 15:12:50.011992+00:00,29.812615,22.55,0.69185,2026-09-12 15:12:59.982746+00:00,,
2026,1,2026_01_CHI_CAR,CAR,CHI,2026-09-13 17:00:00+00:00,fc362aff0d889ec52d358307a70c32ed,betmgm,player_reception_yds,Chuba Hubbard,00-0036555,CAR,11.5,-120,-111,2026-09-12 15:12:50.011992+00:00,15.53115,10.6,0.47725,2026-09-12 15:12:59.983105+00:00,,
2026,1,2026_01_CHI_CAR,CAR,CHI,2026-09-13 17:00:00+00:00,fc362aff0d889ec52d358307a70c32ed,betmgm,player_reception_yds,Darren Waller,00-0031610,CAR,16.5,-115,-115,2026-09-12 15:12:50.011992+00:00,10.849945000000002,2.0,0.23665,2026-09-12 15:12:59.983469+00:00,,
2026,1,2026_01_CHI_CAR,CAR,CHI,2026-09-13 17:00:00+00:00,fc362aff0d889ec52d358307a70c32ed,betmgm,player_reception_yds,Kyle Monangai,00-0040236,CHI,5.5,-111,-120,2026-09-12 15:12:50.011992+00:00,8.418195,2.8,0.40395,2026-09-12 15:12:59.983857+00:00,,
2026,1,2026_01_CHI_CAR,CAR,CHI,2026-09-13 17:00:00+00:00,fc362aff0d889ec52d358307a70c32ed,betmgm,player_rush_yds,Bryce Young,00-0039150,CAR,14.5,-120,-110,2026-09-12 15:12:50.011992+00:00,19.861925,14.3,0.49365,2026-09-12 15:12:59.984268+00:00,,
2026,1,2026_01_CHI_CAR,CAR,CHI,2026-09-13 17:00:00+00:00,fc362aff0d889ec52d358307a70c32ed,betmgm,player_rush_yds,Caleb Williams,00-0039918,CHI,17.5,-135,100,2026-09-12 15:12:50.011992+00:00,24.797635,18.7,0.5213,2026-09-12 15:12:59.984670+00:00,,
2026,1,2026_01_CHI_CAR,CAR,CHI,2026-09-13 17:00:00+00:00,fc362aff0d889ec52d358307a70c32ed,betmgm,player_rush_yds,D'Andre Swift,00-0036275,CHI,61.5,-115,-115,2026-09-12 15:12:50.011992+00:00,67.01413,60.7,0.49155,2026-09-12 15:12:59.985054+00:00,,
2026,1,2026_01_CHI_CAR,CAR,CHI,2026-09-13 17:00:00+00:00,fc362aff0d889ec52d358307a70c32ed,betmgm,player_rush_yds,Chuba Hubbard,00-0036555,CAR,53.5,-115,-115,2026-09-12 15:12:50.011992+00:00,64.66898,57.25,0.5397,2026-09-12 15:12:59.985479+00:00,,
2026,1,2026_01_CHI_CAR,CAR,CHI,2026-09-13 17:00:00+00:00,fc362aff0d889ec52d358307a70c32ed,betmgm,player_rush_yds,Kyle Monangai,00-0040236,CHI,32.5,-115,-115,2026-09-12 15:12:50.011992+00:00,36.02244,30.6,0.4719,2026-09-12 15:12:59.985865+00:00,,
2026,1,2026_01_CHI_CAR,CAR,CHI,2026-09-13 17:00:00+00:00,fc362aff0d889ec52d358307a70c32ed,bovada,player_reception_yds,Cole Kmet,00-0036290,CHI,14.5,-110,-120,2026-09-12 15:12:50.011992+00:00,19.3668,9.8,0.4109,2026-09-12 15:12:59.986266+00:00,,
2026,1,2026_01_CHI_CAR,CAR,CHI,2026-09-13 17:00:00+00:00,fc362aff0d889ec52d358307a70c32ed,bovada,player_reception_yds,Colston Loveland,00-0040126,CHI,54.5,-115,-115,2026-09-12 15:12:50.011992+00:00,40.66758,30.9,0.28235,2026-09-12 15:12:59.986632+00:00,,
2026,1,2026_01_CHI_CAR,CAR,CHI,2026-09-13 17:00:00+00:00,fc362aff0d889ec52d358307a70c32ed,bovada,player_reception_yds,D'Andre Swift,00-0036275,CHI,14.5,-110,-120,2026-09-12 15:12:50.011992+00:00,15.37285,9.8,0.3818,2026-09-12 15:12:59.987046+00:00,,
2026,1,2026_01_CHI_CAR,CAR,CHI,2026-09-13 17:00:00+00:00,fc362aff0d889ec52d358307a70c32ed,bovada,player_reception_yds,Jalen Coker,00-0039491,CAR,40.5,-120,-110,2026-09-12 15:12:50.011992+00:00,47.346485,38.3,0.47545,2026-09-12 15:12:59.987421+00:00,,
2026,1,2026_01_CHI_CAR,CAR,CHI,2026-09-13 17:00:00+00:00,fc362aff0d889ec52d358307a70c32ed,bovada,player_reception_yds,Kalif Raymond,00-0032464,CHI,14.5,-115,-115,2026-09-12 15:12:50.011992+00:00,32.158224999999995,23.5,0.63345,2026-09-12 15:12:59.987830+00:00,,
2026,1,2026_01_CHI_CAR,CAR,CHI,2026-09-13 17:00:00+00:00,fc362aff0d889ec52d358307a70c32ed,bovada,player_reception_yds,Kyle Monangai,00-0040236,CHI,6.5,-110,-120,2026-09-12 15:12:50.011992+00:00,8.418195,2.8,0.37405,2026-09-12 15:12:59.988222+00:00,,
2026,1,2026_01_CHI_CAR,CAR,CHI,2026-09-13 17:00:00+00:00,fc362aff0d889ec52d358307a70c32ed,bovada,player_reception_yds,Luther Burden III,00-0040735,CHI,60.5,-110,-120,2026-09-12 15:12:50.011992+00:00,54.41679,43.3,0.3465,2026-09-12 15:12:59.988642+00:00,,
2026,1,2026_01_CHI_CAR,CAR,CHI,2026-09-13 17:00:00+00:00,fc362aff0d889ec52d358307a70c32ed,bovada,player_reception_yds,Rome Odunze,00-0039919,CHI,39.5,-110,-120,2026-09-12 15:12:50.011992+00:00,55.242825,46.1,0.5658,2026-09-12 15:12:59.989035+00:00,,
2026,1,2026_01_CHI_CAR,CAR,CHI,2026-09-13 17:00:00+00:00,fc362aff0d889ec52d358307a70c32ed,bovada,player_reception_yds,Tetairoa McMillan,00-0040124,CAR,60.5,-115,-115,2026-09-12 15:12:50.011992+00:00,57.59698,47.8,0.3931,2026-09-12 15:12:59.989396+00:00,,
2026,1,2026_01_CHI_CAR,CAR,CHI,2026-09-13 17:00:00+00:00,fc362aff0d889ec52d358307a70c32ed,bovada,player_reception_yds,Tommy Tremble,00-0037005,CAR,12.5,-110,-120,2026-09-12 15:12:50.011992+00:00,29.812615,22.55,0.6724,2026-09-12 15:12:59.989824+00:00,,
2026,1,2026_01_CHI_CAR,CAR,CHI,2026-09-13 17:00:00+00:00,fc362aff0d889ec52d358307a70c32ed,bovada,player_reception_yds,Xavier Legette,00-0039342,CAR,18.5,-110,-120,2026-09-12 15:12:50.011992+00:00,28.173875,20.4,0.5272,2026-09-12 15:12:59.990185+00:00,,
2026,1,2026_01_CHI_CAR,CAR,CHI,2026-09-13 17:00:00+00:00,fc362aff0d889ec52d358307a70c32ed,bovada,player_rush_yds,Bryce Young,00-0039150,CAR,14.5,-115,-115,2026-09-12 15:12:50.011992+00:00,19.861925,14.3,0.49365,2026-09-12 15:12:59.990598+00:00,,
2026,1,2026_01_CHI_CAR,CAR,CHI,2026-09-13 17:00:00+00:00,fc362aff0d889ec52d358307a70c32ed,bovada,player_rush_yds,Caleb Williams,00-0039918,CHI,20.5,-115,-115,2026-09-12 15:12:50.011992+00:00,24.797635,18.7,0.46515,2026-09-12 15:12:59.991000+00:00,,
2026,1,2026_01_CHI_CAR,CAR,CHI,2026-09-13 17:00:00+00:00,fc362aff0d889ec52d358307a70c32ed,bovada,player_rush_yds,D'Andre Swift,00-0036275,CHI,62.5,-115,-115,2026-09-12 15:12:50.011992+00:00,67.01413,60.7,0.4815,2026-09-12 15:12:59.991373+00:00,,
2026,1,2026_01_CHI_CAR,CAR,CHI,2026-09-13 17:00:00+00:00,fc362aff0d889ec52d358307a70c32ed,bovada,player_rush_yds,Kyle Monangai,00-0040236,CHI,30.5,-115,-115,2026-09-12 15:12:50.011992+00:00,36.02244,30.6,0.5011,2026-09-12 15:12:59.991758+00:00,,
2026,1,2026_01_TB_CIN,CIN,TB,2026-09-13 17:00:00+00:00,ed6d24ff979f9c71979fead577b0b3f7,draftkings,player_reception_yds,Ja'Marr Chase,00-0036900,CIN,84.5,-114,-110,2026-09-12 15:12:50.212400+00:00,82.46952,72.6,0.4106,2026-09-12 15:13:00.103316+00:00,,
2026,1,2026_01_TB_CIN,CIN,TB,2026-09-13 17:00:00+00:00,ed6d24ff979f9c71979fead577b0b3f7,draftkings,player_reception_yds,Tee Higgins,00-0036410,CIN,65.5,-111,-113,2026-09-12 15:12:50.212400+00:00,58.609930000000006,48.0,0.35175,2026-09-12 15:13:00.215618+00:00,,
2026,1,2026_01_TB_CIN,CIN,TB,2026-09-13 17:00:00+00:00,ed6d24ff979f9c71979fead577b0b3f7,draftkings,player_reception_yds,Emeka Egbuka,00-0040129,TB,57.5,-110,-114,2026-09-12 15:12:50.212400+00:00,65.032595,47.6,0.4246,2026-09-12 15:13:00.328149+00:00,,
2026,1,2026_01_TB_CIN,CIN,TB,2026-09-13 17:00:00+00:00,ed6d24ff979f9c71979fead577b0b3f7,draftkings,player_reception_yds,Chris Godwin,00-0033921,TB,48.5,-109,-115,2026-09-12 15:12:50.212400+00:00,90.140645,81.4,0.75695,2026-09-12 15:13:00.443512+00:00,,
2026,1,2026_01_TB_CIN,CIN,TB,2026-09-13 17:00:00+00:00,ed6d24ff979f9c71979fead577b0b3f7,draftkings,player_reception_yds,Cade Otton,00-0038129,TB,32.5,-110,-114,2026-09-12 15:12:50.212400+00:00,39.42498,30.8,0.47935,2026-09-12 15:13:00.556034+00:00,,
2026,1,2026_01_TB_CIN,CIN,TB,2026-09-13 17:00:00+00:00,ed6d24ff979f9c71979fead577b0b3f7,draftkings,player_reception_yds,Chase Brown,00-0038597,CIN,24.5,-115,-109,2026-09-12 15:12:50.212400+00:00,20.553135,16.3,0.31765,2026-09-12 15:13:00.670132+00:00,,
2026,1,2026_01_TB_CIN,CIN,TB,2026-09-13 17:00:00+00:00,ed6d24ff979f9c71979fead577b0b3f7,draftkings,player_reception_yds,Kenny Gainwell,00-0036919,TB,23.5,-114,-110,2026-09-12 15:12:50.212400+00:00,14.484985,9.7,0.2102,2026-09-12 15:13:00.781266+00:00,,
2026,1,2026_01_TB_CIN,CIN,TB,2026-09-13 17:00:00+00:00,ed6d24ff979f9c71979fead577b0b3f7,draftkings,player_reception_yds,Mike Gesicki,00-0034829,CIN,20.5,-113,-111,2026-09-12 15:12:50.212400+00:00,43.641525,36.3,0.7106,2026-09-12 15:13:00.894871+00:00,,
2026,1,2026_01_TB_CIN,CIN,TB,2026-09-13 17:00:00+00:00,ed6d24ff979f9c71979fead577b0b3f7,draftkings,player_reception_yds,Andrei Iosivas,00-0038619,CIN,14.5,-113,-111,2026-09-12 15:12:50.212400+00:00,29.64064,20.8,0.5925,2026-09-12 15:13:01.005108+00:00,,
2026,1,2026_01_TB_CIN,CIN,TB,2026-09-13 17:00:00+00:00,ed6d24ff979f9c71979fead577b0b3f7,draftkings,player_reception_yds,Bucky Irving,00-0039361,TB,13.5,-118,-106,2026-09-12 15:12:50.212400+00:00,19.528465,14.6,0.5245,2026-09-12 15:13:01.118072+00:00,,
2026,1,2026_01_TB_CIN,CIN,TB,2026-09-13 17:00:00+00:00,ed6d24ff979f9c71979fead577b0b3f7,draftkings,player_reception_yds,Samaje Perine,00-0033526,CIN,6.5,-107,-117,2026-09-12 15:12:50.212400+00:00,8.76487,3.5,0.3977,2026-09-12 15:13:01.227385+00:00,,
2026,1,2026_01_TB_CIN,CIN,TB,2026-09-13 17:00:00+00:00,ed6d24ff979f9c71979fead577b0b3f7,draftkings,player_rush_yds,Bucky Irving,00-0039361,TB,59.5,-109,-115,2026-09-12 15:12:50.212400+00:00,92.40858,85.9,0.7328,2026-09-12 15:13:01.331140+00:00,,
2026,1,2026_01_TB_CIN,CIN,TB,2026-09-13 17:00:00+00:00,ed6d24ff979f9c71979fead577b0b3f7,draftkings,player_rush_yds,Chase Brown,00-0038597,CIN,58.5,-114,-110,2026-09-12 15:12:50.212400+00:00,60.23274,54.4,0.45395,2026-09-12 15:13:01.431671+00:00,,
2026,1,2026_01_TB_CIN,CIN,TB,2026-09-13 17:00:00+00:00,ed6d24ff979f9c71979fead577b0b3f7,draftkings,player_rush_yds,Kenny Gainwell,00-0036919,TB,21.5,-116,-109,2026-09-12 15:12:50.212400+00:00,37.726545,31.2,0.64805,2026-09-12 15:13:01.535578+00:00,,
2026,1,2026_01_TB_CIN,CIN,TB,2026-09-13 17:00:00+00:00,ed6d24ff979f9c71979fead577b0b3f7,draftkings,player_rush_yds,Samaje Perine,00-0033526,CIN,17.5,-107,-117,2026-09-12 15:12:50.212400+00:00,21.934825,16.0,0.4691,2026-09-12 15:13:01.635669+00:00,,
2026,1,2026_01_TB_CIN,CIN,TB,2026-09-13 17:00:00+00:00,ed6d24ff979f9c71979fead577b0b3f7,draftkings,player_rush_yds,Baker Mayfield,00-0034855,TB,16.5,-114,-110,2026-09-12 15:12:50.212400+00:00,24.94771,18.7,0.54035,2026-09-12 15:13:01.741447+00:00,,
2026,1,2026_01_TB_CIN,CIN,TB,2026-09-13 17:00:00+00:00,ed6d24ff979f9c71979fead577b0b3f7,draftkings,player_rush_yds,Joe Burrow,00-0036442,CIN,8.5,-110,-114,2026-09-12 15:12:50.212400+00:00,16.596619999999998,11.4,0.57645,2026-09-12 15:13:01.841255+00:00,,
2026,1,2026_01_TB_CIN,CIN,TB,2026-09-13 17:00:00+00:00,ed6d24ff979f9c71979fead577b0b3f7,fanduel,player_reception_yds,Mike Gesicki,00-0034829,CIN,21.5,-114,-114,2026-09-12 15:12:50.212400+00:00,43.641525,36.3,0.6972,2026-09-12 15:13:01.841716+00:00,,
2026,1,2026_01_TB_CIN,CIN,TB,2026-09-13 17:00:00+00:00,ed6d24ff979f9c71979fead577b0b3f7,fanduel,player_reception_yds,Chris Godwin,00-0033921,TB,46.5,-114,-114,2026-09-12 15:12:50.212400+00:00,90.140645,81.4,0.77225,2026-09-12 15:13:01.842126+00:00,,
2026,1,2026_01_TB_CIN,CIN,TB,2026-09-13 17:00:00+00:00,ed6d24ff979f9c71979fead577b0b3f7,fanduel,player_reception_yds,Cade Otton,00-0038129,TB,31.5,-114,-114,2026-09-12 15:12:50.212400+00:00,39.42498,30.8,0.4907,2026-09-12 15:13:01.842510+00:00,,
2026,1,2026_01_TB_CIN,CIN,TB,2026-09-13 17:00:00+00:00,ed6d24ff979f9c71979fead577b0b3f7,fanduel,player_reception_yds,Emeka Egbuka,00-0040129,TB,58.5,-114,-114,2026-09-12 15:12:50.212400+00:00,65.032595,47.6,0.41765,2026-09-12 15:13:01.842938+00:00,,
2026,1,2026_01_TB_CIN,CIN,TB,2026-09-13 17:00:00+00:00,ed6d24ff979f9c71979fead577b0b3f7,fanduel,player_reception_yds,Tee Higgins,00-0036410,CIN,62.5,-114,-114,2026-09-12 15:12:50.212400+00:00,58.609930000000006,48.0,0.3755,2026-09-12 15:13:01.843302+00:00,,
2026,1,2026_01_TB_CIN,CIN,TB,2026-09-13 17:00:00+00:00,ed6d24ff979f9c71979fead577b0b3f7,fanduel,player_reception_yds,Bucky Irving,00-0039361,TB,13.5,-114,-114,2026-09-12 15:12:50.212400+00:00,19.528465,14.6,0.5245,2026-09-12 15:13:01.843645+00:00,,
2026,1,2026_01_TB_CIN,CIN,TB,2026-09-13 17:00:00+00:00,ed6d24ff979f9c71979fead577b0b3f7,fanduel,player_reception_yds,Andrei Iosivas,00-0038619,CIN,15.5,-114,-114,2026-09-12 15:12:50.212400+00:00,29.64064,20.8,0.5777,2026-09-12 15:13:01.844060+00:00,,
2026,1,2026_01_TB_CIN,CIN,TB,2026-09-13 17:00:00+00:00,ed6d24ff979f9c71979fead577b0b3f7,fanduel,player_reception_yds,Chase Brown,00-0038597,CIN,23.5,-114,-114,2026-09-12 15:12:50.212400+00:00,20.553135,16.3,0.33725,2026-09-12 15:13:01.844459+00:00,,
2026,1,2026_01_TB_CIN,CIN,TB,2026-09-13 17:00:00+00:00,ed6d24ff979f9c71979fead577b0b3f7,fanduel,player_reception_yds,Kenny Gainwell,00-0036919,TB,23.5,-114,-114,2026-09-12 15:12:50.212400+00:00,14.484985,9.7,0.2102,2026-09-12 15:13:01.844892+00:00,,
2026,1,2026_01_TB_CIN,CIN,TB,2026-09-13 17:00:00+00:00,ed6d24ff979f9c71979fead577b0b3f7,fanduel,player_reception_yds,Ja'Marr Chase,00-0036900,CIN,85.5,-114,-114,2026-09-12 15:12:50.212400+00:00,82.46952,72.6,0.4037,2026-09-12 15:13:01.845308+00:00,,
2026,1,2026_01_TB_CIN,CIN,TB,2026-09-13 17:00:00+00:00,ed6d24ff979f9c71979fead577b0b3f7,fanduel,player_reception_yds,Samaje Perine,00-0033526,CIN,6.5,-114,-114,2026-09-12 15:12:50.212400+00:00,8.76487,3.5,0.3977,2026-09-12 15:13:01.845707+00:00,,
2026,1,2026_01_TB_CIN,CIN,TB,2026-09-13 17:00:00+00:00,ed6d24ff979f9c71979fead577b0b3f7,fanduel,player_rush_yds,Bucky Irving,00-0039361,TB,57.5,-114,-114,2026-09-12 15:12:50.212400+00:00,92.40858,85.9,0.7502,2026-09-12 15:13:01.846112+00:00,,
2026,1,2026_01_TB_CIN,CIN,TB,2026-09-13 17:00:00+00:00,ed6d24ff979f9c71979fead577b0b3f7,fanduel,player_rush_yds,Baker Mayfield,00-0034855,TB,15.5,-114,-114,2026-09-12 15:12:50.212400+00:00,24.94771,18.7,0.56115,2026-09-12 15:13:01.846514+00:00,,
2026,1,2026_01_TB_CIN,CIN,TB,2026-09-13 17:00:00+00:00,ed6d24ff979f9c71979fead577b0b3f7,fanduel,player_rush_yds,Joe Burrow,00-0036442,CIN,7.5,-114,-114,2026-09-12 15:12:50.212400+00:00,16.596619999999998,11.4,0.60455,2026-09-12 15:13:01.846931+00:00,,
2026,1,2026_01_TB_CIN,CIN,TB,2026-09-13 17:00:00+00:00,ed6d24ff979f9c71979fead577b0b3f7,fanduel,player_rush_yds,Chase Brown,00-0038597,CIN,56.5,-114,-114,2026-09-12 15:12:50.212400+00:00,60.23274,54.4,0.4751,2026-09-12 15:13:01.847324+00:00,,
2026,1,2026_01_TB_CIN,CIN,TB,2026-09-13 17:00:00+00:00,ed6d24ff979f9c71979fead577b0b3f7,fanduel,player_rush_yds,Kenny Gainwell,00-0036919,TB,20.5,-114,-114,2026-09-12 15:12:50.212400+00:00,37.726545,31.2,0.66455,2026-09-12 15:13:01.847726+00:00,,
2026,1,2026_01_TB_CIN,CIN,TB,2026-09-13 17:00:00+00:00,ed6d24ff979f9c71979fead577b0b3f7,fanduel,player_rush_yds,Samaje Perine,00-0033526,CIN,18.5,-114,-114,2026-09-12 15:12:50.212400+00:00,21.934825,16.0,0.4495,2026-09-12 15:13:01.848148+00:00,,
2026,1,2026_01_TB_CIN,CIN,TB,2026-09-13 17:00:00+00:00,ed6d24ff979f9c71979fead577b0b3f7,betonlineag,player_reception_yds,Tee Higgins,00-0036410,CIN,60.5,-114,-114,2026-09-12 15:12:50.212400+00:00,58.609930000000006,48.0,0.39195,2026-09-12 15:13:01.848502+00:00,,
2026,1,2026_01_TB_CIN,CIN,TB,2026-09-13 17:00:00+00:00,ed6d24ff979f9c71979fead577b0b3f7,betonlineag,player_reception_yds,Ja'Marr Chase,00-0036900,CIN,85.5,-114,-114,2026-09-12 15:12:50.212400+00:00,82.46952,72.6,0.4037,2026-09-12 15:13:01.848910+00:00,,
2026,1,2026_01_TB_CIN,CIN,TB,2026-09-13 17:00:00+00:00,ed6d24ff979f9c71979fead577b0b3f7,betonlineag,player_reception_yds,Bucky Irving,00-0039361,TB,13.5,-118,-110,2026-09-12 15:12:50.212400+00:00,19.528465,14.6,0.5245,2026-09-12 15:13:01.849284+00:00,,
2026,1,2026_01_TB_CIN,CIN,TB,2026-09-13 17:00:00+00:00,ed6d24ff979f9c71979fead577b0b3f7,betonlineag,player_reception_yds,Samaje Perine,00-0033526,CIN,6.5,-111,-116,2026-09-12 15:12:50.212400+00:00,8.76487,3.5,0.3977,2026-09-12 15:13:01.849679+00:00,,
2026,1,2026_01_TB_CIN,CIN,TB,2026-09-13 17:00:00+00:00,ed6d24ff979f9c71979fead577b0b3f7,betonlineag,player_reception_yds,Mike Gesicki,00-0034829,CIN,20.5,-115,-112,2026-09-12 15:12:50.212400+00:00,43.641525,36.3,0.7106,2026-09-12 15:13:01.850093+00:00,,
2026,1,2026_01_TB_CIN,CIN,TB,2026-09-13 17:00:00+00:00,ed6d24ff979f9c71979fead577b0b3f7,betonlineag,player_reception_yds,Chase Brown,00-0038597,CIN,24.5,-120,-108,2026-09-12 15:12:50.212400+00:00,20.553135,16.3,0.31765,2026-09-12 15:13:01.850484+00:00,,
2026,1,2026_01_TB_CIN,CIN,TB,2026-09-13 17:00:00+00:00,ed6d24ff979f9c71979fead577b0b3f7,betonlineag,player_reception_yds,Emeka Egbuka,00-0040129,TB,57.5,-114,-114,2026-09-12 15:12:50.212400+00:00,65.032595,47.6,0.4246,2026-09-12 15:13:01.850904+00:00,,
2026,1,2026_01_TB_CIN,CIN,TB,2026-09-13 17:00:00+00:00,ed6d24ff979f9c71979fead577b0b3f7,betonlineag,player_reception_yds,Kenny Gainwell,00-0036919,TB,23.5,-115,-112,2026-09-12 15:12:50.212400+00:00,14.484985,9.7,0.2102,2026-09-12 15:13:01.851331+00:00,,
2026,1,2026_01_TB_CIN,CIN,TB,2026-09-13 17:00:00+00:00,ed6d24ff979f9c71979fead577b0b3f7,betonlineag,player_reception_yds,Andrei Iosivas,00-0038619,CIN,15.5,-114,-114,2026-09-12 15:12:50.212400+00:00,29.64064,20.8,0.5777,2026-09-12 15:13:01.851730+00:00,,
2026,1,2026_01_TB_CIN,CIN,TB,2026-09-13 17:00:00+00:00,ed6d24ff979f9c71979fead577b0b3f7,betonlineag,player_reception_yds,Cade Otton,00-0038129,TB,31.5,-118,-110,2026-09-12 15:12:50.212400+00:00,39.42498,30.8,0.4907,2026-09-12 15:13:01.852102+00:00,,
2026,1,2026_01_TB_CIN,CIN,TB,2026-09-13 17:00:00+00:00,ed6d24ff979f9c71979fead577b0b3f7,betonlineag,player_reception_yds,Chris Godwin,00-0033921,TB,47.5,-119,-109,2026-09-12 15:12:50.212400+00:00,90.140645,81.4,0.7642,2026-09-12 15:13:01.852497+00:00,,
2026,1,2026_01_TB_CIN,CIN,TB,2026-09-13 17:00:00+00:00,ed6d24ff979f9c71979fead577b0b3f7,betonlineag,player_rush_yds,Bucky Irving,00-0039361,TB,57.5,-115,-112,2026-09-12 15:12:50.212400+00:00,92.40858,85.9,0.7502,2026-09-12 15:13:01.852906+00:00,,
2026,1,2026_01_TB_CIN,CIN,TB,2026-09-13 17:00:00+00:00,ed6d24ff979f9c71979fead577b0b3f7,betonlineag,player_rush_yds,Kenny Gainwell,00-0036919,TB,21.5,-118,-110,2026-09-12 15:12:50.212400+00:00,37.726545,31.2,0.64805,2026-09-12 15:13:01.853308+00:00,,
2026,1,2026_01_TB_CIN,CIN,TB,2026-09-13 17:00:00+00:00,ed6d24ff979f9c71979fead577b0b3f7,betonlineag,player_rush_yds,Joe Burrow,00-0036442,CIN,8.5,-114,-114,2026-09-12 15:12:50.212400+00:00,16.596619999999998,11.4,0.57645,2026-09-12 15:13:01.853718+00:00,,
2026,1,2026_01_TB_CIN,CIN,TB,2026-09-13 17:00:00+00:00,ed6d24ff979f9c71979fead577b0b3f7,betonlineag,player_rush_yds,Samaje Perine,00-0033526,CIN,18.5,-111,-116,2026-09-12 15:12:50.212400+00:00,21.934825,16.0,0.4495,2026-09-12 15:13:01.854137+00:00,,
2026,1,2026_01_TB_CIN,CIN,TB,2026-09-13 17:00:00+00:00,ed6d24ff979f9c71979fead577b0b3f7,betonlineag,player_rush_yds,Chase Brown,00-0038597,CIN,56.5,-114,-114,2026-09-12 15:12:50.212400+00:00,60.23274,54.4,0.4751,2026-09-12 15:13:01.854527+00:00,,
2026,1,2026_01_TB_CIN,CIN,TB,2026-09-13 17:00:00+00:00,ed6d24ff979f9c71979fead577b0b3f7,betonlineag,player_rush_yds,Baker Mayfield,00-0034855,TB,17.5,-114,-114,2026-09-12 15:12:50.212400+00:00,24.94771,18.7,0.52215,2026-09-12 15:13:01.854936+00:00,,
2026,1,2026_01_TB_CIN,CIN,TB,2026-09-13 17:00:00+00:00,ed6d24ff979f9c71979fead577b0b3f7,betrivers,player_reception_yds,Kenny Gainwell,00-0036919,TB,22.5,-112,-120,2026-09-12 15:12:50.212400+00:00,14.484985,9.7,0.2239,2026-09-12 15:13:01.855360+00:00,,
2026,1,2026_01_TB_CIN,CIN,TB,2026-09-13 17:00:00+00:00,ed6d24ff979f9c71979fead577b0b3f7,betrivers,player_reception_yds,Samaje Perine,00-0033526,CIN,6.5,-109,-122,2026-09-12 15:12:50.212400+00:00,8.76487,3.5,0.3977,2026-09-12 15:13:01.855748+00:00,,
2026,1,2026_01_TB_CIN,CIN,TB,2026-09-13 17:00:00+00:00,ed6d24ff979f9c71979fead577b0b3f7,betrivers,player_reception_yds,Chris Godwin,00-0033921,TB,46.5,-117,-114,2026-09-12 15:12:50.212400+00:00,90.140645,81.4,0.77225,2026-09-12 15:13:01.856142+00:00,,
2026,1,2026_01_TB_CIN,CIN,TB,2026-09-13 17:00:00+00:00,ed6d24ff979f9c71979fead577b0b3f7,betrivers,player_reception_yds,Chase Brown,00-0038597,CIN,23.5,-114,-117,2026-09-12 15:12:50.212400+00:00,20.553135,16.3,0.33725,2026-09-12 15:13:01.856532+00:00,,
2026,1,2026_01_TB_CIN,CIN,TB,2026-09-13 17:00:00+00:00,ed6d24ff979f9c71979fead577b0b3f7,betrivers,player_reception_yds,Tee Higgins,00-0036410,CIN,61.5,-115,-115,2026-09-12 15:12:50.212400+00:00,58.609930000000006,48.0,0.38325,2026-09-12 15:13:01.856885+00:00,,
2026,1,2026_01_TB_CIN,CIN,TB,2026-09-13 17:00:00+00:00,ed6d24ff979f9c71979fead577b0b3f7,betrivers,player_reception_yds,Andrei Iosivas,00-0038619,CIN,15.5,-118,-113,2026-09-12 15:12:50.212400+00:00,29.64064,20.8,0.5777,2026-09-12 15:13:01.857366+00:00,,
2026,1,2026_01_TB_CIN,CIN,TB,2026-09-13 17:00:00+00:00,ed6d24ff979f9c71979fead577b0b3f7,betrivers,player_reception_yds,Cade Otton,00-0038129,TB,30.5,-114,-117,2026-09-12 15:12:50.212400+00:00,39.42498,30.8,0.50255,2026-09-12 15:13:01.857763+00:00,,
2026,1,2026_01_TB_CIN,CIN,TB,2026-09-13 17:00:00+00:00,ed6d24ff979f9c71979fead577b0b3f7,betrivers,player_reception_yds,Mike Gesicki,00-0034829,CIN,19.5,-115,-115,2026-09-12 15:12:50.212400+00:00,43.641525,36.3,0.72375,2026-09-12 15:13:01.858192+00:00,,
2026,1,2026_01_TB_CIN,CIN,TB,2026-09-13 17:00:00+00:00,ed6d24ff979f9c71979fead577b0b3f7,betrivers,player_reception_yds,Ja'Marr Chase,00-0036900,CIN,83.5,-115,-115,2026-09-12 15:12:50.212400+00:00,82.46952,72.6,0.4173,2026-09-12 15:13:01.858585+00:00,,
2026,1,2026_01_TB_CIN,CIN,TB,2026-09-13 17:00:00+00:00,ed6d24ff979f9c71979fead577b0b3f7,betrivers,player_reception_yds,Bucky Irving,00-0039361,TB,14.5,-120,-112,2026-09-12 15:12:50.212400+00:00,19.528465,14.6,0.50215,2026-09-12 15:13:01.858933+00:00,,
2026,1,2026_01_TB_CIN,CIN,TB,2026-09-13 17:00:00+00:00,ed6d24ff979f9c71979fead577b0b3f7,betrivers,player_reception_yds,Emeka Egbuka,00-0040129,TB,56.5,-113,-118,2026-09-12 15:12:50.212400+00:00,65.032595,47.6,0.4321,2026-09-12 15:13:01.859344+00:00,,
2026,1,2026_01_TB_CIN,CIN,TB,2026-09-13 17:00:00+00:00,ed6d24ff979f9c71979fead577b0b3f7,betrivers,player_rush_yds,Chase Brown,00-0038597,CIN,59.5,-117,-114,2026-09-12 15:12:50.212400+00:00,60.23274,54.4,0.44245,2026-09-12 15:13:01.859724+00:00,,
2026,1,2026_01_TB_CIN,CIN,TB,2026-09-13 17:00:00+00:00,ed6d24ff979f9c71979fead577b0b3f7,betrivers,player_rush_yds,Baker Mayfield,00-0034855,TB,15.5,-120,-112,2026-09-12 15:12:50.212400+00:00,24.94771,18.7,0.56115,2026-09-12 15:13:01.860134+00:00,,
2026,1,2026_01_TB_CIN,CIN,TB,2026-09-13 17:00:00+00:00,ed6d24ff979f9c71979fead577b0b3f7,betrivers,player_rush_yds,Joe Burrow,00-0036442,CIN,8.5,-112,-120,2026-09-12 15:12:50.212400+00:00,16.596619999999998,11.4,0.57645,2026-09-12 15:13:01.860541+00:00,,
2026,1,2026_01_TB_CIN,CIN,TB,2026-09-13 17:00:00+00:00,ed6d24ff979f9c71979fead577b0b3f7,betrivers,player_rush_yds,Bucky Irving,00-0039361,TB,57.5,-113,-118,2026-09-12 15:12:50.212400+00:00,92.40858,85.9,0.7502,2026-09-12 15:13:01.860935+00:00,,
2026,1,2026_01_TB_CIN,CIN,TB,2026-09-13 17:00:00+00:00,ed6d24ff979f9c71979fead577b0b3f7,betrivers,player_rush_yds,Samaje Perine,00-0033526,CIN,18.5,-121,-110,2026-09-12 15:12:50.212400+00:00,21.934825,16.0,0.4495,2026-09-12 15:13:01.861356+00:00,,
2026,1,2026_01_TB_CIN,CIN,TB,2026-09-13 17:00:00+00:00,ed6d24ff979f9c71979fead577b0b3f7,betrivers,player_rush_yds,Kenny Gainwell,00-0036919,TB,20.5,-118,-113,2026-09-12 15:12:50.212400+00:00,37.726545,31.2,0.66455,2026-09-12 15:13:01.861742+00:00,,
2026,1,2026_01_TB_CIN,CIN,TB,2026-09-13 17:00:00+00:00,ed6d24ff979f9c71979fead577b0b3f7,betmgm,player_reception_yds,Ja'Marr Chase,00-0036900,CIN,86.5,-115,-115,2026-09-12 15:12:50.212400+00:00,82.46952,72.6,0.3964,2026-09-12 15:13:01.862122+00:00,,
2026,1,2026_01_TB_CIN,CIN,TB,2026-09-13 17:00:00+00:00,ed6d24ff979f9c71979fead577b0b3f7,betmgm,player_reception_yds,Chase Brown,00-0038597,CIN,23.5,-115,-115,2026-09-12 15:12:50.212400+00:00,20.553135,16.3,0.33725,2026-09-12 15:13:01.862505+00:00,,
2026,1,2026_01_TB_CIN,CIN,TB,2026-09-13 17:00:00+00:00,ed6d24ff979f9c71979fead577b0b3f7,betmgm,player_reception_yds,Mike Gesicki,00-0034829,CIN,21.5,-115,-115,2026-09-12 15:12:50.212400+00:00,43.641525,36.3,0.6972,2026-09-12 15:13:01.862906+00:00,,
2026,1,2026_01_TB_CIN,CIN,TB,2026-09-13 17:00:00+00:00,ed6d24ff979f9c71979fead577b0b3f7,betmgm,player_reception_yds,Samaje Perine,00-0033526,CIN,6.5,-120,-110,2026-09-12 15:12:50.212400+00:00,8.76487,3.5,0.3977,2026-09-12 15:13:01.863287+00:00,,
2026,1,2026_01_TB_CIN,CIN,TB,2026-09-13 17:00:00+00:00,ed6d24ff979f9c71979fead577b0b3f7,betmgm,player_reception_yds,Cade Otton,00-0038129,TB,29.5,-120,-111,2026-09-12 15:12:50.212400+00:00,39.42498,30.8,0.51485,2026-09-12 15:13:01.863662+00:00,,
2026,1,2026_01_TB_CIN,CIN,TB,2026-09-13 17:00:00+00:00,ed6d24ff979f9c71979fead577b0b3f7,betmgm,player_reception_yds,Kenny Gainwell,00-0036919,TB,21.5,-115,-115,2026-09-12 15:12:50.212400+00:00,14.484985,9.7,0.23825,2026-09-12 15:13:01.864081+00:00,,
2026,1,2026_01_TB_CIN,CIN,TB,2026-09-13 17:00:00+00:00,ed6d24ff979f9c71979fead577b0b3f7,betmgm,player_reception_yds,Tee Higgins,00-0036410,CIN,63.5,-115,-115,2026-09-12 15:12:50.212400+00:00,58.609930000000006,48.0,0.36695,2026-09-12 15:13:01.864419+00:00,,
2026,1,2026_01_TB_CIN,CIN,TB,2026-09-13 17:00:00+00:00,ed6d24ff979f9c71979fead577b0b3f7,betmgm,player_reception_yds,Bucky Irving,00-0039361,TB,13.5,-115,-115,2026-09-12 15:12:50.212400+00:00,19.528465,14.6,0.5245,2026-09-12 15:13:01.864744+00:00,,
2026,1,2026_01_TB_CIN,CIN,TB,2026-09-13 17:00:00+00:00,ed6d24ff979f9c71979fead577b0b3f7,betmgm,player_reception_yds,Andrei Iosivas,00-0038619,CIN,15.5,-120,-110,2026-09-12 15:12:50.212400+00:00,29.64064,20.8,0.5777,2026-09-12 15:13:01.865134+00:00,,
2026,1,2026_01_TB_CIN,CIN,TB,2026-09-13 17:00:00+00:00,ed6d24ff979f9c71979fead577b0b3f7,betmgm,player_reception_yds,Emeka Egbuka,00-0040129,TB,57.5,-115,-115,2026-09-12 15:12:50.212400+00:00,65.032595,47.6,0.4246,2026-09-12 15:13:01.865539+00:00,,
2026,1,2026_01_TB_CIN,CIN,TB,2026-09-13 17:00:00+00:00,ed6d24ff979f9c71979fead577b0b3f7,betmgm,player_reception_yds,Chris Godwin,00-0033921,TB,47.5,-115,-115,2026-09-12 15:12:50.212400+00:00,90.140645,81.4,0.7642,2026-09-12 15:13:01.865918+00:00,,
2026,1,2026_01_TB_CIN,CIN,TB,2026-09-13 17:00:00+00:00,ed6d24ff979f9c71979fead577b0b3f7,betmgm,player_rush_yds,Baker Mayfield,00-0034855,TB,16.5,-111,-120,2026-09-12 15:12:50.212400+00:00,24.94771,18.7,0.54035,2026-09-12 15:13:01.866308+00:00,,
2026,1,2026_01_TB_CIN,CIN,TB,2026-09-13 17:00:00+00:00,ed6d24ff979f9c71979fead577b0b3f7,betmgm,player_rush_yds,Chase Brown,00-0038597,CIN,58.5,-115,-115,2026-09-12 15:12:50.212400+00:00,60.23274,54.4,0.45395,2026-09-12 15:13:01.866683+00:00,,
2026,1,2026_01_TB_CIN,CIN,TB,2026-09-13 17:00:00+00:00,ed6d24ff979f9c71979fead577b0b3f7,betmgm,player_rush_yds,Samaje Perine,00-0033526,CIN,19.5,-111,-120,2026-09-12 15:12:50.212400+00:00,21.934825,16.0,0.4309,2026-09-12 15:13:01.867087+00:00,,
2026,1,2026_01_TB_CIN,CIN,TB,2026-09-13 17:00:00+00:00,ed6d24ff979f9c71979fead577b0b3f7,betmgm,player_rush_yds,Kenny Gainwell,00-0036919,TB,21.5,-120,-110,2026-09-12 15:12:50.212400+00:00,37.726545,31.2,0.64805,2026-09-12 15:13:01.867483+00:00,,
2026,1,2026_01_TB_CIN,CIN,TB,2026-09-13 17:00:00+00:00,ed6d24ff979f9c71979fead577b0b3f7,betmgm,player_rush_yds,Bucky Irving,00-0039361,TB,59.5,-111,-118,2026-09-12 15:12:50.212400+00:00,92.40858,85.9,0.7328,2026-09-12 15:13:01.867872+00:00,,
2026,1,2026_01_TB_CIN,CIN,TB,2026-09-13 17:00:00+00:00,ed6d24ff979f9c71979fead577b0b3f7,betmgm,player_rush_yds,Joe Burrow,00-0036442,CIN,5.5,-140,105,2026-09-12 15:12:50.212400+00:00,16.596619999999998,11.4,0.6642,2026-09-12 15:13:01.868274+00:00,,
2026,1,2026_01_TB_CIN,CIN,TB,2026-09-13 17:00:00+00:00,ed6d24ff979f9c71979fead577b0b3f7,bovada,player_reception_yds,Bucky Irving,00-0039361,TB,13.5,-120,-110,2026-09-12 15:12:50.212400+00:00,19.528465,14.6,0.5245,2026-09-12 15:13:01.868600+00:00,,
2026,1,2026_01_TB_CIN,CIN,TB,2026-09-13 17:00:00+00:00,ed6d24ff979f9c71979fead577b0b3f7,bovada,player_reception_yds,Cade Otton,00-0038129,TB,32.5,-115,-115,2026-09-12 15:12:50.212400+00:00,39.42498,30.8,0.47935,2026-09-12 15:13:01.868954+00:00,,
2026,1,2026_01_TB_CIN,CIN,TB,2026-09-13 17:00:00+00:00,ed6d24ff979f9c71979fead577b0b3f7,bovada,player_reception_yds,Chase Brown,00-0038597,CIN,24.5,-120,-110,2026-09-12 15:12:50.212400+00:00,20.553135,16.3,0.31765,2026-09-12 15:13:01.869335+00:00,,
2026,1,2026_01_TB_CIN,CIN,TB,2026-09-13 17:00:00+00:00,ed6d24ff979f9c71979fead577b0b3f7,bovada,player_reception_yds,Chris Godwin,00-0033921,TB,48.5,-110,-120,2026-09-12 15:12:50.212400+00:00,90.140645,81.4,0.75695,2026-09-12 15:13:01.869719+00:00,,
2026,1,2026_01_TB_CIN,CIN,TB,2026-09-13 17:00:00+00:00,ed6d24ff979f9c71979fead577b0b3f7,bovada,player_reception_yds,Emeka Egbuka,00-0040129,TB,57.5,-115,-115,2026-09-12 15:12:50.212400+00:00,65.032595,47.6,0.4246,2026-09-12 15:13:01.870121+00:00,,
2026,1,2026_01_TB_CIN,CIN,TB,2026-09-13 17:00:00+00:00,ed6d24ff979f9c71979fead577b0b3f7,bovada,player_reception_yds,Ja'Marr Chase,00-0036900,CIN,84.5,-115,-115,2026-09-12 15:12:50.212400+00:00,82.46952,72.6,0.4106,2026-09-12 15:13:01.870494+00:00,,
2026,1,2026_01_TB_CIN,CIN,TB,2026-09-13 17:00:00+00:00,ed6d24ff979f9c71979fead577b0b3f7,bovada,player_reception_yds,Kenny Gainwell,00-0036919,TB,23.5,-115,-115,2026-09-12 15:12:50.212400+00:00,14.484985,9.7,0.2102,2026-09-12 15:13:01.870906+00:00,,
2026,1,2026_01_TB_CIN,CIN,TB,2026-09-13 17:00:00+00:00,ed6d24ff979f9c71979fead577b0b3f7,bovada,player_reception_yds,Mike Gesicki,00-0034829,CIN,20.5,-115,-115,2026-09-12 15:12:50.212400+00:00,43.641525,36.3,0.7106,2026-09-12 15:13:01.871304+00:00,,
2026,1,2026_01_TB_CIN,CIN,TB,2026-09-13 17:00:00+00:00,ed6d24ff979f9c71979fead577b0b3f7,bovada,player_reception_yds,Samaje Perine,00-0033526,CIN,6.5,-110,-120,2026-09-12 15:12:50.212400+00:00,8.76487,3.5,0.3977,2026-09-12 15:13:01.871681+00:00,,
2026,1,2026_01_TB_CIN,CIN,TB,2026-09-13 17:00:00+00:00,ed6d24ff979f9c71979fead577b0b3f7,bovada,player_reception_yds,Tee Higgins,00-0036410,CIN,65.5,-115,-115,2026-09-12 15:12:50.212400+00:00,58.609930000000006,48.0,0.35175,2026-09-12 15:13:01.872023+00:00,,
2026,1,2026_01_TB_CIN,CIN,TB,2026-09-13 17:00:00+00:00,ed6d24ff979f9c71979fead577b0b3f7,bovada,player_rush_yds,Baker Mayfield,00-0034855,TB,16.5,-115,-115,2026-09-12 15:12:50.212400+00:00,24.94771,18.7,0.54035,2026-09-12 15:13:01.872409+00:00,,
2026,1,2026_01_TB_CIN,CIN,TB,2026-09-13 17:00:00+00:00,ed6d24ff979f9c71979fead577b0b3f7,bovada,player_rush_yds,Bucky Irving,00-0039361,TB,59.5,-110,-120,2026-09-12 15:12:50.212400+00:00,92.40858,85.9,0.7328,2026-09-12 15:13:01.872795+00:00,,
2026,1,2026_01_TB_CIN,CIN,TB,2026-09-13 17:00:00+00:00,ed6d24ff979f9c71979fead577b0b3f7,bovada,player_rush_yds,Chase Brown,00-0038597,CIN,58.5,-115,-115,2026-09-12 15:12:50.212400+00:00,60.23274,54.4,0.45395,2026-09-12 15:13:01.873176+00:00,,
2026,1,2026_01_TB_CIN,CIN,TB,2026-09-13 17:00:00+00:00,ed6d24ff979f9c71979fead577b0b3f7,bovada,player_rush_yds,Joe Burrow,00-0036442,CIN,8.5,-115,-115,2026-09-12 15:12:50.212400+00:00,16.596619999999998,11.4,0.57645,2026-09-12 15:13:01.873577+00:00,,
2026,1,2026_01_TB_CIN,CIN,TB,2026-09-13 17:00:00+00:00,ed6d24ff979f9c71979fead577b0b3f7,bovada,player_rush_yds,Kenny Gainwell,00-0036919,TB,21.5,-120,-110,2026-09-12 15:12:50.212400+00:00,37.726545,31.2,0.64805,2026-09-12 15:13:01.873965+00:00,,
2026,1,2026_01_TB_CIN,CIN,TB,2026-09-13 17:00:00+00:00,ed6d24ff979f9c71979fead577b0b3f7,bovada,player_rush_yds,Samaje Perine,00-0033526,CIN,17.5,-110,-120,2026-09-12 15:12:50.212400+00:00,21.934825,16.0,0.4691,2026-09-12 15:13:01.874375+00:00,,
2026,1,2026_01_CLE_JAX,JAX,CLE,2026-09-13 17:00:00+00:00,e55c6fe19fce094ce214c8b0e5b504e9,draftkings,player_reception_yds,Parker Washington,00-0038606,JAX,53.5,-113,-111,2026-09-12 15:12:50.441035+00:00,49.82117000000001,38.5,0.3715,2026-09-12 15:13:01.993319+00:00,,
2026,1,2026_01_CLE_JAX,JAX,CLE,2026-09-13 17:00:00+00:00,e55c6fe19fce094ce214c8b0e5b504e9,draftkings,player_reception_yds,Brian Thomas Jr,00-0039893,JAX,38.5,-112,-112,2026-09-12 15:12:50.441035+00:00,53.79629499999999,44.5,0.5597,2026-09-12 15:13:02.109141+00:00,,
2026,1,2026_01_CLE_JAX,JAX,CLE,2026-09-13 17:00:00+00:00,e55c6fe19fce094ce214c8b0e5b504e9,draftkings,player_reception_yds,Jakobi Meyers,00-0034960,JAX,37.5,-110,-114,2026-09-12 15:12:50.441035+00:00,38.600525,30.9,0.41965,2026-09-12 15:13:02.224917+00:00,,
2026,1,2026_01_CLE_JAX,JAX,CLE,2026-09-13 17:00:00+00:00,e55c6fe19fce094ce214c8b0e5b504e9,draftkings,player_reception_yds,Harold Fannin Jr.,00-0040663,CLE,36.5,-110,-114,2026-09-12 15:12:50.441035+00:00,42.626335,32.7,0.4562,2026-09-12 15:13:02.338345+00:00,,
2026,1,2026_01_CLE_JAX,JAX,CLE,2026-09-13 17:00:00+00:00,e55c6fe19fce094ce214c8b0e5b504e9,draftkings,player_reception_yds,Brenton Strange,00-0038935,JAX,34.5,-109,-115,2026-09-12 15:12:50.441035+00:00,41.71383,32.0,0.4698,2026-09-12 15:13:02.454057+00:00,,
2026,1,2026_01_CLE_JAX,JAX,CLE,2026-09-13 17:00:00+00:00,e55c6fe19fce094ce214c8b0e5b504e9,draftkings,player_reception_yds,KC Concepcion,00-0041547,CLE,33.5,-110,-114,2026-09-12 15:12:50.441035+00:00,34.96859499999999,24.2,0.39335,2026-09-12 15:13:02.550593+00:00,,
2026,1,2026_01_CLE_JAX,JAX,CLE,2026-09-13 17:00:00+00:00,e55c6fe19fce094ce214c8b0e5b504e9,draftkings,player_reception_yds,Jerry Jeudy,00-0036407,CLE,31.5,-115,-109,2026-09-12 15:12:50.441035+00:00,42.97033,34.3,0.53305,2026-09-12 15:13:02.659966+00:00,,
2026,1,2026_01_CLE_JAX,JAX,CLE,2026-09-13 17:00:00+00:00,e55c6fe19fce094ce214c8b0e5b504e9,draftkings,player_reception_yds,Denzel Boston,00-0041037,CLE,24.5,-113,-111,2026-09-12 15:12:50.441035+00:00,21.37281,10.1,0.31245,2026-09-12 15:13:02.755428+00:00,,
2026,1,2026_01_CLE_JAX,JAX,CLE,2026-09-13 17:00:00+00:00,e55c6fe19fce094ce214c8b0e5b504e9,draftkings,player_reception_yds,Bhayshul Tuten,00-0040719,JAX,11.5,-111,-113,2026-09-12 15:12:50.441035+00:00,17.091585000000002,10.3,0.47015,2026-09-12 15:13:02.872897+00:00,,
2026,1,2026_01_CLE_JAX,JAX,CLE,2026-09-13 17:00:00+00:00,e55c6fe19fce094ce214c8b0e5b504e9,draftkings,player_reception_yds,Quinshon Judkins,00-0040784,CLE,9.5,-118,-106,2026-09-12 15:12:50.441035+00:00,17.704895,11.9,0.5558,2026-09-12 15:13:02.984523+00:00,,
2026,1,2026_01_CLE_JAX,JAX,CLE,2026-09-13 17:00:00+00:00,e55c6fe19fce094ce214c8b0e5b504e9,draftkings,player_rush_yds,Quinshon Judkins,00-0040784,CLE,57.5,-113,-111,2026-09-12 15:12:50.441035+00:00,43.211875,39.0,0.25835,2026-09-12 15:13:03.084681+00:00,,
2026,1,2026_01_CLE_JAX,JAX,CLE,2026-09-13 17:00:00+00:00,e55c6fe19fce094ce214c8b0e5b504e9,draftkings,player_rush_yds,Bhayshul Tuten,00-0040719,JAX,48.5,-113,-111,2026-09-12 15:12:50.441035+00:00,61.20087,55.9,0.58745,2026-09-12 15:13:03.193099+00:00,,
2026,1,2026_01_CLE_JAX,JAX,CLE,2026-09-13 17:00:00+00:00,e55c6fe19fce094ce214c8b0e5b504e9,draftkings,player_rush_yds,Chris Rodriguez Jr.,00-0038611,JAX,36.5,-113,-111,2026-09-12 15:12:50.441035+00:00,37.733135,31.7,0.4338,2026-09-12 15:13:03.299336+00:00,,
2026,1,2026_01_CLE_JAX,JAX,CLE,2026-09-13 17:00:00+00:00,e55c6fe19fce094ce214c8b0e5b504e9,draftkings,player_rush_yds,Deshaun Watson,00-0033537,CLE,19.5,-109,-115,2026-09-12 15:12:50.441035+00:00,12.854715,8.8,0.24335,2026-09-12 15:13:03.400068+00:00,,
2026,1,2026_01_CLE_JAX,JAX,CLE,2026-09-13 17:00:00+00:00,e55c6fe19fce094ce214c8b0e5b504e9,draftkings,player_rush_yds,Trevor Lawrence,00-0036971,JAX,17.5,-111,-113,2026-09-12 15:12:50.441035+00:00,30.83522,24.5,0.62455,2026-09-12 15:13:03.505755+00:00,,
2026,1,2026_01_CLE_JAX,JAX,CLE,2026-09-13 17:00:00+00:00,e55c6fe19fce094ce214c8b0e5b504e9,fanduel,player_reception_yds,Quinshon Judkins,00-0040784,CLE,9.5,-114,-114,2026-09-12 15:12:50.441035+00:00,17.704895,11.9,0.5558,2026-09-12 15:13:03.506187+00:00,,
2026,1,2026_01_CLE_JAX,JAX,CLE,2026-09-13 17:00:00+00:00,e55c6fe19fce094ce214c8b0e5b504e9,fanduel,player_reception_yds,Denzel Boston,00-0041037,CLE,25.5,-114,-114,2026-09-12 15:12:50.441035+00:00,21.37281,10.1,0.30155,2026-09-12 15:13:03.506631+00:00,,
2026,1,2026_01_CLE_JAX,JAX,CLE,2026-09-13 17:00:00+00:00,e55c6fe19fce094ce214c8b0e5b504e9,fanduel,player_reception_yds,Brenton Strange,00-0038935,JAX,36.5,-114,-114,2026-09-12 15:12:50.441035+00:00,41.71383,32.0,0.44835,2026-09-12 15:13:03.507013+00:00,,
2026,1,2026_01_CLE_JAX,JAX,CLE,2026-09-13 17:00:00+00:00,e55c6fe19fce094ce214c8b0e5b504e9,fanduel,player_reception_yds,Brian Thomas Jr,00-0039893,JAX,38.5,-114,-114,2026-09-12 15:12:50.441035+00:00,53.79629499999999,44.5,0.5597,2026-09-12 15:13:03.507406+00:00,,
2026,1,2026_01_CLE_JAX,JAX,CLE,2026-09-13 17:00:00+00:00,e55c6fe19fce094ce214c8b0e5b504e9,fanduel,player_reception_yds,Bhayshul Tuten,00-0040719,JAX,11.5,-114,-114,2026-09-12 15:12:50.441035+00:00,17.091585000000002,10.3,0.47015,2026-09-12 15:13:03.507797+00:00,,
2026,1,2026_01_CLE_JAX,JAX,CLE,2026-09-13 17:00:00+00:00,e55c6fe19fce094ce214c8b0e5b504e9,fanduel,player_reception_yds,Jerry Jeudy,00-0036407,CLE,31.5,-114,-114,2026-09-12 15:12:50.441035+00:00,42.97033,34.3,0.53305,2026-09-12 15:13:03.508219+00:00,,
2026,1,2026_01_CLE_JAX,JAX,CLE,2026-09-13 17:00:00+00:00,e55c6fe19fce094ce214c8b0e5b504e9,fanduel,player_reception_yds,Parker Washington,00-0038606,JAX,52.5,-114,-114,2026-09-12 15:12:50.441035+00:00,49.82117000000001,38.5,0.3799,2026-09-12 15:13:03.508621+00:00,,
2026,1,2026_01_CLE_JAX,JAX,CLE,2026-09-13 17:00:00+00:00,e55c6fe19fce094ce214c8b0e5b504e9,fanduel,player_reception_yds,Jakobi Meyers,00-0034960,JAX,37.5,-114,-114,2026-09-12 15:12:50.441035+00:00,38.600525,30.9,0.41965,2026-09-12 15:13:03.509024+00:00,,
2026,1,2026_01_CLE_JAX,JAX,CLE,2026-09-13 17:00:00+00:00,e55c6fe19fce094ce214c8b0e5b504e9,fanduel,player_reception_yds,KC Concepcion,00-0041547,CLE,33.5,-114,-114,2026-09-12 15:12:50.441035+00:00,34.96859499999999,24.2,0.39335,2026-09-12 15:13:03.509420+00:00,,
2026,1,2026_01_CLE_JAX,JAX,CLE,2026-09-13 17:00:00+00:00,e55c6fe19fce094ce214c8b0e5b504e9,fanduel,player_reception_yds,Harold Fannin Jr.,00-0040663,CLE,36.5,-114,-114,2026-09-12 15:12:50.441035+00:00,42.626335,32.7,0.4562,2026-09-12 15:13:03.509815+00:00,,
2026,1,2026_01_CLE_JAX,JAX,CLE,2026-09-13 17:00:00+00:00,e55c6fe19fce094ce214c8b0e5b504e9,fanduel,player_rush_yds,Trevor Lawrence,00-0036971,JAX,16.5,-114,-114,2026-09-12 15:12:50.441035+00:00,30.83522,24.5,0.64345,2026-09-12 15:13:03.510219+00:00,,
2026,1,2026_01_CLE_JAX,JAX,CLE,2026-09-13 17:00:00+00:00,e55c6fe19fce094ce214c8b0e5b504e9,fanduel,player_rush_yds,Bhayshul Tuten,00-0040719,JAX,46.5,-114,-114,2026-09-12 15:12:50.441035+00:00,61.20087,55.9,0.6129,2026-09-12 15:13:03.510601+00:00,,
2026,1,2026_01_CLE_JAX,JAX,CLE,2026-09-13 17:00:00+00:00,e55c6fe19fce094ce214c8b0e5b504e9,fanduel,player_rush_yds,Deshaun Watson,00-0033537,CLE,18.5,-114,-114,2026-09-12 15:12:50.441035+00:00,12.854715,8.8,0.2616,2026-09-12 15:13:03.510988+00:00,,
2026,1,2026_01_CLE_JAX,JAX,CLE,2026-09-13 17:00:00+00:00,e55c6fe19fce094ce214c8b0e5b504e9,fanduel,player_rush_yds,Quinshon Judkins,00-0040784,CLE,58.5,-114,-114,2026-09-12 15:12:50.441035+00:00,43.211875,39.0,0.2492,2026-09-12 15:13:03.511403+00:00,,
2026,1,2026_01_CLE_JAX,JAX,CLE,2026-09-13 17:00:00+00:00,e55c6fe19fce094ce214c8b0e5b504e9,fanduel,player_rush_yds,Chris Rodriguez Jr.,00-0038611,JAX,36.5,-114,-114,2026-09-12 15:12:50.441035+00:00,37.733135,31.7,0.4338,2026-09-12 15:13:03.511804+00:00,,
2026,1,2026_01_CLE_JAX,JAX,CLE,2026-09-13 17:00:00+00:00,e55c6fe19fce094ce214c8b0e5b504e9,betrivers,player_reception_yds,Denzel Boston,00-0041037,CLE,24.5,-114,-117,2026-09-12 15:12:50.441035+00:00,21.37281,10.1,0.31245,2026-09-12 15:13:03.512228+00:00,,
2026,1,2026_01_CLE_JAX,JAX,CLE,2026-09-13 17:00:00+00:00,e55c6fe19fce094ce214c8b0e5b504e9,betrivers,player_reception_yds,Jerry Jeudy,00-0036407,CLE,30.5,-114,-117,2026-09-12 15:12:50.441035+00:00,42.97033,34.3,0.5464,2026-09-12 15:13:03.512650+00:00,,
2026,1,2026_01_CLE_JAX,JAX,CLE,2026-09-13 17:00:00+00:00,e55c6fe19fce094ce214c8b0e5b504e9,betrivers,player_reception_yds,Brian Thomas Jr,00-0039893,JAX,36.5,-117,-114,2026-09-12 15:12:50.441035+00:00,53.79629499999999,44.5,0.58185,2026-09-12 15:13:03.513038+00:00,,
2026,1,2026_01_CLE_JAX,JAX,CLE,2026-09-13 17:00:00+00:00,e55c6fe19fce094ce214c8b0e5b504e9,betrivers,player_reception_yds,Quinshon Judkins,00-0040784,CLE,9.5,-112,-120,2026-09-12 15:12:50.441035+00:00,17.704895,11.9,0.5558,2026-09-12 15:13:03.513424+00:00,,
2026,1,2026_01_CLE_JAX,JAX,CLE,2026-09-13 17:00:00+00:00,e55c6fe19fce094ce214c8b0e5b504e9,betrivers,player_reception_yds,Jakobi Meyers,00-0034960,JAX,38.5,-113,-117,2026-09-12 15:12:50.441035+00:00,38.600525,30.9,0.40895,2026-09-12 15:13:03.513827+00:00,,
2026,1,2026_01_CLE_JAX,JAX,CLE,2026-09-13 17:00:00+00:00,e55c6fe19fce094ce214c8b0e5b504e9,betrivers,player_reception_yds,Parker Washington,00-0038606,JAX,54.5,-115,-115,2026-09-12 15:12:50.441035+00:00,49.82117000000001,38.5,0.3644,2026-09-12 15:13:03.514222+00:00,,
2026,1,2026_01_CLE_JAX,JAX,CLE,2026-09-13 17:00:00+00:00,e55c6fe19fce094ce214c8b0e5b504e9,betrivers,player_reception_yds,Harold Fannin Jr.,00-0040663,CLE,35.5,-113,-118,2026-09-12 15:12:50.441035+00:00,42.626335,32.7,0.46655,2026-09-12 15:13:03.514614+00:00,,
2026,1,2026_01_CLE_JAX,JAX,CLE,2026-09-13 17:00:00+00:00,e55c6fe19fce094ce214c8b0e5b504e9,betrivers,player_reception_yds,Bhayshul Tuten,00-0040719,JAX,10.5,-121,-110,2026-09-12 15:12:50.441035+00:00,17.091585000000002,10.3,0.4949,2026-09-12 15:13:03.514993+00:00,,
2026,1,2026_01_CLE_JAX,JAX,CLE,2026-09-13 17:00:00+00:00,e55c6fe19fce094ce214c8b0e5b504e9,betrivers,player_reception_yds,Brenton Strange,00-0038935,JAX,37.5,-114,-117,2026-09-12 15:12:50.441035+00:00,41.71383,32.0,0.4373,2026-09-12 15:13:03.515359+00:00,,
2026,1,2026_01_CLE_JAX,JAX,CLE,2026-09-13 17:00:00+00:00,e55c6fe19fce094ce214c8b0e5b504e9,betrivers,player_reception_yds,KC Concepcion,00-0041547,CLE,32.5,-115,-115,2026-09-12 15:12:50.441035+00:00,34.96859499999999,24.2,0.4038,2026-09-12 15:13:03.515742+00:00,,
2026,1,2026_01_CLE_JAX,JAX,CLE,2026-09-13 17:00:00+00:00,e55c6fe19fce094ce214c8b0e5b504e9,betrivers,player_rush_yds,Bhayshul Tuten,00-0040719,JAX,49.5,-115,-115,2026-09-12 15:12:50.441035+00:00,61.20087,55.9,0.5756,2026-09-12 15:13:03.516112+00:00,,
2026,1,2026_01_CLE_JAX,JAX,CLE,2026-09-13 17:00:00+00:00,e55c6fe19fce094ce214c8b0e5b504e9,betrivers,player_rush_yds,Deshaun Watson,00-0033537,CLE,17.5,-110,-120,2026-09-12 15:12:50.441035+00:00,12.854715,8.8,0.2802,2026-09-12 15:13:03.516498+00:00,,
2026,1,2026_01_CLE_JAX,JAX,CLE,2026-09-13 17:00:00+00:00,e55c6fe19fce094ce214c8b0e5b504e9,betrivers,player_rush_yds,Chris Rodriguez Jr.,00-0038611,JAX,38.5,-115,-115,2026-09-12 15:12:50.441035+00:00,37.733135,31.7,0.4076,2026-09-12 15:13:03.516892+00:00,,
2026,1,2026_01_CLE_JAX,JAX,CLE,2026-09-13 17:00:00+00:00,e55c6fe19fce094ce214c8b0e5b504e9,betrivers,player_rush_yds,Quinshon Judkins,00-0040784,CLE,54.5,-117,-114,2026-09-12 15:12:50.441035+00:00,43.211875,39.0,0.28975,2026-09-12 15:13:03.517303+00:00,,
2026,1,2026_01_CLE_JAX,JAX,CLE,2026-09-13 17:00:00+00:00,e55c6fe19fce094ce214c8b0e5b504e9,betrivers,player_rush_yds,Trevor Lawrence,00-0036971,JAX,18.5,-113,-117,2026-09-12 15:12:50.441035+00:00,30.83522,24.5,0.605,2026-09-12 15:13:03.517709+00:00,,
2026,1,2026_01_CLE_JAX,JAX,CLE,2026-09-13 17:00:00+00:00,e55c6fe19fce094ce214c8b0e5b504e9,betonlineag,player_reception_yds,Parker Washington,00-0038606,JAX,52.5,-125,-103,2026-09-12 15:12:50.441035+00:00,49.82117000000001,38.5,0.3799,2026-09-12 15:13:03.518105+00:00,,
2026,1,2026_01_CLE_JAX,JAX,CLE,2026-09-13 17:00:00+00:00,e55c6fe19fce094ce214c8b0e5b504e9,betonlineag,player_reception_yds,Harold Fannin Jr.,00-0040663,CLE,36.5,-119,-109,2026-09-12 15:12:50.441035+00:00,42.626335,32.7,0.4562,2026-09-12 15:13:03.518494+00:00,,
2026,1,2026_01_CLE_JAX,JAX,CLE,2026-09-13 17:00:00+00:00,e55c6fe19fce094ce214c8b0e5b504e9,betonlineag,player_reception_yds,Jakobi Meyers,00-0034960,JAX,37.5,-116,-111,2026-09-12 15:12:50.441035+00:00,38.600525,30.9,0.41965,2026-09-12 15:13:03.518887+00:00,,
2026,1,2026_01_CLE_JAX,JAX,CLE,2026-09-13 17:00:00+00:00,e55c6fe19fce094ce214c8b0e5b504e9,betonlineag,player_reception_yds,Jerry Jeudy,00-0036407,CLE,31.5,-114,-114,2026-09-12 15:12:50.441035+00:00,42.97033,34.3,0.53305,2026-09-12 15:13:03.519302+00:00,,
2026,1,2026_01_CLE_JAX,JAX,CLE,2026-09-13 17:00:00+00:00,e55c6fe19fce094ce214c8b0e5b504e9,betonlineag,player_reception_yds,KC Concepcion,00-0041547,CLE,33.5,-118,-110,2026-09-12 15:12:50.441035+00:00,34.96859499999999,24.2,0.39335,2026-09-12 15:13:03.519684+00:00,,
2026,1,2026_01_CLE_JAX,JAX,CLE,2026-09-13 17:00:00+00:00,e55c6fe19fce094ce214c8b0e5b504e9,betonlineag,player_reception_yds,Brenton Strange,00-0038935,JAX,36.5,-114,-114,2026-09-12 15:12:50.441035+00:00,41.71383,32.0,0.44835,2026-09-12 15:13:03.520051+00:00,,
2026,1,2026_01_CLE_JAX,JAX,CLE,2026-09-13 17:00:00+00:00,e55c6fe19fce094ce214c8b0e5b504e9,betonlineag,player_reception_yds,Denzel Boston,00-0041037,CLE,25.5,-114,-114,2026-09-12 15:12:50.441035+00:00,21.37281,10.1,0.30155,2026-09-12 15:13:03.520472+00:00,,
2026,1,2026_01_CLE_JAX,JAX,CLE,2026-09-13 17:00:00+00:00,e55c6fe19fce094ce214c8b0e5b504e9,betonlineag,player_reception_yds,Quinshon Judkins,00-0040784,CLE,9.5,-116,-111,2026-09-12 15:12:50.441035+00:00,17.704895,11.9,0.5558,2026-09-12 15:13:03.520857+00:00,,
2026,1,2026_01_CLE_JAX,JAX,CLE,2026-09-13 17:00:00+00:00,e55c6fe19fce094ce214c8b0e5b504e9,betonlineag,player_reception_yds,Bhayshul Tuten,00-0040719,JAX,11.5,-114,-114,2026-09-12 15:12:50.441035+00:00,17.091585000000002,10.3,0.47015,2026-09-12 15:13:03.521236+00:00,,
2026,1,2026_01_CLE_JAX,JAX,CLE,2026-09-13 17:00:00+00:00,e55c6fe19fce094ce214c8b0e5b504e9,betonlineag,player_reception_yds,Brian Thomas Jr,00-0039893,JAX,38.5,-115,-112,2026-09-12 15:12:50.441035+00:00,53.79629499999999,44.5,0.5597,2026-09-12 15:13:03.521632+00:00,,
2026,1,2026_01_CLE_JAX,JAX,CLE,2026-09-13 17:00:00+00:00,e55c6fe19fce094ce214c8b0e5b504e9,betonlineag,player_rush_yds,Quinshon Judkins,00-0040784,CLE,57.5,-115,-112,2026-09-12 15:12:50.441035+00:00,43.211875,39.0,0.25835,2026-09-12 15:13:03.522055+00:00,,
2026,1,2026_01_CLE_JAX,JAX,CLE,2026-09-13 17:00:00+00:00,e55c6fe19fce094ce214c8b0e5b504e9,betonlineag,player_rush_yds,Trevor Lawrence,00-0036971,JAX,17.5,-112,-115,2026-09-12 15:12:50.441035+00:00,30.83522,24.5,0.62455,2026-09-12 15:13:03.522460+00:00,,
2026,1,2026_01_CLE_JAX,JAX,CLE,2026-09-13 17:00:00+00:00,e55c6fe19fce094ce214c8b0e5b504e9,betonlineag,player_rush_yds,Deshaun Watson,00-0033537,CLE,18.5,-114,-114,2026-09-12 15:12:50.441035+00:00,12.854715,8.8,0.2616,2026-09-12 15:13:03.522850+00:00,,
2026,1,2026_01_CLE_JAX,JAX,CLE,2026-09-13 17:00:00+00:00,e55c6fe19fce094ce214c8b0e5b504e9,betonlineag,player_rush_yds,Chris Rodriguez Jr.,00-0038611,JAX,36.5,-123,-104,2026-09-12 15:12:50.441035+00:00,37.733135,31.7,0.4338,2026-09-12 15:13:03.523240+00:00,,
2026,1,2026_01_CLE_JAX,JAX,CLE,2026-09-13 17:00:00+00:00,e55c6fe19fce094ce214c8b0e5b504e9,betonlineag,player_rush_yds,Bhayshul Tuten,00-0040719,JAX,46.5,-114,-114,2026-09-12 15:12:50.441035+00:00,61.20087,55.9,0.6129,2026-09-12 15:13:03.523612+00:00,,
2026,1,2026_01_CLE_JAX,JAX,CLE,2026-09-13 17:00:00+00:00,e55c6fe19fce094ce214c8b0e5b504e9,betmgm,player_reception_yds,Bhayshul Tuten,00-0040719,JAX,10.5,-120,-110,2026-09-12 15:12:50.441035+00:00,17.091585000000002,10.3,0.4949,2026-09-12 15:13:03.523987+00:00,,
2026,1,2026_01_CLE_JAX,JAX,CLE,2026-09-13 17:00:00+00:00,e55c6fe19fce094ce214c8b0e5b504e9,betmgm,player_reception_yds,Quinshon Judkins,00-0040784,CLE,9.5,-110,-120,2026-09-12 15:12:50.441035+00:00,17.704895,11.9,0.5558,2026-09-12 15:13:03.524370+00:00,,
2026,1,2026_01_CLE_JAX,JAX,CLE,2026-09-13 17:00:00+00:00,e55c6fe19fce094ce214c8b0e5b504e9,betmgm,player_reception_yds,KC Concepcion,00-0041547,CLE,31.5,-115,-115,2026-09-12 15:12:50.441035+00:00,34.96859499999999,24.2,0.41505,2026-09-12 15:13:03.524759+00:00,,
2026,1,2026_01_CLE_JAX,JAX,CLE,2026-09-13 17:00:00+00:00,e55c6fe19fce094ce214c8b0e5b504e9,betmgm,player_reception_yds,Brenton Strange,00-0038935,JAX,35.5,-120,-111,2026-09-12 15:12:50.441035+00:00,41.71383,32.0,0.4599,2026-09-12 15:13:03.525123+00:00,,
2026,1,2026_01_CLE_JAX,JAX,CLE,2026-09-13 17:00:00+00:00,e55c6fe19fce094ce214c8b0e5b504e9,betmgm,player_reception_yds,Brian Thomas Jr,00-0039893,JAX,38.5,-115,-115,2026-09-12 15:12:50.441035+00:00,53.79629499999999,44.5,0.5597,2026-09-12 15:13:03.525502+00:00,,
2026,1,2026_01_CLE_JAX,JAX,CLE,2026-09-13 17:00:00+00:00,e55c6fe19fce094ce214c8b0e5b504e9,betmgm,player_reception_yds,Harold Fannin Jr.,00-0040663,CLE,36.5,-115,-115,2026-09-12 15:12:50.441035+00:00,42.626335,32.7,0.4562,2026-09-12 15:13:03.525897+00:00,,
2026,1,2026_01_CLE_JAX,JAX,CLE,2026-09-13 17:00:00+00:00,e55c6fe19fce094ce214c8b0e5b504e9,betmgm,player_reception_yds,Denzel Boston,00-0041037,CLE,27.5,-111,-120,2026-09-12 15:12:50.441035+00:00,21.37281,10.1,0.2827,2026-09-12 15:13:03.526317+00:00,,
2026,1,2026_01_CLE_JAX,JAX,CLE,2026-09-13 17:00:00+00:00,e55c6fe19fce094ce214c8b0e5b504e9,betmgm,player_reception_yds,Jerry Jeudy,00-0036407,CLE,30.5,-111,-120,2026-09-12 15:12:50.441035+00:00,42.97033,34.3,0.5464,2026-09-12 15:13:03.526735+00:00,,
2026,1,2026_01_CLE_JAX,JAX,CLE,2026-09-13 17:00:00+00:00,e55c6fe19fce094ce214c8b0e5b504e9,betmgm,player_reception_yds,Parker Washington,00-0038606,JAX,54.5,-115,-115,2026-09-12 15:12:50.441035+00:00,49.82117000000001,38.5,0.3644,2026-09-12 15:13:03.527129+00:00,,
2026,1,2026_01_CLE_JAX,JAX,CLE,2026-09-13 17:00:00+00:00,e55c6fe19fce094ce214c8b0e5b504e9,betmgm,player_reception_yds,Jakobi Meyers,00-0034960,JAX,38.5,-115,-115,2026-09-12 15:12:50.441035+00:00,38.600525,30.9,0.40895,2026-09-12 15:13:03.527526+00:00,,
2026,1,2026_01_CLE_JAX,JAX,CLE,2026-09-13 17:00:00+00:00,e55c6fe19fce094ce214c8b0e5b504e9,betmgm,player_rush_yds,Trevor Lawrence,00-0036971,JAX,16.5,-120,-110,2026-09-12 15:12:50.441035+00:00,30.83522,24.5,0.64345,2026-09-12 15:13:03.527928+00:00,,
2026,1,2026_01_CLE_JAX,JAX,CLE,2026-09-13 17:00:00+00:00,e55c6fe19fce094ce214c8b0e5b504e9,betmgm,player_rush_yds,Deshaun Watson,00-0033537,CLE,16.5,-115,-115,2026-09-12 15:12:50.441035+00:00,12.854715,8.8,0.2994,2026-09-12 15:13:03.528311+00:00,,
2026,1,2026_01_CLE_JAX,JAX,CLE,2026-09-13 17:00:00+00:00,e55c6fe19fce094ce214c8b0e5b504e9,betmgm,player_rush_yds,Quinshon Judkins,00-0040784,CLE,56.5,-111,-118,2026-09-12 15:12:50.441035+00:00,43.211875,39.0,0.2687,2026-09-12 15:13:03.528728+00:00,,
2026,1,2026_01_CLE_JAX,JAX,CLE,2026-09-13 17:00:00+00:00,e55c6fe19fce094ce214c8b0e5b504e9,betmgm,player_rush_yds,Bhayshul Tuten,00-0040719,JAX,46.5,-115,-115,2026-09-12 15:12:50.441035+00:00,61.20087,55.9,0.6129,2026-09-12 15:13:03.529098+00:00,,
2026,1,2026_01_CLE_JAX,JAX,CLE,2026-09-13 17:00:00+00:00,e55c6fe19fce094ce214c8b0e5b504e9,betmgm,player_rush_yds,Chris Rodriguez Jr.,00-0038611,JAX,36.5,-115,-115,2026-09-12 15:12:50.441035+00:00,37.733135,31.7,0.4338,2026-09-12 15:13:03.529488+00:00,,
2026,1,2026_01_CLE_JAX,JAX,CLE,2026-09-13 17:00:00+00:00,e55c6fe19fce094ce214c8b0e5b504e9,bovada,player_reception_yds,Bhayshul Tuten,00-0040719,JAX,11.5,-115,-115,2026-09-12 15:12:50.441035+00:00,17.091585000000002,10.3,0.47015,2026-09-12 15:13:03.529866+00:00,,
2026,1,2026_01_CLE_JAX,JAX,CLE,2026-09-13 17:00:00+00:00,e55c6fe19fce094ce214c8b0e5b504e9,bovada,player_reception_yds,Brenton Strange,00-0038935,JAX,34.5,-110,-120,2026-09-12 15:12:50.441035+00:00,41.71383,32.0,0.4698,2026-09-12 15:13:03.530231+00:00,,
2026,1,2026_01_CLE_JAX,JAX,CLE,2026-09-13 17:00:00+00:00,e55c6fe19fce094ce214c8b0e5b504e9,bovada,player_reception_yds,Brian Thomas Jr,00-0039893,JAX,38.5,-115,-115,2026-09-12 15:12:50.441035+00:00,53.79629499999999,44.5,0.5597,2026-09-12 15:13:03.530613+00:00,,
2026,1,2026_01_CLE_JAX,JAX,CLE,2026-09-13 17:00:00+00:00,e55c6fe19fce094ce214c8b0e5b504e9,bovada,player_reception_yds,Denzel Boston,00-0041037,CLE,24.5,-115,-115,2026-09-12 15:12:50.441035+00:00,21.37281,10.1,0.31245,2026-09-12 15:13:03.531033+00:00,,
2026,1,2026_01_CLE_JAX,JAX,CLE,2026-09-13 17:00:00+00:00,e55c6fe19fce094ce214c8b0e5b504e9,bovada,player_reception_yds,Harold Fannin Jr.,00-0040663,CLE,36.5,-115,-115,2026-09-12 15:12:50.441035+00:00,42.626335,32.7,0.4562,2026-09-12 15:13:03.531428+00:00,,
2026,1,2026_01_CLE_JAX,JAX,CLE,2026-09-13 17:00:00+00:00,e55c6fe19fce094ce214c8b0e5b504e9,bovada,player_reception_yds,Jakobi Meyers,00-0034960,JAX,37.5,-115,-115,2026-09-12 15:12:50.441035+00:00,38.600525,30.9,0.41965,2026-09-12 15:13:03.531826+00:00,,
2026,1,2026_01_CLE_JAX,JAX,CLE,2026-09-13 17:00:00+00:00,e55c6fe19fce094ce214c8b0e5b504e9,bovada,player_reception_yds,Jerry Jeudy,00-0036407,CLE,31.5,-120,-110,2026-09-12 15:12:50.441035+00:00,42.97033,34.3,0.53305,2026-09-12 15:13:03.532264+00:00,,
2026,1,2026_01_CLE_JAX,JAX,CLE,2026-09-13 17:00:00+00:00,e55c6fe19fce094ce214c8b0e5b504e9,bovada,player_reception_yds,KC Concepcion,00-0041547,CLE,33.5,-115,-115,2026-09-12 15:12:50.441035+00:00,34.96859499999999,24.2,0.39335,2026-09-12 15:13:03.532649+00:00,,
2026,1,2026_01_CLE_JAX,JAX,CLE,2026-09-13 17:00:00+00:00,e55c6fe19fce094ce214c8b0e5b504e9,bovada,player_reception_yds,Parker Washington,00-0038606,JAX,53.5,-115,-115,2026-09-12 15:12:50.441035+00:00,49.82117000000001,38.5,0.3715,2026-09-12 15:13:03.533053+00:00,,
2026,1,2026_01_CLE_JAX,JAX,CLE,2026-09-13 17:00:00+00:00,e55c6fe19fce094ce214c8b0e5b504e9,bovada,player_reception_yds,Quinshon Judkins,00-0040784,CLE,9.5,-120,-110,2026-09-12 15:12:50.441035+00:00,17.704895,11.9,0.5558,2026-09-12 15:13:03.533444+00:00,,
2026,1,2026_01_CLE_JAX,JAX,CLE,2026-09-13 17:00:00+00:00,e55c6fe19fce094ce214c8b0e5b504e9,bovada,player_rush_yds,Bhayshul Tuten,00-0040719,JAX,48.5,-115,-115,2026-09-12 15:12:50.441035+00:00,61.20087,55.9,0.58745,2026-09-12 15:13:03.533820+00:00,,
2026,1,2026_01_CLE_JAX,JAX,CLE,2026-09-13 17:00:00+00:00,e55c6fe19fce094ce214c8b0e5b504e9,bovada,player_rush_yds,Chris Rodriguez Jr.,00-0038611,JAX,36.5,-115,-115,2026-09-12 15:12:50.441035+00:00,37.733135,31.7,0.4338,2026-09-12 15:13:03.534216+00:00,,
2026,1,2026_01_CLE_JAX,JAX,CLE,2026-09-13 17:00:00+00:00,e55c6fe19fce094ce214c8b0e5b504e9,bovada,player_rush_yds,Quinshon Judkins,00-0040784,CLE,57.5,-115,-115,2026-09-12 15:12:50.441035+00:00,43.211875,39.0,0.25835,2026-09-12 15:13:03.534628+00:00,,
2026,1,2026_01_CLE_JAX,JAX,CLE,2026-09-13 17:00:00+00:00,e55c6fe19fce094ce214c8b0e5b504e9,bovada,player_rush_yds,Trevor Lawrence,00-0036971,JAX,17.5,-115,-115,2026-09-12 15:12:50.441035+00:00,30.83522,24.5,0.62455,2026-09-12 15:13:03.535031+00:00,,
2026,1,2026_01_NO_DET,DET,NO,2026-09-13 17:00:00+00:00,c1d3fcec25aaeb06ebd2244d33d338e0,draftkings,player_reception_yds,Chris Olave,00-0037239,NO,75.5,-114,-110,2026-09-12 15:12:50.662504+00:00,85.77603,76.9,0.50955,2026-09-12 15:13:03.652011+00:00,,
2026,1,2026_01_NO_DET,DET,NO,2026-09-13 17:00:00+00:00,c1d3fcec25aaeb06ebd2244d33d338e0,draftkings,player_reception_yds,Amon-Ra St. Brown,00-0036963,DET,75.5,-113,-111,2026-09-12 15:12:50.662504+00:00,74.537965,64.1,0.41635,2026-09-12 15:13:03.772103+00:00,,
2026,1,2026_01_NO_DET,DET,NO,2026-09-13 17:00:00+00:00,c1d3fcec25aaeb06ebd2244d33d338e0,draftkings,player_reception_yds,Jameson Williams,00-0037240,DET,56.5,-114,-110,2026-09-12 15:12:50.662504+00:00,61.068385000000006,48.8,0.43955,2026-09-12 15:13:03.898570+00:00,,
2026,1,2026_01_NO_DET,DET,NO,2026-09-13 17:00:00+00:00,c1d3fcec25aaeb06ebd2244d33d338e0,draftkings,player_reception_yds,Sam LaPorta,00-0039065,DET,43.5,-112,-112,2026-09-12 15:12:50.662504+00:00,38.416875,28.9,0.3382,2026-09-12 15:13:04.018752+00:00,,
2026,1,2026_01_NO_DET,DET,NO,2026-09-13 17:00:00+00:00,c1d3fcec25aaeb06ebd2244d33d338e0,draftkings,player_reception_yds,Juwan Johnson,00-0036040,NO,41.5,-114,-110,2026-09-12 15:12:50.662504+00:00,51.878025,42.4,0.50825,2026-09-12 15:13:04.132611+00:00,,
2026,1,2026_01_NO_DET,DET,NO,2026-09-13 17:00:00+00:00,c1d3fcec25aaeb06ebd2244d33d338e0,draftkings,player_reception_yds,Devaughn Vele,00-0039424,NO,40.5,-111,-113,2026-09-12 15:12:50.662504+00:00,51.164605,41.7,0.5109,2026-09-12 15:13:04.248945+00:00,,
2026,1,2026_01_NO_DET,DET,NO,2026-09-13 17:00:00+00:00,c1d3fcec25aaeb06ebd2244d33d338e0,draftkings,player_reception_yds,Jahmyr Gibbs,00-0039139,DET,30.5,-110,-114,2026-09-12 15:12:50.662504+00:00,23.1133,18.1,0.27385,2026-09-12 15:13:04.368451+00:00,,
2026,1,2026_01_NO_DET,DET,NO,2026-09-13 17:00:00+00:00,c1d3fcec25aaeb06ebd2244d33d338e0,draftkings,player_reception_yds,Isaac TeSlaa,00-0040669,DET,16.5,-110,-114,2026-09-12 15:12:50.662504+00:00,24.58836,14.2,0.4667,2026-09-12 15:13:04.490059+00:00,,
2026,1,2026_01_NO_DET,DET,NO,2026-09-13 17:00:00+00:00,c1d3fcec25aaeb06ebd2244d33d338e0,draftkings,player_reception_yds,Travis Etienne Jr.,00-0036973,NO,14.5,-115,-109,2026-09-12 15:12:50.662504+00:00,14.898885,9.9,0.3803,2026-09-12 15:13:04.603606+00:00,,
2026,1,2026_01_NO_DET,DET,NO,2026-09-13 17:00:00+00:00,c1d3fcec25aaeb06ebd2244d33d338e0,draftkings,player_rush_yds,Jahmyr Gibbs,00-0039139,DET,86.5,-110,-115,2026-09-12 15:12:50.662504+00:00,74.87317,65.65,0.3414,2026-09-12 15:13:04.714748+00:00,,
2026,1,2026_01_NO_DET,DET,NO,2026-09-13 17:00:00+00:00,c1d3fcec25aaeb06ebd2244d33d338e0,draftkings,player_rush_yds,Travis Etienne Jr.,00-0036973,NO,56.5,-110,-114,2026-09-12 15:12:50.662504+00:00,46.001985,41.2,0.30505,2026-09-12 15:13:04.818532+00:00,,
2026,1,2026_01_NO_DET,DET,NO,2026-09-13 17:00:00+00:00,c1d3fcec25aaeb06ebd2244d33d338e0,draftkings,player_rush_yds,Tyler Shough,00-0040743,NO,16.5,-113,-111,2026-09-12 15:12:50.662504+00:00,24.828255,18.9,0.5452,2026-09-12 15:13:04.922142+00:00,,
2026,1,2026_01_NO_DET,DET,NO,2026-09-13 17:00:00+00:00,c1d3fcec25aaeb06ebd2244d33d338e0,draftkings,player_rush_yds,Jared Goff,00-0033106,DET,0.5,134,-169,2026-09-12 15:12:50.662504+00:00,10.44269,5.3,0.72985,2026-09-12 15:13:05.031440+00:00,,
2026,1,2026_01_NO_DET,DET,NO,2026-09-13 17:00:00+00:00,c1d3fcec25aaeb06ebd2244d33d338e0,fanduel,player_reception_yds,Juwan Johnson,00-0036040,NO,42.5,-114,-114,2026-09-12 15:12:50.662504+00:00,51.878025,42.4,0.4982,2026-09-12 15:13:05.031907+00:00,,
2026,1,2026_01_NO_DET,DET,NO,2026-09-13 17:00:00+00:00,c1d3fcec25aaeb06ebd2244d33d338e0,fanduel,player_reception_yds,Chris Olave,00-0037239,NO,76.5,-114,-114,2026-09-12 15:12:50.662504+00:00,85.77603,76.9,0.5023,2026-09-12 15:13:05.032337+00:00,,
2026,1,2026_01_NO_DET,DET,NO,2026-09-13 17:00:00+00:00,c1d3fcec25aaeb06ebd2244d33d338e0,fanduel,player_reception_yds,Travis Etienne Jr.,00-0036973,NO,14.5,-114,-114,2026-09-12 15:12:50.662504+00:00,14.898885,9.9,0.3803,2026-09-12 15:13:05.032740+00:00,,
2026,1,2026_01_NO_DET,DET,NO,2026-09-13 17:00:00+00:00,c1d3fcec25aaeb06ebd2244d33d338e0,fanduel,player_reception_yds,Devaughn Vele,00-0039424,NO,39.5,-114,-114,2026-09-12 15:12:50.662504+00:00,51.164605,41.7,0.51995,2026-09-12 15:13:05.033198+00:00,,
2026,1,2026_01_NO_DET,DET,NO,2026-09-13 17:00:00+00:00,c1d3fcec25aaeb06ebd2244d33d338e0,fanduel,player_reception_yds,Isaac TeSlaa,00-0040669,DET,17.5,-114,-114,2026-09-12 15:12:50.662504+00:00,24.58836,14.2,0.4537,2026-09-12 15:13:05.033632+00:00,,
2026,1,2026_01_NO_DET,DET,NO,2026-09-13 17:00:00+00:00,c1d3fcec25aaeb06ebd2244d33d338e0,fanduel,player_reception_yds,Sam LaPorta,00-0039065,DET,42.5,-114,-114,2026-09-12 15:12:50.662504+00:00,38.416875,28.9,0.34705,2026-09-12 15:13:05.034002+00:00,,
2026,1,2026_01_NO_DET,DET,NO,2026-09-13 17:00:00+00:00,c1d3fcec25aaeb06ebd2244d33d338e0,fanduel,player_reception_yds,Amon-Ra St. Brown,00-0036963,DET,77.5,-114,-114,2026-09-12 15:12:50.662504+00:00,74.537965,64.1,0.40265,2026-09-12 15:13:05.034383+00:00,,
2026,1,2026_01_NO_DET,DET,NO,2026-09-13 17:00:00+00:00,c1d3fcec25aaeb06ebd2244d33d338e0,fanduel,player_reception_yds,Jameson Williams,00-0037240,DET,58.5,-114,-114,2026-09-12 15:12:50.662504+00:00,61.068385000000006,48.8,0.42495,2026-09-12 15:13:05.034800+00:00,,
2026,1,2026_01_NO_DET,DET,NO,2026-09-13 17:00:00+00:00,c1d3fcec25aaeb06ebd2244d33d338e0,fanduel,player_reception_yds,Jahmyr Gibbs,00-0039139,DET,30.5,-114,-114,2026-09-12 15:12:50.662504+00:00,23.1133,18.1,0.27385,2026-09-12 15:13:05.035146+00:00,,
2026,1,2026_01_NO_DET,DET,NO,2026-09-13 17:00:00+00:00,c1d3fcec25aaeb06ebd2244d33d338e0,fanduel,player_rush_yds,Jared Goff,00-0033106,DET,0.5,142,-188,2026-09-12 15:12:50.662504+00:00,10.44269,5.3,0.72985,2026-09-12 15:13:05.035563+00:00,,
2026,1,2026_01_NO_DET,DET,NO,2026-09-13 17:00:00+00:00,c1d3fcec25aaeb06ebd2244d33d338e0,fanduel,player_rush_yds,Tyler Shough,00-0040743,NO,16.5,-114,-114,2026-09-12 15:12:50.662504+00:00,24.828255,18.9,0.5452,2026-09-12 15:13:05.035983+00:00,,
2026,1,2026_01_NO_DET,DET,NO,2026-09-13 17:00:00+00:00,c1d3fcec25aaeb06ebd2244d33d338e0,fanduel,player_rush_yds,Jahmyr Gibbs,00-0039139,DET,83.5,-114,-114,2026-09-12 15:12:50.662504+00:00,74.87317,65.65,0.36225,2026-09-12 15:13:05.036386+00:00,,
2026,1,2026_01_NO_DET,DET,NO,2026-09-13 17:00:00+00:00,c1d3fcec25aaeb06ebd2244d33d338e0,fanduel,player_rush_yds,Travis Etienne Jr.,00-0036973,NO,56.5,-114,-114,2026-09-12 15:12:50.662504+00:00,46.001985,41.2,0.30505,2026-09-12 15:13:05.036808+00:00,,
2026,1,2026_01_NO_DET,DET,NO,2026-09-13 17:00:00+00:00,c1d3fcec25aaeb06ebd2244d33d338e0,betonlineag,player_reception_yds,Juwan Johnson,00-0036040,NO,42.5,-114,-114,2026-09-12 15:12:50.662504+00:00,51.878025,42.4,0.4982,2026-09-12 15:13:05.037232+00:00,,
2026,1,2026_01_NO_DET,DET,NO,2026-09-13 17:00:00+00:00,c1d3fcec25aaeb06ebd2244d33d338e0,betonlineag,player_reception_yds,Jahmyr Gibbs,00-0039139,DET,30.5,-114,-114,2026-09-12 15:12:50.662504+00:00,23.1133,18.1,0.27385,2026-09-12 15:13:05.037576+00:00,,
2026,1,2026_01_NO_DET,DET,NO,2026-09-13 17:00:00+00:00,c1d3fcec25aaeb06ebd2244d33d338e0,betonlineag,player_reception_yds,Chris Olave,00-0037239,NO,76.5,-114,-114,2026-09-12 15:12:50.662504+00:00,85.77603,76.9,0.5023,2026-09-12 15:13:05.037994+00:00,,
2026,1,2026_01_NO_DET,DET,NO,2026-09-13 17:00:00+00:00,c1d3fcec25aaeb06ebd2244d33d338e0,betonlineag,player_reception_yds,Amon-Ra St. Brown,00-0036963,DET,76.5,-116,-111,2026-09-12 15:12:50.662504+00:00,74.537965,64.1,0.40945,2026-09-12 15:13:05.038374+00:00,,
2026,1,2026_01_NO_DET,DET,NO,2026-09-13 17:00:00+00:00,c1d3fcec25aaeb06ebd2244d33d338e0,betonlineag,player_reception_yds,Jameson Williams,00-0037240,DET,56.5,-115,-112,2026-09-12 15:12:50.662504+00:00,61.068385000000006,48.8,0.43955,2026-09-12 15:13:05.038787+00:00,,
2026,1,2026_01_NO_DET,DET,NO,2026-09-13 17:00:00+00:00,c1d3fcec25aaeb06ebd2244d33d338e0,betonlineag,player_reception_yds,Isaac TeSlaa,00-0040669,DET,16.5,-116,-111,2026-09-12 15:12:50.662504+00:00,24.58836,14.2,0.4667,2026-09-12 15:13:05.039208+00:00,,
2026,1,2026_01_NO_DET,DET,NO,2026-09-13 17:00:00+00:00,c1d3fcec25aaeb06ebd2244d33d338e0,betonlineag,player_reception_yds,Travis Etienne Jr.,00-0036973,NO,14.5,-118,-110,2026-09-12 15:12:50.662504+00:00,14.898885,9.9,0.3803,2026-09-12 15:13:05.039600+00:00,,
2026,1,2026_01_NO_DET,DET,NO,2026-09-13 17:00:00+00:00,c1d3fcec25aaeb06ebd2244d33d338e0,betonlineag,player_reception_yds,Sam LaPorta,00-0039065,DET,43.5,-114,-114,2026-09-12 15:12:50.662504+00:00,38.416875,28.9,0.3382,2026-09-12 15:13:05.039961+00:00,,
2026,1,2026_01_NO_DET,DET,NO,2026-09-13 17:00:00+00:00,c1d3fcec25aaeb06ebd2244d33d338e0,betonlineag,player_reception_yds,Devaughn Vele,00-0039424,NO,42.5,-118,-110,2026-09-12 15:12:50.662504+00:00,51.164605,41.7,0.49145,2026-09-12 15:13:05.040383+00:00,,
2026,1,2026_01_NO_DET,DET,NO,2026-09-13 17:00:00+00:00,c1d3fcec25aaeb06ebd2244d33d338e0,betonlineag,player_rush_yds,Jahmyr Gibbs,00-0039139,DET,83.5,-120,-108,2026-09-12 15:12:50.662504+00:00,74.87317,65.65,0.36225,2026-09-12 15:13:05.040780+00:00,,
2026,1,2026_01_NO_DET,DET,NO,2026-09-13 17:00:00+00:00,c1d3fcec25aaeb06ebd2244d33d338e0,betonlineag,player_rush_yds,Tyler Shough,00-0040743,NO,16.5,-122,-106,2026-09-12 15:12:50.662504+00:00,24.828255,18.9,0.5452,2026-09-12 15:13:05.041193+00:00,,
2026,1,2026_01_NO_DET,DET,NO,2026-09-13 17:00:00+00:00,c1d3fcec25aaeb06ebd2244d33d338e0,betonlineag,player_rush_yds,Travis Etienne Jr.,00-0036973,NO,56.5,-115,-112,2026-09-12 15:12:50.662504+00:00,46.001985,41.2,0.30505,2026-09-12 15:13:05.041610+00:00,,
2026,1,2026_01_NO_DET,DET,NO,2026-09-13 17:00:00+00:00,c1d3fcec25aaeb06ebd2244d33d338e0,betrivers,player_reception_yds,Travis Etienne Jr.,00-0036973,NO,15.5,-120,-112,2026-09-12 15:12:50.662504+00:00,14.898885,9.9,0.35775,2026-09-12 15:13:05.041997+00:00,,
2026,1,2026_01_NO_DET,DET,NO,2026-09-13 17:00:00+00:00,c1d3fcec25aaeb06ebd2244d33d338e0,betrivers,player_reception_yds,Juwan Johnson,00-0036040,NO,41.5,-115,-115,2026-09-12 15:12:50.662504+00:00,51.878025,42.4,0.50825,2026-09-12 15:13:05.042417+00:00,,
2026,1,2026_01_NO_DET,DET,NO,2026-09-13 17:00:00+00:00,c1d3fcec25aaeb06ebd2244d33d338e0,betrivers,player_reception_yds,Sam LaPorta,00-0039065,DET,44.5,-112,-118,2026-09-12 15:12:50.662504+00:00,38.416875,28.9,0.3281,2026-09-12 15:13:05.042779+00:00,,
2026,1,2026_01_NO_DET,DET,NO,2026-09-13 17:00:00+00:00,c1d3fcec25aaeb06ebd2244d33d338e0,betrivers,player_reception_yds,Chris Olave,00-0037239,NO,75.5,-115,-115,2026-09-12 15:12:50.662504+00:00,85.77603,76.9,0.50955,2026-09-12 15:13:05.043190+00:00,,
2026,1,2026_01_NO_DET,DET,NO,2026-09-13 17:00:00+00:00,c1d3fcec25aaeb06ebd2244d33d338e0,betrivers,player_reception_yds,Jameson Williams,00-0037240,DET,58.5,-114,-117,2026-09-12 15:12:50.662504+00:00,61.068385000000006,48.8,0.42495,2026-09-12 15:13:05.043602+00:00,,
2026,1,2026_01_NO_DET,DET,NO,2026-09-13 17:00:00+00:00,c1d3fcec25aaeb06ebd2244d33d338e0,betrivers,player_reception_yds,Amon-Ra St. Brown,00-0036963,DET,76.5,-115,-115,2026-09-12 15:12:50.662504+00:00,74.537965,64.1,0.40945,2026-09-12 15:13:05.043978+00:00,,
2026,1,2026_01_NO_DET,DET,NO,2026-09-13 17:00:00+00:00,c1d3fcec25aaeb06ebd2244d33d338e0,betrivers,player_reception_yds,Jahmyr Gibbs,00-0039139,DET,29.5,-117,-114,2026-09-12 15:12:50.662504+00:00,23.1133,18.1,0.2883,2026-09-12 15:13:05.044327+00:00,,
2026,1,2026_01_NO_DET,DET,NO,2026-09-13 17:00:00+00:00,c1d3fcec25aaeb06ebd2244d33d338e0,betrivers,player_reception_yds,Devaughn Vele,00-0039424,NO,39.5,-114,-117,2026-09-12 15:12:50.662504+00:00,51.164605,41.7,0.51995,2026-09-12 15:13:05.044754+00:00,,
2026,1,2026_01_NO_DET,DET,NO,2026-09-13 17:00:00+00:00,c1d3fcec25aaeb06ebd2244d33d338e0,betrivers,player_reception_yds,Isaac TeSlaa,00-0040669,DET,19.5,-112,-120,2026-09-12 15:12:50.662504+00:00,24.58836,14.2,0.42865,2026-09-12 15:13:05.045178+00:00,,
2026,1,2026_01_NO_DET,DET,NO,2026-09-13 17:00:00+00:00,c1d3fcec25aaeb06ebd2244d33d338e0,betrivers,player_rush_yds,Tyler Shough,00-0040743,NO,16.5,-115,-115,2026-09-12 15:12:50.662504+00:00,24.828255,18.9,0.5452,2026-09-12 15:13:05.045596+00:00,,
2026,1,2026_01_NO_DET,DET,NO,2026-09-13 17:00:00+00:00,c1d3fcec25aaeb06ebd2244d33d338e0,betrivers,player_rush_yds,Jahmyr Gibbs,00-0039139,DET,84.5,-115,-115,2026-09-12 15:12:50.662504+00:00,74.87317,65.65,0.3546,2026-09-12 15:13:05.045999+00:00,,
2026,1,2026_01_NO_DET,DET,NO,2026-09-13 17:00:00+00:00,c1d3fcec25aaeb06ebd2244d33d338e0,betrivers,player_rush_yds,Travis Etienne Jr.,00-0036973,NO,55.5,-115,-115,2026-09-12 15:12:50.662504+00:00,46.001985,41.2,0.3149,2026-09-12 15:13:05.046421+00:00,,
2026,1,2026_01_NO_DET,DET,NO,2026-09-13 17:00:00+00:00,c1d3fcec25aaeb06ebd2244d33d338e0,betmgm,player_reception_yds,Chris Olave,00-0037239,NO,77.5,-115,-115,2026-09-12 15:12:50.662504+00:00,85.77603,76.9,0.49505,2026-09-12 15:13:05.046834+00:00,,
2026,1,2026_01_NO_DET,DET,NO,2026-09-13 17:00:00+00:00,c1d3fcec25aaeb06ebd2244d33d338e0,betmgm,player_reception_yds,Juwan Johnson,00-0036040,NO,41.5,-115,-115,2026-09-12 15:12:50.662504+00:00,51.878025,42.4,0.50825,2026-09-12 15:13:05.047276+00:00,,
2026,1,2026_01_NO_DET,DET,NO,2026-09-13 17:00:00+00:00,c1d3fcec25aaeb06ebd2244d33d338e0,betmgm,player_reception_yds,Devaughn Vele,00-0039424,NO,38.5,-130,-105,2026-09-12 15:12:50.662504+00:00,51.164605,41.7,0.5295,2026-09-12 15:13:05.047702+00:00,,
2026,1,2026_01_NO_DET,DET,NO,2026-09-13 17:00:00+00:00,c1d3fcec25aaeb06ebd2244d33d338e0,betmgm,player_reception_yds,Isaac TeSlaa,00-0040669,DET,16.5,-115,-115,2026-09-12 15:12:50.662504+00:00,24.58836,14.2,0.4667,2026-09-12 15:13:05.048114+00:00,,
2026,1,2026_01_NO_DET,DET,NO,2026-09-13 17:00:00+00:00,c1d3fcec25aaeb06ebd2244d33d338e0,betmgm,player_reception_yds,Jahmyr Gibbs,00-0039139,DET,32.5,-115,-115,2026-09-12 15:12:50.662504+00:00,23.1133,18.1,0.24725,2026-09-12 15:13:05.048454+00:00,,
2026,1,2026_01_NO_DET,DET,NO,2026-09-13 17:00:00+00:00,c1d3fcec25aaeb06ebd2244d33d338e0,betmgm,player_reception_yds,Amon-Ra St. Brown,00-0036963,DET,80.5,-115,-115,2026-09-12 15:12:50.662504+00:00,74.537965,64.1,0.383,2026-09-12 15:13:05.048849+00:00,,
2026,1,2026_01_NO_DET,DET,NO,2026-09-13 17:00:00+00:00,c1d3fcec25aaeb06ebd2244d33d338e0,betmgm,player_reception_yds,Sam LaPorta,00-0039065,DET,44.5,-120,-111,2026-09-12 15:12:50.662504+00:00,38.416875,28.9,0.3281,2026-09-12 15:13:05.049226+00:00,,
2026,1,2026_01_NO_DET,DET,NO,2026-09-13 17:00:00+00:00,c1d3fcec25aaeb06ebd2244d33d338e0,betmgm,player_reception_yds,Jameson Williams,00-0037240,DET,59.5,-115,-115,2026-09-12 15:12:50.662504+00:00,61.068385000000006,48.8,0.4172,2026-09-12 15:13:05.049641+00:00,,
2026,1,2026_01_NO_DET,DET,NO,2026-09-13 17:00:00+00:00,c1d3fcec25aaeb06ebd2244d33d338e0,betmgm,player_rush_yds,Tyler Shough,00-0040743,NO,16.5,-115,-115,2026-09-12 15:12:50.662504+00:00,24.828255,18.9,0.5452,2026-09-12 15:13:05.050052+00:00,,
2026,1,2026_01_NO_DET,DET,NO,2026-09-13 17:00:00+00:00,c1d3fcec25aaeb06ebd2244d33d338e0,betmgm,player_rush_yds,Jahmyr Gibbs,00-0039139,DET,84.5,-115,-115,2026-09-12 15:12:50.662504+00:00,74.87317,65.65,0.3546,2026-09-12 15:13:05.050456+00:00,,
2026,1,2026_01_NO_DET,DET,NO,2026-09-13 17:00:00+00:00,c1d3fcec25aaeb06ebd2244d33d338e0,bovada,player_reception_yds,Amon-Ra St. Brown,00-0036963,DET,75.5,-115,-115,2026-09-12 15:12:50.662504+00:00,74.537965,64.1,0.41635,2026-09-12 15:13:05.050833+00:00,,
2026,1,2026_01_NO_DET,DET,NO,2026-09-13 17:00:00+00:00,c1d3fcec25aaeb06ebd2244d33d338e0,bovada,player_reception_yds,Chris Olave,00-0037239,NO,75.5,-115,-115,2026-09-12 15:12:50.662504+00:00,85.77603,76.9,0.50955,2026-09-12 15:13:05.051244+00:00,,
2026,1,2026_01_NO_DET,DET,NO,2026-09-13 17:00:00+00:00,c1d3fcec25aaeb06ebd2244d33d338e0,bovada,player_reception_yds,Devaughn Vele,00-0039424,NO,40.5,-115,-115,2026-09-12 15:12:50.662504+00:00,51.164605,41.7,0.5109,2026-09-12 15:13:05.051664+00:00,,
2026,1,2026_01_NO_DET,DET,NO,2026-09-13 17:00:00+00:00,c1d3fcec25aaeb06ebd2244d33d338e0,bovada,player_reception_yds,Isaac TeSlaa,00-0040669,DET,16.5,-115,-115,2026-09-12 15:12:50.662504+00:00,24.58836,14.2,0.4667,2026-09-12 15:13:05.052081+00:00,,
2026,1,2026_01_NO_DET,DET,NO,2026-09-13 17:00:00+00:00,c1d3fcec25aaeb06ebd2244d33d338e0,bovada,player_reception_yds,Jahmyr Gibbs,00-0039139,DET,30.5,-115,-115,2026-09-12 15:12:50.662504+00:00,23.1133,18.1,0.27385,2026-09-12 15:13:05.052421+00:00,,
2026,1,2026_01_NO_DET,DET,NO,2026-09-13 17:00:00+00:00,c1d3fcec25aaeb06ebd2244d33d338e0,bovada,player_reception_yds,Jameson Williams,00-0037240,DET,56.5,-115,-115,2026-09-12 15:12:50.662504+00:00,61.068385000000006,48.8,0.43955,2026-09-12 15:13:05.052835+00:00,,
2026,1,2026_01_NO_DET,DET,NO,2026-09-13 17:00:00+00:00,c1d3fcec25aaeb06ebd2244d33d338e0,bovada,player_reception_yds,Juwan Johnson,00-0036040,NO,41.5,-115,-115,2026-09-12 15:12:50.662504+00:00,51.878025,42.4,0.50825,2026-09-12 15:13:05.053254+00:00,,
2026,1,2026_01_NO_DET,DET,NO,2026-09-13 17:00:00+00:00,c1d3fcec25aaeb06ebd2244d33d338e0,bovada,player_reception_yds,Sam LaPorta,00-0039065,DET,43.5,-115,-115,2026-09-12 15:12:50.662504+00:00,38.416875,28.9,0.3382,2026-09-12 15:13:05.053618+00:00,,
2026,1,2026_01_NO_DET,DET,NO,2026-09-13 17:00:00+00:00,c1d3fcec25aaeb06ebd2244d33d338e0,bovada,player_reception_yds,Travis Etienne Jr.,00-0036973,NO,14.5,-120,-110,2026-09-12 15:12:50.662504+00:00,14.898885,9.9,0.3803,2026-09-12 15:13:05.054008+00:00,,
2026,1,2026_01_NO_DET,DET,NO,2026-09-13 17:00:00+00:00,c1d3fcec25aaeb06ebd2244d33d338e0,bovada,player_rush_yds,Jahmyr Gibbs,00-0039139,DET,86.5,-110,-120,2026-09-12 15:12:50.662504+00:00,74.87317,65.65,0.3414,2026-09-12 15:13:05.054401+00:00,,
2026,1,2026_01_NO_DET,DET,NO,2026-09-13 17:00:00+00:00,c1d3fcec25aaeb06ebd2244d33d338e0,bovada,player_rush_yds,Travis Etienne Jr.,00-0036973,NO,56.5,-115,-115,2026-09-12 15:12:50.662504+00:00,46.001985,41.2,0.30505,2026-09-12 15:13:05.054819+00:00,,
2026,1,2026_01_NO_DET,DET,NO,2026-09-13 17:00:00+00:00,c1d3fcec25aaeb06ebd2244d33d338e0,bovada,player_rush_yds,Tyler Shough,00-0040743,NO,16.5,-115,-115,2026-09-12 15:12:50.662504+00:00,24.828255,18.9,0.5452,2026-09-12 15:13:05.055232+00:00,,
2026,1,2026_01_NYJ_TEN,TEN,NYJ,2026-09-13 17:00:00+00:00,7dddb296a42e7a41a774b24bd1709ce1,draftkings,player_reception_yds,Garrett Wilson,00-0037740,NYJ,63.5,-110,-114,2026-09-12 15:12:50.903699+00:00,59.819280000000006,50.2,0.3887,2026-09-12 15:13:05.179530+00:00,,
2026,1,2026_01_NYJ_TEN,TEN,NYJ,2026-09-13 17:00:00+00:00,7dddb296a42e7a41a774b24bd1709ce1,draftkings,player_reception_yds,Wan'Dale Robinson,00-0038117,TEN,43.5,-109,-115,2026-09-12 15:12:50.903699+00:00,41.032825,31.4,0.3669,2026-09-12 15:13:05.293849+00:00,,
2026,1,2026_01_NYJ_TEN,TEN,NYJ,2026-09-13 17:00:00+00:00,7dddb296a42e7a41a774b24bd1709ce1,draftkings,player_reception_yds,Carnell Tate,00-0041438,TEN,38.5,-113,-111,2026-09-12 15:12:50.903699+00:00,41.53935,31.1,0.42075,2026-09-12 15:13:05.388380+00:00,,
2026,1,2026_01_NYJ_TEN,TEN,NYJ,2026-09-13 17:00:00+00:00,7dddb296a42e7a41a774b24bd1709ce1,draftkings,player_reception_yds,Adonai Mitchell,00-0039890,NYJ,30.5,-115,-109,2026-09-12 15:12:50.903699+00:00,30.750965,19.4,0.37435,2026-09-12 15:13:05.518014+00:00,,
2026,1,2026_01_NYJ_TEN,TEN,NYJ,2026-09-13 17:00:00+00:00,7dddb296a42e7a41a774b24bd1709ce1,draftkings,player_reception_yds,Calvin Ridley,00-0034837,TEN,27.5,-111,-113,2026-09-12 15:12:50.903699+00:00,32.18454,20.3,0.4217,2026-09-12 15:13:05.630159+00:00,,
2026,1,2026_01_NYJ_TEN,TEN,NYJ,2026-09-13 17:00:00+00:00,7dddb296a42e7a41a774b24bd1709ce1,draftkings,player_reception_yds,Gunnar Helm,00-0040584,TEN,21.5,-116,-108,2026-09-12 15:12:50.903699+00:00,33.09864,24.6,0.54835,2026-09-12 15:13:05.746032+00:00,,
2026,1,2026_01_NYJ_TEN,TEN,NYJ,2026-09-13 17:00:00+00:00,7dddb296a42e7a41a774b24bd1709ce1,draftkings,player_reception_yds,Breece Hall,00-0038120,NYJ,21.5,-111,-113,2026-09-12 15:12:50.903699+00:00,17.63656,12.0,0.3082,2026-09-12 15:13:05.872186+00:00,,
2026,1,2026_01_NYJ_TEN,TEN,NYJ,2026-09-13 17:00:00+00:00,7dddb296a42e7a41a774b24bd1709ce1,draftkings,player_reception_yds,Mason Taylor,00-0040736,NYJ,20.5,-110,-114,2026-09-12 15:12:50.903699+00:00,28.417825,22.0,0.52335,2026-09-12 15:13:05.997399+00:00,,
2026,1,2026_01_NYJ_TEN,TEN,NYJ,2026-09-13 17:00:00+00:00,7dddb296a42e7a41a774b24bd1709ce1,draftkings,player_reception_yds,Tyjae Spears,00-0039032,TEN,16.5,-108,-116,2026-09-12 15:12:50.903699+00:00,15.110725,10.8,0.35005,2026-09-12 15:13:06.112365+00:00,,
2026,1,2026_01_NYJ_TEN,TEN,NYJ,2026-09-13 17:00:00+00:00,7dddb296a42e7a41a774b24bd1709ce1,draftkings,player_reception_yds,Kenyon Sadiq,00-0041032,NYJ,14.5,-109,-115,2026-09-12 15:12:50.903699+00:00,7.85843,0.0,0.1749,2026-09-12 15:13:06.218531+00:00,,
2026,1,2026_01_NYJ_TEN,TEN,NYJ,2026-09-13 17:00:00+00:00,7dddb296a42e7a41a774b24bd1709ce1,draftkings,player_reception_yds,Tony Pollard,00-0035261,TEN,9.5,-113,-111,2026-09-12 15:12:50.903699+00:00,11.742909999999998,7.8,0.44025,2026-09-12 15:13:06.333984+00:00,,
2026,1,2026_01_NYJ_TEN,TEN,NYJ,2026-09-13 17:00:00+00:00,7dddb296a42e7a41a774b24bd1709ce1,draftkings,player_rush_yds,Breece Hall,00-0038120,NYJ,62.5,-112,-112,2026-09-12 15:12:50.903699+00:00,53.02081999999999,47.3,0.32885,2026-09-12 15:13:06.449557+00:00,,
2026,1,2026_01_NYJ_TEN,TEN,NYJ,2026-09-13 17:00:00+00:00,7dddb296a42e7a41a774b24bd1709ce1,draftkings,player_rush_yds,Tony Pollard,00-0035261,TEN,50.5,-110,-114,2026-09-12 15:12:50.903699+00:00,63.42341000000001,56.8,0.56465,2026-09-12 15:13:06.554869+00:00,,
2026,1,2026_01_NYJ_TEN,TEN,NYJ,2026-09-13 17:00:00+00:00,7dddb296a42e7a41a774b24bd1709ce1,draftkings,player_rush_yds,Tyjae Spears,00-0039032,TEN,26.5,-111,-113,2026-09-12 15:12:50.903699+00:00,30.108180000000004,23.2,0.44825,2026-09-12 15:13:06.657955+00:00,,
2026,1,2026_01_NYJ_TEN,TEN,NYJ,2026-09-13 17:00:00+00:00,7dddb296a42e7a41a774b24bd1709ce1,draftkings,player_rush_yds,Braelon Allen,00-0039794,NYJ,18.5,-117,-107,2026-09-12 15:12:50.903699+00:00,18.736205,14.2,0.4016,2026-09-12 15:13:06.777997+00:00,,
2026,1,2026_01_NYJ_TEN,TEN,NYJ,2026-09-13 17:00:00+00:00,7dddb296a42e7a41a774b24bd1709ce1,draftkings,player_rush_yds,Cam Ward,00-0040676,TEN,9.5,-114,-110,2026-09-12 15:12:50.903699+00:00,15.356209999999995,10.2,0.5163,2026-09-12 15:13:06.885234+00:00,,
2026,1,2026_01_NYJ_TEN,TEN,NYJ,2026-09-13 17:00:00+00:00,7dddb296a42e7a41a774b24bd1709ce1,draftkings,player_rush_yds,Geno Smith,00-0030565,NYJ,6.5,-115,-109,2026-09-12 15:12:50.903699+00:00,17.04406,11.8,0.6412,2026-09-12 15:13:07.003543+00:00,,
2026,1,2026_01_NYJ_TEN,TEN,NYJ,2026-09-13 17:00:00+00:00,7dddb296a42e7a41a774b24bd1709ce1,fanduel,player_reception_yds,Breece Hall,00-0038120,NYJ,20.5,-114,-114,2026-09-12 15:12:50.903699+00:00,17.63656,12.0,0.32385,2026-09-12 15:13:07.003995+00:00,,
2026,1,2026_01_NYJ_TEN,TEN,NYJ,2026-09-13 17:00:00+00:00,7dddb296a42e7a41a774b24bd1709ce1,fanduel,player_reception_yds,Tyjae Spears,00-0039032,TEN,16.5,-114,-114,2026-09-12 15:12:50.903699+00:00,15.110725,10.8,0.35005,2026-09-12 15:13:07.004420+00:00,,
2026,1,2026_01_NYJ_TEN,TEN,NYJ,2026-09-13 17:00:00+00:00,7dddb296a42e7a41a774b24bd1709ce1,fanduel,player_reception_yds,Omar Cooper Jr.,00-0041511,NYJ,14.5,-114,-114,2026-09-12 15:12:50.903699+00:00,29.69545,18.9,0.5599,2026-09-12 15:13:07.110368+00:00,,
2026,1,2026_01_NYJ_TEN,TEN,NYJ,2026-09-13 17:00:00+00:00,7dddb296a42e7a41a774b24bd1709ce1,fanduel,player_reception_yds,Garrett Wilson,00-0037740,NYJ,61.5,-114,-114,2026-09-12 15:12:50.903699+00:00,59.819280000000006,50.2,0.4066,2026-09-12 15:13:07.110801+00:00,,
2026,1,2026_01_NYJ_TEN,TEN,NYJ,2026-09-13 17:00:00+00:00,7dddb296a42e7a41a774b24bd1709ce1,fanduel,player_reception_yds,Tony Pollard,00-0035261,TEN,9.5,-114,-114,2026-09-12 15:12:50.903699+00:00,11.742909999999998,7.8,0.44025,2026-09-12 15:13:07.111202+00:00,,
2026,1,2026_01_NYJ_TEN,TEN,NYJ,2026-09-13 17:00:00+00:00,7dddb296a42e7a41a774b24bd1709ce1,fanduel,player_reception_yds,Kenyon Sadiq,00-0041032,NYJ,14.5,-114,-114,2026-09-12 15:12:50.903699+00:00,7.85843,0.0,0.1749,2026-09-12 15:13:07.111525+00:00,,
2026,1,2026_01_NYJ_TEN,TEN,NYJ,2026-09-13 17:00:00+00:00,7dddb296a42e7a41a774b24bd1709ce1,fanduel,player_reception_yds,Gunnar Helm,00-0040584,TEN,21.5,-114,-114,2026-09-12 15:12:50.903699+00:00,33.09864,24.6,0.54835,2026-09-12 15:13:07.111910+00:00,,
2026,1,2026_01_NYJ_TEN,TEN,NYJ,2026-09-13 17:00:00+00:00,7dddb296a42e7a41a774b24bd1709ce1,fanduel,player_reception_yds,Wan'Dale Robinson,00-0038117,TEN,41.5,-114,-114,2026-09-12 15:12:50.903699+00:00,41.032825,31.4,0.3847,2026-09-12 15:13:07.112326+00:00,,
2026,1,2026_01_NYJ_TEN,TEN,NYJ,2026-09-13 17:00:00+00:00,7dddb296a42e7a41a774b24bd1709ce1,fanduel,player_reception_yds,Carnell Tate,00-0041438,TEN,37.5,-114,-114,2026-09-12 15:12:50.903699+00:00,41.53935,31.1,0.4301,2026-09-12 15:13:07.112743+00:00,,
2026,1,2026_01_NYJ_TEN,TEN,NYJ,2026-09-13 17:00:00+00:00,7dddb296a42e7a41a774b24bd1709ce1,fanduel,player_reception_yds,Adonai Mitchell,00-0039890,NYJ,32.5,-114,-114,2026-09-12 15:12:50.903699+00:00,30.750965,19.4,0.35515,2026-09-12 15:13:07.113138+00:00,,
2026,1,2026_01_NYJ_TEN,TEN,NYJ,2026-09-13 17:00:00+00:00,7dddb296a42e7a41a774b24bd1709ce1,fanduel,player_reception_yds,Mason Taylor,00-0040736,NYJ,21.5,-114,-114,2026-09-12 15:12:50.903699+00:00,28.417825,22.0,0.5063,2026-09-12 15:13:07.113536+00:00,,
2026,1,2026_01_NYJ_TEN,TEN,NYJ,2026-09-13 17:00:00+00:00,7dddb296a42e7a41a774b24bd1709ce1,fanduel,player_reception_yds,Calvin Ridley,00-0034837,TEN,27.5,-114,-114,2026-09-12 15:12:50.903699+00:00,32.18454,20.3,0.4217,2026-09-12 15:13:07.113955+00:00,,
2026,1,2026_01_NYJ_TEN,TEN,NYJ,2026-09-13 17:00:00+00:00,7dddb296a42e7a41a774b24bd1709ce1,fanduel,player_rush_yds,Geno Smith,00-0030565,NYJ,6.5,-114,-114,2026-09-12 15:12:50.903699+00:00,17.04406,11.8,0.6412,2026-09-12 15:13:07.114363+00:00,,
2026,1,2026_01_NYJ_TEN,TEN,NYJ,2026-09-13 17:00:00+00:00,7dddb296a42e7a41a774b24bd1709ce1,fanduel,player_rush_yds,Tyjae Spears,00-0039032,TEN,24.5,-114,-114,2026-09-12 15:12:50.903699+00:00,30.108180000000004,23.2,0.4774,2026-09-12 15:13:07.114730+00:00,,
2026,1,2026_01_NYJ_TEN,TEN,NYJ,2026-09-13 17:00:00+00:00,7dddb296a42e7a41a774b24bd1709ce1,fanduel,player_rush_yds,Cam Ward,00-0040676,TEN,9.5,-114,-114,2026-09-12 15:12:50.903699+00:00,15.356209999999995,10.2,0.5163,2026-09-12 15:13:07.115100+00:00,,
2026,1,2026_01_NYJ_TEN,TEN,NYJ,2026-09-13 17:00:00+00:00,7dddb296a42e7a41a774b24bd1709ce1,fanduel,player_rush_yds,Braelon Allen,00-0039794,NYJ,17.5,-114,-114,2026-09-12 15:12:50.903699+00:00,18.736205,14.2,0.42325,2026-09-12 15:13:07.115498+00:00,,
2026,1,2026_01_NYJ_TEN,TEN,NYJ,2026-09-13 17:00:00+00:00,7dddb296a42e7a41a774b24bd1709ce1,fanduel,player_rush_yds,Tony Pollard,00-0035261,TEN,50.5,-114,-114,2026-09-12 15:12:50.903699+00:00,63.42341000000001,56.8,0.56465,2026-09-12 15:13:07.115892+00:00,,
2026,1,2026_01_NYJ_TEN,TEN,NYJ,2026-09-13 17:00:00+00:00,7dddb296a42e7a41a774b24bd1709ce1,fanduel,player_rush_yds,Breece Hall,00-0038120,NYJ,64.5,-114,-114,2026-09-12 15:12:50.903699+00:00,53.02081999999999,47.3,0.3094,2026-09-12 15:13:07.116294+00:00,,
2026,1,2026_01_NYJ_TEN,TEN,NYJ,2026-09-13 17:00:00+00:00,7dddb296a42e7a41a774b24bd1709ce1,betonlineag,player_reception_yds,Wan'Dale Robinson,00-0038117,TEN,41.5,-111,-116,2026-09-12 15:12:50.903699+00:00,41.032825,31.4,0.3847,2026-09-12 15:13:07.116703+00:00,,
2026,1,2026_01_NYJ_TEN,TEN,NYJ,2026-09-13 17:00:00+00:00,7dddb296a42e7a41a774b24bd1709ce1,betonlineag,player_reception_yds,Carnell Tate,00-0041438,TEN,39.5,-114,-114,2026-09-12 15:12:50.903699+00:00,41.53935,31.1,0.41075,2026-09-12 15:13:07.117108+00:00,,
2026,1,2026_01_NYJ_TEN,TEN,NYJ,2026-09-13 17:00:00+00:00,7dddb296a42e7a41a774b24bd1709ce1,betonlineag,player_reception_yds,Tony Pollard,00-0035261,TEN,9.5,-111,-116,2026-09-12 15:12:50.903699+00:00,11.742909999999998,7.8,0.44025,2026-09-12 15:13:07.117495+00:00,,
2026,1,2026_01_NYJ_TEN,TEN,NYJ,2026-09-13 17:00:00+00:00,7dddb296a42e7a41a774b24bd1709ce1,betonlineag,player_reception_yds,Calvin Ridley,00-0034837,TEN,27.5,-114,-114,2026-09-12 15:12:50.903699+00:00,32.18454,20.3,0.4217,2026-09-12 15:13:07.117912+00:00,,
2026,1,2026_01_NYJ_TEN,TEN,NYJ,2026-09-13 17:00:00+00:00,7dddb296a42e7a41a774b24bd1709ce1,betonlineag,player_reception_yds,Gunnar Helm,00-0040584,TEN,21.5,-115,-112,2026-09-12 15:12:50.903699+00:00,33.09864,24.6,0.54835,2026-09-12 15:13:07.118282+00:00,,
2026,1,2026_01_NYJ_TEN,TEN,NYJ,2026-09-13 17:00:00+00:00,7dddb296a42e7a41a774b24bd1709ce1,betonlineag,player_reception_yds,Adonai Mitchell,00-0039890,NYJ,31.5,-114,-114,2026-09-12 15:12:50.903699+00:00,30.750965,19.4,0.36415,2026-09-12 15:13:07.118667+00:00,,
2026,1,2026_01_NYJ_TEN,TEN,NYJ,2026-09-13 17:00:00+00:00,7dddb296a42e7a41a774b24bd1709ce1,betonlineag,player_reception_yds,Tyjae Spears,00-0039032,TEN,16.5,-111,-116,2026-09-12 15:12:50.903699+00:00,15.110725,10.8,0.35005,2026-09-12 15:13:07.119077+00:00,,
2026,1,2026_01_NYJ_TEN,TEN,NYJ,2026-09-13 17:00:00+00:00,7dddb296a42e7a41a774b24bd1709ce1,betonlineag,player_reception_yds,Breece Hall,00-0038120,NYJ,20.5,-110,-118,2026-09-12 15:12:50.903699+00:00,17.63656,12.0,0.32385,2026-09-12 15:13:07.119483+00:00,,
2026,1,2026_01_NYJ_TEN,TEN,NYJ,2026-09-13 17:00:00+00:00,7dddb296a42e7a41a774b24bd1709ce1,betonlineag,player_reception_yds,Mason Taylor,00-0040736,NYJ,21.5,-110,-118,2026-09-12 15:12:50.903699+00:00,28.417825,22.0,0.5063,2026-09-12 15:13:07.119870+00:00,,
2026,1,2026_01_NYJ_TEN,TEN,NYJ,2026-09-13 17:00:00+00:00,7dddb296a42e7a41a774b24bd1709ce1,betonlineag,player_reception_yds,Kenyon Sadiq,00-0041032,NYJ,14.5,-114,-114,2026-09-12 15:12:50.903699+00:00,7.85843,0.0,0.1749,2026-09-12 15:13:07.120177+00:00,,
2026,1,2026_01_NYJ_TEN,TEN,NYJ,2026-09-13 17:00:00+00:00,7dddb296a42e7a41a774b24bd1709ce1,betonlineag,player_reception_yds,Garrett Wilson,00-0037740,NYJ,63.5,-114,-114,2026-09-12 15:12:50.903699+00:00,59.819280000000006,50.2,0.3887,2026-09-12 15:13:07.120567+00:00,,
2026,1,2026_01_NYJ_TEN,TEN,NYJ,2026-09-13 17:00:00+00:00,7dddb296a42e7a41a774b24bd1709ce1,betonlineag,player_rush_yds,Breece Hall,00-0038120,NYJ,64.5,-125,-103,2026-09-12 15:12:50.903699+00:00,53.02081999999999,47.3,0.3094,2026-09-12 15:13:07.120964+00:00,,
2026,1,2026_01_NYJ_TEN,TEN,NYJ,2026-09-13 17:00:00+00:00,7dddb296a42e7a41a774b24bd1709ce1,betonlineag,player_rush_yds,Tony Pollard,00-0035261,TEN,50.5,-114,-114,2026-09-12 15:12:50.903699+00:00,63.42341000000001,56.8,0.56465,2026-09-12 15:13:07.121376+00:00,,
2026,1,2026_01_NYJ_TEN,TEN,NYJ,2026-09-13 17:00:00+00:00,7dddb296a42e7a41a774b24bd1709ce1,betonlineag,player_rush_yds,Cam Ward,00-0040676,TEN,9.5,-116,-111,2026-09-12 15:12:50.903699+00:00,15.356209999999995,10.2,0.5163,2026-09-12 15:13:07.121744+00:00,,
2026,1,2026_01_NYJ_TEN,TEN,NYJ,2026-09-13 17:00:00+00:00,7dddb296a42e7a41a774b24bd1709ce1,betonlineag,player_rush_yds,Braelon Allen,00-0039794,NYJ,17.5,-114,-114,2026-09-12 15:12:50.903699+00:00,18.736205,14.2,0.42325,2026-09-12 15:13:07.122135+00:00,,
2026,1,2026_01_NYJ_TEN,TEN,NYJ,2026-09-13 17:00:00+00:00,7dddb296a42e7a41a774b24bd1709ce1,betonlineag,player_rush_yds,Geno Smith,00-0030565,NYJ,6.5,-114,-114,2026-09-12 15:12:50.903699+00:00,17.04406,11.8,0.6412,2026-09-12 15:13:07.122541+00:00,,
2026,1,2026_01_NYJ_TEN,TEN,NYJ,2026-09-13 17:00:00+00:00,7dddb296a42e7a41a774b24bd1709ce1,betonlineag,player_rush_yds,Tyjae Spears,00-0039032,TEN,24.5,-114,-114,2026-09-12 15:12:50.903699+00:00,30.108180000000004,23.2,0.4774,2026-09-12 15:13:07.122898+00:00,,
2026,1,2026_01_NYJ_TEN,TEN,NYJ,2026-09-13 17:00:00+00:00,7dddb296a42e7a41a774b24bd1709ce1,betrivers,player_reception_yds,Garrett Wilson,00-0037740,NYJ,61.5,-113,-118,2026-09-12 15:12:50.903699+00:00,59.819280000000006,50.2,0.4066,2026-09-12 15:13:07.123285+00:00,,
2026,1,2026_01_NYJ_TEN,TEN,NYJ,2026-09-13 17:00:00+00:00,7dddb296a42e7a41a774b24bd1709ce1,betrivers,player_reception_yds,Gunnar Helm,00-0040584,TEN,20.5,-114,-117,2026-09-12 15:12:50.903699+00:00,33.09864,24.6,0.5649,2026-09-12 15:13:07.123658+00:00,,
2026,1,2026_01_NYJ_TEN,TEN,NYJ,2026-09-13 17:00:00+00:00,7dddb296a42e7a41a774b24bd1709ce1,betrivers,player_reception_yds,Adonai Mitchell,00-0039890,NYJ,30.5,-114,-117,2026-09-12 15:12:50.903699+00:00,30.750965,19.4,0.37435,2026-09-12 15:13:07.124043+00:00,,
2026,1,2026_01_NYJ_TEN,TEN,NYJ,2026-09-13 17:00:00+00:00,7dddb296a42e7a41a774b24bd1709ce1,betrivers,player_reception_yds,Mason Taylor,00-0040736,NYJ,19.5,-120,-112,2026-09-12 15:12:50.903699+00:00,28.417825,22.0,0.54005,2026-09-12 15:13:07.124431+00:00,,
2026,1,2026_01_NYJ_TEN,TEN,NYJ,2026-09-13 17:00:00+00:00,7dddb296a42e7a41a774b24bd1709ce1,betrivers,player_reception_yds,Wan'Dale Robinson,00-0038117,TEN,41.5,-117,-114,2026-09-12 15:12:50.903699+00:00,41.032825,31.4,0.3847,2026-09-12 15:13:07.124839+00:00,,
2026,1,2026_01_NYJ_TEN,TEN,NYJ,2026-09-13 17:00:00+00:00,7dddb296a42e7a41a774b24bd1709ce1,betrivers,player_reception_yds,Tony Pollard,00-0035261,TEN,8.5,-109,-122,2026-09-12 15:12:50.903699+00:00,11.742909999999998,7.8,0.47375,2026-09-12 15:13:07.125225+00:00,,
2026,1,2026_01_NYJ_TEN,TEN,NYJ,2026-09-13 17:00:00+00:00,7dddb296a42e7a41a774b24bd1709ce1,betrivers,player_reception_yds,Kenyon Sadiq,00-0041032,NYJ,13.5,-112,-120,2026-09-12 15:12:50.903699+00:00,7.85843,0.0,0.18365,2026-09-12 15:13:07.125538+00:00,,
2026,1,2026_01_NYJ_TEN,TEN,NYJ,2026-09-13 17:00:00+00:00,7dddb296a42e7a41a774b24bd1709ce1,betrivers,player_reception_yds,Carnell Tate,00-0041438,TEN,36.5,-117,-114,2026-09-12 15:12:50.903699+00:00,41.53935,31.1,0.43935,2026-09-12 15:13:07.125941+00:00,,
2026,1,2026_01_NYJ_TEN,TEN,NYJ,2026-09-13 17:00:00+00:00,7dddb296a42e7a41a774b24bd1709ce1,betrivers,player_reception_yds,Calvin Ridley,00-0034837,TEN,26.5,-114,-117,2026-09-12 15:12:50.903699+00:00,32.18454,20.3,0.4326,2026-09-12 15:13:07.126356+00:00,,
2026,1,2026_01_NYJ_TEN,TEN,NYJ,2026-09-13 17:00:00+00:00,7dddb296a42e7a41a774b24bd1709ce1,betrivers,player_reception_yds,Breece Hall,00-0038120,NYJ,19.5,-112,-120,2026-09-12 15:12:50.903699+00:00,17.63656,12.0,0.3411,2026-09-12 15:13:07.126755+00:00,,
2026,1,2026_01_NYJ_TEN,TEN,NYJ,2026-09-13 17:00:00+00:00,7dddb296a42e7a41a774b24bd1709ce1,betrivers,player_reception_yds,Tyjae Spears,00-0039032,TEN,17.5,-114,-117,2026-09-12 15:12:50.903699+00:00,15.110725,10.8,0.32965,2026-09-12 15:13:07.127163+00:00,,
2026,1,2026_01_NYJ_TEN,TEN,NYJ,2026-09-13 17:00:00+00:00,7dddb296a42e7a41a774b24bd1709ce1,betrivers,player_rush_yds,Breece Hall,00-0038120,NYJ,64.5,-115,-115,2026-09-12 15:12:50.903699+00:00,53.02081999999999,47.3,0.3094,2026-09-12 15:13:07.127559+00:00,,
2026,1,2026_01_NYJ_TEN,TEN,NYJ,2026-09-13 17:00:00+00:00,7dddb296a42e7a41a774b24bd1709ce1,betrivers,player_rush_yds,Tyjae Spears,00-0039032,TEN,24.5,-121,-110,2026-09-12 15:12:50.903699+00:00,30.108180000000004,23.2,0.4774,2026-09-12 15:13:07.127915+00:00,,
2026,1,2026_01_NYJ_TEN,TEN,NYJ,2026-09-13 17:00:00+00:00,7dddb296a42e7a41a774b24bd1709ce1,betrivers,player_rush_yds,Geno Smith,00-0030565,NYJ,6.5,-110,-121,2026-09-12 15:12:50.903699+00:00,17.04406,11.8,0.6412,2026-09-12 15:13:07.128317+00:00,,
2026,1,2026_01_NYJ_TEN,TEN,NYJ,2026-09-13 17:00:00+00:00,7dddb296a42e7a41a774b24bd1709ce1,betrivers,player_rush_yds,Cam Ward,00-0040676,TEN,10.5,-112,-120,2026-09-12 15:12:50.903699+00:00,15.356209999999995,10.2,0.4903,2026-09-12 15:13:07.128680+00:00,,
2026,1,2026_01_NYJ_TEN,TEN,NYJ,2026-09-13 17:00:00+00:00,7dddb296a42e7a41a774b24bd1709ce1,betrivers,player_rush_yds,Braelon Allen,00-0039794,NYJ,16.5,-110,-121,2026-09-12 15:12:50.903699+00:00,18.736205,14.2,0.44565,2026-09-12 15:13:07.129070+00:00,,
2026,1,2026_01_NYJ_TEN,TEN,NYJ,2026-09-13 17:00:00+00:00,7dddb296a42e7a41a774b24bd1709ce1,betrivers,player_rush_yds,Tony Pollard,00-0035261,TEN,51.5,-118,-113,2026-09-12 15:12:50.903699+00:00,63.42341000000001,56.8,0.55485,2026-09-12 15:13:07.129488+00:00,,
2026,1,2026_01_NYJ_TEN,TEN,NYJ,2026-09-13 17:00:00+00:00,7dddb296a42e7a41a774b24bd1709ce1,betmgm,player_reception_yds,Tony Pollard,00-0035261,TEN,8.5,-115,-115,2026-09-12 15:12:50.903699+00:00,11.742909999999998,7.8,0.47375,2026-09-12 15:13:07.129873+00:00,,
2026,1,2026_01_NYJ_TEN,TEN,NYJ,2026-09-13 17:00:00+00:00,7dddb296a42e7a41a774b24bd1709ce1,betmgm,player_reception_yds,Gunnar Helm,00-0040584,TEN,22.5,100,-135,2026-09-12 15:12:50.903699+00:00,33.09864,24.6,0.5333,2026-09-12 15:13:07.130243+00:00,,
2026,1,2026_01_NYJ_TEN,TEN,NYJ,2026-09-13 17:00:00+00:00,7dddb296a42e7a41a774b24bd1709ce1,betmgm,player_reception_yds,Carnell Tate,00-0041438,TEN,41.5,-115,-115,2026-09-12 15:12:50.903699+00:00,41.53935,31.1,0.3916,2026-09-12 15:13:07.130652+00:00,,
2026,1,2026_01_NYJ_TEN,TEN,NYJ,2026-09-13 17:00:00+00:00,7dddb296a42e7a41a774b24bd1709ce1,betmgm,player_reception_yds,Calvin Ridley,00-0034837,TEN,25.5,-120,-111,2026-09-12 15:12:50.903699+00:00,32.18454,20.3,0.4422,2026-09-12 15:13:07.131066+00:00,,
2026,1,2026_01_NYJ_TEN,TEN,NYJ,2026-09-13 17:00:00+00:00,7dddb296a42e7a41a774b24bd1709ce1,betmgm,player_reception_yds,Mason Taylor,00-0040736,NYJ,20.5,-115,-115,2026-09-12 15:12:50.903699+00:00,28.417825,22.0,0.52335,2026-09-12 15:13:07.131456+00:00,,
2026,1,2026_01_NYJ_TEN,TEN,NYJ,2026-09-13 17:00:00+00:00,7dddb296a42e7a41a774b24bd1709ce1,betmgm,player_reception_yds,Garrett Wilson,00-0037740,NYJ,60.5,-115,-115,2026-09-12 15:12:50.903699+00:00,59.819280000000006,50.2,0.41485,2026-09-12 15:13:07.131842+00:00,,
2026,1,2026_01_NYJ_TEN,TEN,NYJ,2026-09-13 17:00:00+00:00,7dddb296a42e7a41a774b24bd1709ce1,betmgm,player_reception_yds,Tyjae Spears,00-0039032,TEN,15.5,-120,-110,2026-09-12 15:12:50.903699+00:00,15.110725,10.8,0.3733,2026-09-12 15:13:07.132269+00:00,,
2026,1,2026_01_NYJ_TEN,TEN,NYJ,2026-09-13 17:00:00+00:00,7dddb296a42e7a41a774b24bd1709ce1,betmgm,player_reception_yds,Adonai Mitchell,00-0039890,NYJ,34.5,105,-140,2026-09-12 15:12:50.903699+00:00,30.750965,19.4,0.3363,2026-09-12 15:13:07.132653+00:00,,
2026,1,2026_01_NYJ_TEN,TEN,NYJ,2026-09-13 17:00:00+00:00,7dddb296a42e7a41a774b24bd1709ce1,betmgm,player_reception_yds,Wan'Dale Robinson,00-0038117,TEN,42.5,-115,-115,2026-09-12 15:12:50.903699+00:00,41.032825,31.4,0.37535,2026-09-12 15:13:07.133056+00:00,,
2026,1,2026_01_NYJ_TEN,TEN,NYJ,2026-09-13 17:00:00+00:00,7dddb296a42e7a41a774b24bd1709ce1,betmgm,player_reception_yds,Breece Hall,00-0038120,NYJ,19.5,-115,-115,2026-09-12 15:12:50.903699+00:00,17.63656,12.0,0.3411,2026-09-12 15:13:07.133474+00:00,,
2026,1,2026_01_NYJ_TEN,TEN,NYJ,2026-09-13 17:00:00+00:00,7dddb296a42e7a41a774b24bd1709ce1,betmgm,player_rush_yds,Geno Smith,00-0030565,NYJ,6.5,-115,-115,2026-09-12 15:12:50.903699+00:00,17.04406,11.8,0.6412,2026-09-12 15:13:07.133878+00:00,,
2026,1,2026_01_NYJ_TEN,TEN,NYJ,2026-09-13 17:00:00+00:00,7dddb296a42e7a41a774b24bd1709ce1,betmgm,player_rush_yds,Braelon Allen,00-0039794,NYJ,17.5,-115,-115,2026-09-12 15:12:50.903699+00:00,18.736205,14.2,0.42325,2026-09-12 15:13:07.134265+00:00,,
2026,1,2026_01_NYJ_TEN,TEN,NYJ,2026-09-13 17:00:00+00:00,7dddb296a42e7a41a774b24bd1709ce1,betmgm,player_rush_yds,Breece Hall,00-0038120,NYJ,64.5,-115,-115,2026-09-12 15:12:50.903699+00:00,53.02081999999999,47.3,0.3094,2026-09-12 15:13:07.134669+00:00,,
2026,1,2026_01_NYJ_TEN,TEN,NYJ,2026-09-13 17:00:00+00:00,7dddb296a42e7a41a774b24bd1709ce1,betmgm,player_rush_yds,Cam Ward,00-0040676,TEN,8.5,-115,-115,2026-09-12 15:12:50.903699+00:00,15.356209999999995,10.2,0.5426,2026-09-12 15:13:07.135029+00:00,,
2026,1,2026_01_NYJ_TEN,TEN,NYJ,2026-09-13 17:00:00+00:00,7dddb296a42e7a41a774b24bd1709ce1,betmgm,player_rush_yds,Tony Pollard,00-0035261,TEN,51.5,-111,-118,2026-09-12 15:12:50.903699+00:00,63.42341000000001,56.8,0.55485,2026-09-12 15:13:07.135425+00:00,,
2026,1,2026_01_NYJ_TEN,TEN,NYJ,2026-09-13 17:00:00+00:00,7dddb296a42e7a41a774b24bd1709ce1,betmgm,player_rush_yds,Tyjae Spears,00-0039032,TEN,24.5,-120,-111,2026-09-12 15:12:50.903699+00:00,30.108180000000004,23.2,0.4774,2026-09-12 15:13:07.135798+00:00,,
2026,1,2026_01_NYJ_TEN,TEN,NYJ,2026-09-13 17:00:00+00:00,7dddb296a42e7a41a774b24bd1709ce1,bovada,player_reception_yds,Adonai Mitchell,00-0039890,NYJ,30.5,-120,-110,2026-09-12 15:12:50.903699+00:00,30.750965,19.4,0.37435,2026-09-12 15:13:07.136187+00:00,,
2026,1,2026_01_NYJ_TEN,TEN,NYJ,2026-09-13 17:00:00+00:00,7dddb296a42e7a41a774b24bd1709ce1,bovada,player_reception_yds,Breece Hall,00-0038120,NYJ,21.5,-115,-115,2026-09-12 15:12:50.903699+00:00,17.63656,12.0,0.3082,2026-09-12 15:13:07.136584+00:00,,
2026,1,2026_01_NYJ_TEN,TEN,NYJ,2026-09-13 17:00:00+00:00,7dddb296a42e7a41a774b24bd1709ce1,bovada,player_reception_yds,Calvin Ridley,00-0034837,TEN,27.5,-115,-115,2026-09-12 15:12:50.903699+00:00,32.18454,20.3,0.4217,2026-09-12 15:13:07.137002+00:00,,
2026,1,2026_01_NYJ_TEN,TEN,NYJ,2026-09-13 17:00:00+00:00,7dddb296a42e7a41a774b24bd1709ce1,bovada,player_reception_yds,Carnell Tate,00-0041438,TEN,38.5,-115,-115,2026-09-12 15:12:50.903699+00:00,41.53935,31.1,0.42075,2026-09-12 15:13:07.137406+00:00,,
2026,1,2026_01_NYJ_TEN,TEN,NYJ,2026-09-13 17:00:00+00:00,7dddb296a42e7a41a774b24bd1709ce1,bovada,player_reception_yds,Garrett Wilson,00-0037740,NYJ,63.5,-115,-115,2026-09-12 15:12:50.903699+00:00,59.819280000000006,50.2,0.3887,2026-09-12 15:13:07.137790+00:00,,
2026,1,2026_01_NYJ_TEN,TEN,NYJ,2026-09-13 17:00:00+00:00,7dddb296a42e7a41a774b24bd1709ce1,bovada,player_reception_yds,Gunnar Helm,00-0040584,TEN,21.5,-120,-110,2026-09-12 15:12:50.903699+00:00,33.09864,24.6,0.54835,2026-09-12 15:13:07.138158+00:00,,
2026,1,2026_01_NYJ_TEN,TEN,NYJ,2026-09-13 17:00:00+00:00,7dddb296a42e7a41a774b24bd1709ce1,bovada,player_reception_yds,Mason Taylor,00-0040736,NYJ,20.5,-115,-115,2026-09-12 15:12:50.903699+00:00,28.417825,22.0,0.52335,2026-09-12 15:13:07.138547+00:00,,
2026,1,2026_01_NYJ_TEN,TEN,NYJ,2026-09-13 17:00:00+00:00,7dddb296a42e7a41a774b24bd1709ce1,bovada,player_reception_yds,Tony Pollard,00-0035261,TEN,9.5,-115,-115,2026-09-12 15:12:50.903699+00:00,11.742909999999998,7.8,0.44025,2026-09-12 15:13:07.138931+00:00,,
2026,1,2026_01_NYJ_TEN,TEN,NYJ,2026-09-13 17:00:00+00:00,7dddb296a42e7a41a774b24bd1709ce1,bovada,player_reception_yds,Tyjae Spears,00-0039032,TEN,16.5,-110,-120,2026-09-12 15:12:50.903699+00:00,15.110725,10.8,0.35005,2026-09-12 15:13:07.139339+00:00,,
2026,1,2026_01_NYJ_TEN,TEN,NYJ,2026-09-13 17:00:00+00:00,7dddb296a42e7a41a774b24bd1709ce1,bovada,player_reception_yds,Wan'Dale Robinson,00-0038117,TEN,43.5,-110,-120,2026-09-12 15:12:50.903699+00:00,41.032825,31.4,0.3669,2026-09-12 15:13:07.139744+00:00,,
2026,1,2026_01_NYJ_TEN,TEN,NYJ,2026-09-13 17:00:00+00:00,7dddb296a42e7a41a774b24bd1709ce1,bovada,player_rush_yds,Braelon Allen,00-0039794,NYJ,18.5,-120,-110,2026-09-12 15:12:50.903699+00:00,18.736205,14.2,0.4016,2026-09-12 15:13:07.140132+00:00,,
2026,1,2026_01_NYJ_TEN,TEN,NYJ,2026-09-13 17:00:00+00:00,7dddb296a42e7a41a774b24bd1709ce1,bovada,player_rush_yds,Breece Hall,00-0038120,NYJ,62.5,-115,-115,2026-09-12 15:12:50.903699+00:00,53.02081999999999,47.3,0.32885,2026-09-12 15:13:07.140536+00:00,,
2026,1,2026_01_NYJ_TEN,TEN,NYJ,2026-09-13 17:00:00+00:00,7dddb296a42e7a41a774b24bd1709ce1,bovada,player_rush_yds,Cam Ward,00-0040676,TEN,9.5,-115,-115,2026-09-12 15:12:50.903699+00:00,15.356209999999995,10.2,0.5163,2026-09-12 15:13:07.140898+00:00,,
2026,1,2026_01_NYJ_TEN,TEN,NYJ,2026-09-13 17:00:00+00:00,7dddb296a42e7a41a774b24bd1709ce1,bovada,player_rush_yds,Geno Smith,00-0030565,NYJ,6.5,-120,-110,2026-09-12 15:12:50.903699+00:00,17.04406,11.8,0.6412,2026-09-12 15:13:07.141301+00:00,,
2026,1,2026_01_NYJ_TEN,TEN,NYJ,2026-09-13 17:00:00+00:00,7dddb296a42e7a41a774b24bd1709ce1,bovada,player_rush_yds,Tony Pollard,00-0035261,TEN,50.5,-115,-115,2026-09-12 15:12:50.903699+00:00,63.42341000000001,56.8,0.56465,2026-09-12 15:13:07.141694+00:00,,
2026,1,2026_01_NYJ_TEN,TEN,NYJ,2026-09-13 17:00:00+00:00,7dddb296a42e7a41a774b24bd1709ce1,bovada,player_rush_yds,Tyjae Spears,00-0039032,TEN,26.5,-115,-115,2026-09-12 15:12:50.903699+00:00,30.108180000000004,23.2,0.44825,2026-09-12 15:13:07.142064+00:00,,
2026,1,2026_01_ARI_LAC,LAC,ARI,2026-09-13 20:25:00+00:00,1edfa5ceaa1ad2cb57df1c1b908731f6,draftkings,player_reception_yds,Ladd McConkey,00-0039915,LAC,58.5,-113,-111,2026-09-12 15:12:51.144372+00:00,61.514925,49.9,0.4229,2026-09-12 15:13:07.257024+00:00,,
2026,1,2026_01_ARI_LAC,LAC,ARI,2026-09-13 20:25:00+00:00,1edfa5ceaa1ad2cb57df1c1b908731f6,draftkings,player_reception_yds,Trey McBride,00-0037744,ARI,55.5,-111,-113,2026-09-12 15:12:51.144372+00:00,61.840815,54.6,0.48985,2026-09-12 15:13:07.376183+00:00,,
2026,1,2026_01_ARI_LAC,LAC,ARI,2026-09-13 20:25:00+00:00,1edfa5ceaa1ad2cb57df1c1b908731f6,draftkings,player_reception_yds,Marvin Harrison Jr.,00-0039849,ARI,47.5,-114,-110,2026-09-12 15:12:51.144372+00:00,50.17559500000001,39.6,0.4272,2026-09-12 15:13:07.495042+00:00,,
2026,1,2026_01_ARI_LAC,LAC,ARI,2026-09-13 20:25:00+00:00,1edfa5ceaa1ad2cb57df1c1b908731f6,draftkings,player_reception_yds,Quentin Johnston,00-0038544,LAC,42.5,-114,-110,2026-09-12 15:12:51.144372+00:00,56.15199499999999,42.4,0.4989,2026-09-12 15:13:07.612367+00:00,,
2026,1,2026_01_ARI_LAC,LAC,ARI,2026-09-13 20:25:00+00:00,1edfa5ceaa1ad2cb57df1c1b908731f6,draftkings,player_reception_yds,Michael Wilson,00-0038559,ARI,41.5,-110,-115,2026-09-12 15:12:51.144372+00:00,52.844025,43.0,0.5138,2026-09-12 15:13:07.731257+00:00,,
2026,1,2026_01_ARI_LAC,LAC,ARI,2026-09-13 20:25:00+00:00,1edfa5ceaa1ad2cb57df1c1b908731f6,draftkings,player_reception_yds,Tre Harris,00-0040727,LAC,26.5,-109,-115,2026-09-12 15:12:51.144372+00:00,28.971475,20.15,0.4149,2026-09-12 15:13:07.847892+00:00,,
2026,1,2026_01_ARI_LAC,LAC,ARI,2026-09-13 20:25:00+00:00,1edfa5ceaa1ad2cb57df1c1b908731f6,draftkings,player_reception_yds,Kendrick Bourne,00-0033307,ARI,18.5,-109,-115,2026-09-12 15:12:51.144372+00:00,31.930060000000005,21.9,0.5455,2026-09-12 15:13:07.966519+00:00,,
2026,1,2026_01_ARI_LAC,LAC,ARI,2026-09-13 20:25:00+00:00,1edfa5ceaa1ad2cb57df1c1b908731f6,draftkings,player_reception_yds,Charlie Kolar,00-0038046,LAC,17.5,-108,-116,2026-09-12 15:12:51.144372+00:00,34.25685,26.2,0.62265,2026-09-12 15:13:08.080678+00:00,,
2026,1,2026_01_ARI_LAC,LAC,ARI,2026-09-13 20:25:00+00:00,1edfa5ceaa1ad2cb57df1c1b908731f6,draftkings,player_reception_yds,Jeremiyah Love,00-0041027,ARI,15.5,-110,-114,2026-09-12 15:12:51.144372+00:00,12.168919999999998,8.1,0.29935,2026-09-12 15:13:08.181490+00:00,,
2026,1,2026_01_ARI_LAC,LAC,ARI,2026-09-13 20:25:00+00:00,1edfa5ceaa1ad2cb57df1c1b908731f6,draftkings,player_reception_yds,Omarion Hampton,00-0040666,LAC,13.5,-118,-106,2026-09-12 15:12:51.144372+00:00,22.23967,16.55,0.5707,2026-09-12 15:13:08.299804+00:00,,
2026,1,2026_01_ARI_LAC,LAC,ARI,2026-09-13 20:25:00+00:00,1edfa5ceaa1ad2cb57df1c1b908731f6,draftkings,player_rush_yds,Omarion Hampton,00-0040666,LAC,68.5,-114,-110,2026-09-12 15:12:51.144372+00:00,113.46633,102.5,0.72665,2026-09-12 15:13:08.404969+00:00,,
2026,1,2026_01_ARI_LAC,LAC,ARI,2026-09-13 20:25:00+00:00,1edfa5ceaa1ad2cb57df1c1b908731f6,draftkings,player_rush_yds,Jeremiyah Love,00-0041027,ARI,38.5,-114,-110,2026-09-12 15:12:51.144372+00:00,39.17168,34.75,0.44065,2026-09-12 15:13:08.492569+00:00,,
2026,1,2026_01_ARI_LAC,LAC,ARI,2026-09-13 20:25:00+00:00,1edfa5ceaa1ad2cb57df1c1b908731f6,draftkings,player_rush_yds,Tyler Allgeier,00-0037263,ARI,30.5,-109,-115,2026-09-12 15:12:51.144372+00:00,20.538635,16.0,0.242,2026-09-12 15:13:08.601254+00:00,,
2026,1,2026_01_ARI_LAC,LAC,ARI,2026-09-13 20:25:00+00:00,1edfa5ceaa1ad2cb57df1c1b908731f6,draftkings,player_rush_yds,Justin Herbert,00-0036355,LAC,20.5,-117,-107,2026-09-12 15:12:51.144372+00:00,30.431565000000003,22.9,0.53835,2026-09-12 15:13:08.706116+00:00,,
2026,1,2026_01_ARI_LAC,LAC,ARI,2026-09-13 20:25:00+00:00,1edfa5ceaa1ad2cb57df1c1b908731f6,draftkings,player_rush_yds,Jacoby Brissett,00-0033119,ARI,10.5,-114,-110,2026-09-12 15:12:51.144372+00:00,22.93833,17.9,0.67085,2026-09-12 15:13:08.815454+00:00,,
2026,1,2026_01_ARI_LAC,LAC,ARI,2026-09-13 20:25:00+00:00,1edfa5ceaa1ad2cb57df1c1b908731f6,betonlineag,player_reception_yds,Michael Wilson,00-0038559,ARI,41.5,-114,-114,2026-09-12 15:12:51.144372+00:00,52.844025,43.0,0.5138,2026-09-12 15:13:08.815906+00:00,,
2026,1,2026_01_ARI_LAC,LAC,ARI,2026-09-13 20:25:00+00:00,1edfa5ceaa1ad2cb57df1c1b908731f6,betonlineag,player_reception_yds,Tre Harris,00-0040727,LAC,26.5,-114,-114,2026-09-12 15:12:51.144372+00:00,28.971475,20.15,0.4149,2026-09-12 15:13:08.816342+00:00,,
2026,1,2026_01_ARI_LAC,LAC,ARI,2026-09-13 20:25:00+00:00,1edfa5ceaa1ad2cb57df1c1b908731f6,betonlineag,player_reception_yds,Marvin Harrison Jr.,00-0039849,ARI,47.5,-115,-112,2026-09-12 15:12:51.144372+00:00,50.17559500000001,39.6,0.4272,2026-09-12 15:13:08.816722+00:00,,
2026,1,2026_01_ARI_LAC,LAC,ARI,2026-09-13 20:25:00+00:00,1edfa5ceaa1ad2cb57df1c1b908731f6,betonlineag,player_reception_yds,Quentin Johnston,00-0038544,LAC,42.5,-123,-105,2026-09-12 15:12:51.144372+00:00,56.15199499999999,42.4,0.4989,2026-09-12 15:13:08.817150+00:00,,
2026,1,2026_01_ARI_LAC,LAC,ARI,2026-09-13 20:25:00+00:00,1edfa5ceaa1ad2cb57df1c1b908731f6,betonlineag,player_reception_yds,Omarion Hampton,00-0040666,LAC,12.5,-127,-102,2026-09-12 15:12:51.144372+00:00,22.23967,16.55,0.59675,2026-09-12 15:13:08.817538+00:00,,
2026,1,2026_01_ARI_LAC,LAC,ARI,2026-09-13 20:25:00+00:00,1edfa5ceaa1ad2cb57df1c1b908731f6,betonlineag,player_reception_yds,Charlie Kolar,00-0038046,LAC,17.5,-116,-111,2026-09-12 15:12:51.144372+00:00,34.25685,26.2,0.62265,2026-09-12 15:13:08.817933+00:00,,
2026,1,2026_01_ARI_LAC,LAC,ARI,2026-09-13 20:25:00+00:00,1edfa5ceaa1ad2cb57df1c1b908731f6,betonlineag,player_reception_yds,Kendrick Bourne,00-0033307,ARI,18.5,-114,-114,2026-09-12 15:12:51.144372+00:00,31.930060000000005,21.9,0.5455,2026-09-12 15:13:08.818333+00:00,,
2026,1,2026_01_ARI_LAC,LAC,ARI,2026-09-13 20:25:00+00:00,1edfa5ceaa1ad2cb57df1c1b908731f6,betonlineag,player_reception_yds,Jeremiyah Love,00-0041027,ARI,15.5,-114,-114,2026-09-12 15:12:51.144372+00:00,12.168919999999998,8.1,0.29935,2026-09-12 15:13:08.818702+00:00,,
2026,1,2026_01_ARI_LAC,LAC,ARI,2026-09-13 20:25:00+00:00,1edfa5ceaa1ad2cb57df1c1b908731f6,betonlineag,player_reception_yds,Trey McBride,00-0037744,ARI,55.5,-115,-112,2026-09-12 15:12:51.144372+00:00,61.840815,54.6,0.48985,2026-09-12 15:13:08.819083+00:00,,
2026,1,2026_01_ARI_LAC,LAC,ARI,2026-09-13 20:25:00+00:00,1edfa5ceaa1ad2cb57df1c1b908731f6,betonlineag,player_reception_yds,Ladd McConkey,00-0039915,LAC,56.5,-118,-110,2026-09-12 15:12:51.144372+00:00,61.514925,49.9,0.4382,2026-09-12 15:13:08.819504+00:00,,
2026,1,2026_01_ARI_LAC,LAC,ARI,2026-09-13 20:25:00+00:00,1edfa5ceaa1ad2cb57df1c1b908731f6,betonlineag,player_rush_yds,Jacoby Brissett,00-0033119,ARI,10.5,-116,-111,2026-09-12 15:12:51.144372+00:00,22.93833,17.9,0.67085,2026-09-12 15:13:08.819904+00:00,,
2026,1,2026_01_ARI_LAC,LAC,ARI,2026-09-13 20:25:00+00:00,1edfa5ceaa1ad2cb57df1c1b908731f6,betonlineag,player_rush_yds,Justin Herbert,00-0036355,LAC,21.5,-115,-112,2026-09-12 15:12:51.144372+00:00,30.431565000000003,22.9,0.52185,2026-09-12 15:13:08.820325+00:00,,
2026,1,2026_01_ARI_LAC,LAC,ARI,2026-09-13 20:25:00+00:00,1edfa5ceaa1ad2cb57df1c1b908731f6,betonlineag,player_rush_yds,Jeremiyah Love,00-0041027,ARI,39.5,-103,-125,2026-09-12 15:12:51.144372+00:00,39.17168,34.75,0.4248,2026-09-12 15:13:08.820689+00:00,,
2026,1,2026_01_ARI_LAC,LAC,ARI,2026-09-13 20:25:00+00:00,1edfa5ceaa1ad2cb57df1c1b908731f6,betonlineag,player_rush_yds,Tyler Allgeier,00-0037263,ARI,29.5,-116,-111,2026-09-12 15:12:51.144372+00:00,20.538635,16.0,0.25495,2026-09-12 15:13:08.821134+00:00,,
2026,1,2026_01_ARI_LAC,LAC,ARI,2026-09-13 20:25:00+00:00,1edfa5ceaa1ad2cb57df1c1b908731f6,betonlineag,player_rush_yds,Omarion Hampton,00-0040666,LAC,70.5,-114,-114,2026-09-12 15:12:51.144372+00:00,113.46633,102.5,0.71495,2026-09-12 15:13:08.821547+00:00,,
2026,1,2026_01_ARI_LAC,LAC,ARI,2026-09-13 20:25:00+00:00,1edfa5ceaa1ad2cb57df1c1b908731f6,betrivers,player_reception_yds,Quentin Johnston,00-0038544,LAC,43.5,-115,-115,2026-09-12 15:12:51.144372+00:00,56.15199499999999,42.4,0.4906,2026-09-12 15:13:08.821974+00:00,,
2026,1,2026_01_ARI_LAC,LAC,ARI,2026-09-13 20:25:00+00:00,1edfa5ceaa1ad2cb57df1c1b908731f6,betrivers,player_reception_yds,Michael Wilson,00-0038559,ARI,42.5,-118,-113,2026-09-12 15:12:51.144372+00:00,52.844025,43.0,0.5035,2026-09-12 15:13:08.822381+00:00,,
2026,1,2026_01_ARI_LAC,LAC,ARI,2026-09-13 20:25:00+00:00,1edfa5ceaa1ad2cb57df1c1b908731f6,betrivers,player_reception_yds,Marvin Harrison Jr.,00-0039849,ARI,46.5,-115,-115,2026-09-12 15:12:51.144372+00:00,50.17559500000001,39.6,0.4357,2026-09-12 15:13:08.822751+00:00,,
2026,1,2026_01_ARI_LAC,LAC,ARI,2026-09-13 20:25:00+00:00,1edfa5ceaa1ad2cb57df1c1b908731f6,betrivers,player_reception_yds,Trey McBride,00-0037744,ARI,55.5,-118,-113,2026-09-12 15:12:51.144372+00:00,61.840815,54.6,0.48985,2026-09-12 15:13:08.823144+00:00,,
2026,1,2026_01_ARI_LAC,LAC,ARI,2026-09-13 20:25:00+00:00,1edfa5ceaa1ad2cb57df1c1b908731f6,betrivers,player_reception_yds,Kendrick Bourne,00-0033307,ARI,18.5,-115,-114,2026-09-12 15:12:51.144372+00:00,31.930060000000005,21.9,0.5455,2026-09-12 15:13:08.823544+00:00,,
2026,1,2026_01_ARI_LAC,LAC,ARI,2026-09-13 20:25:00+00:00,1edfa5ceaa1ad2cb57df1c1b908731f6,betrivers,player_reception_yds,Ladd McConkey,00-0039915,LAC,55.5,-115,-115,2026-09-12 15:12:51.144372+00:00,61.514925,49.9,0.4471,2026-09-12 15:13:08.823954+00:00,,
2026,1,2026_01_ARI_LAC,LAC,ARI,2026-09-13 20:25:00+00:00,1edfa5ceaa1ad2cb57df1c1b908731f6,betrivers,player_reception_yds,Omarion Hampton,00-0040666,LAC,12.5,-121,-110,2026-09-12 15:12:51.144372+00:00,22.23967,16.55,0.59675,2026-09-12 15:13:08.824329+00:00,,
2026,1,2026_01_ARI_LAC,LAC,ARI,2026-09-13 20:25:00+00:00,1edfa5ceaa1ad2cb57df1c1b908731f6,betrivers,player_reception_yds,Charlie Kolar,00-0038046,LAC,16.5,-121,-110,2026-09-12 15:12:51.144372+00:00,34.25685,26.2,0.63745,2026-09-12 15:13:08.824724+00:00,,
2026,1,2026_01_ARI_LAC,LAC,ARI,2026-09-13 20:25:00+00:00,1edfa5ceaa1ad2cb57df1c1b908731f6,betrivers,player_reception_yds,Tre Harris,00-0040727,LAC,26.5,-114,-117,2026-09-12 15:12:51.144372+00:00,28.971475,20.15,0.4149,2026-09-12 15:13:08.825145+00:00,,
2026,1,2026_01_ARI_LAC,LAC,ARI,2026-09-13 20:25:00+00:00,1edfa5ceaa1ad2cb57df1c1b908731f6,betrivers,player_rush_yds,Omarion Hampton,00-0040666,LAC,68.5,-113,-118,2026-09-12 15:12:51.144372+00:00,113.46633,102.5,0.72665,2026-09-12 15:13:08.825557+00:00,,
2026,1,2026_01_ARI_LAC,LAC,ARI,2026-09-13 20:25:00+00:00,1edfa5ceaa1ad2cb57df1c1b908731f6,betrivers,player_rush_yds,Jeremiyah Love,00-0041027,ARI,38.5,-114,-115,2026-09-12 15:12:51.144372+00:00,39.17168,34.75,0.44065,2026-09-12 15:13:08.825916+00:00,,
2026,1,2026_01_ARI_LAC,LAC,ARI,2026-09-13 20:25:00+00:00,1edfa5ceaa1ad2cb57df1c1b908731f6,betrivers,player_rush_yds,Jacoby Brissett,00-0033119,ARI,10.5,-115,-115,2026-09-12 15:12:51.144372+00:00,22.93833,17.9,0.67085,2026-09-12 15:13:08.826311+00:00,,
2026,1,2026_01_ARI_LAC,LAC,ARI,2026-09-13 20:25:00+00:00,1edfa5ceaa1ad2cb57df1c1b908731f6,betrivers,player_rush_yds,Justin Herbert,00-0036355,LAC,21.5,-121,-110,2026-09-12 15:12:51.144372+00:00,30.431565000000003,22.9,0.52185,2026-09-12 15:13:08.826725+00:00,,
2026,1,2026_01_ARI_LAC,LAC,ARI,2026-09-13 20:25:00+00:00,1edfa5ceaa1ad2cb57df1c1b908731f6,fanduel,player_reception_yds,Kendrick Bourne,00-0033307,ARI,18.5,-114,-114,2026-09-12 15:12:51.144372+00:00,31.930060000000005,21.9,0.5455,2026-09-12 15:13:08.827119+00:00,,
2026,1,2026_01_ARI_LAC,LAC,ARI,2026-09-13 20:25:00+00:00,1edfa5ceaa1ad2cb57df1c1b908731f6,fanduel,player_reception_yds,Ladd McConkey,00-0039915,LAC,56.5,-114,-114,2026-09-12 15:12:51.144372+00:00,61.514925,49.9,0.4382,2026-09-12 15:13:08.827527+00:00,,
2026,1,2026_01_ARI_LAC,LAC,ARI,2026-09-13 20:25:00+00:00,1edfa5ceaa1ad2cb57df1c1b908731f6,fanduel,player_reception_yds,Marvin Harrison Jr.,00-0039849,ARI,47.5,-114,-114,2026-09-12 15:12:51.144372+00:00,50.17559500000001,39.6,0.4272,2026-09-12 15:13:08.827893+00:00,,
2026,1,2026_01_ARI_LAC,LAC,ARI,2026-09-13 20:25:00+00:00,1edfa5ceaa1ad2cb57df1c1b908731f6,fanduel,player_reception_yds,Jeremiyah Love,00-0041027,ARI,15.5,-114,-114,2026-09-12 15:12:51.144372+00:00,12.168919999999998,8.1,0.29935,2026-09-12 15:13:08.828254+00:00,,
2026,1,2026_01_ARI_LAC,LAC,ARI,2026-09-13 20:25:00+00:00,1edfa5ceaa1ad2cb57df1c1b908731f6,fanduel,player_reception_yds,Charlie Kolar,00-0038046,LAC,17.5,-114,-114,2026-09-12 15:12:51.144372+00:00,34.25685,26.2,0.62265,2026-09-12 15:13:08.828641+00:00,,
2026,1,2026_01_ARI_LAC,LAC,ARI,2026-09-13 20:25:00+00:00,1edfa5ceaa1ad2cb57df1c1b908731f6,fanduel,player_reception_yds,Omarion Hampton,00-0040666,LAC,12.5,-114,-114,2026-09-12 15:12:51.144372+00:00,22.23967,16.55,0.59675,2026-09-12 15:13:08.829019+00:00,,
2026,1,2026_01_ARI_LAC,LAC,ARI,2026-09-13 20:25:00+00:00,1edfa5ceaa1ad2cb57df1c1b908731f6,fanduel,player_reception_yds,Tre Harris,00-0040727,LAC,26.5,-114,-114,2026-09-12 15:12:51.144372+00:00,28.971475,20.15,0.4149,2026-09-12 15:13:08.829438+00:00,,
2026,1,2026_01_ARI_LAC,LAC,ARI,2026-09-13 20:25:00+00:00,1edfa5ceaa1ad2cb57df1c1b908731f6,fanduel,player_reception_yds,Michael Wilson,00-0038559,ARI,41.5,-114,-114,2026-09-12 15:12:51.144372+00:00,52.844025,43.0,0.5138,2026-09-12 15:13:08.829829+00:00,,
2026,1,2026_01_ARI_LAC,LAC,ARI,2026-09-13 20:25:00+00:00,1edfa5ceaa1ad2cb57df1c1b908731f6,fanduel,player_reception_yds,Quentin Johnston,00-0038544,LAC,42.5,-114,-114,2026-09-12 15:12:51.144372+00:00,56.15199499999999,42.4,0.4989,2026-09-12 15:13:08.830243+00:00,,
2026,1,2026_01_ARI_LAC,LAC,ARI,2026-09-13 20:25:00+00:00,1edfa5ceaa1ad2cb57df1c1b908731f6,fanduel,player_reception_yds,Trey McBride,00-0037744,ARI,56.5,-114,-114,2026-09-12 15:12:51.144372+00:00,61.840815,54.6,0.4805,2026-09-12 15:13:08.830625+00:00,,
2026,1,2026_01_ARI_LAC,LAC,ARI,2026-09-13 20:25:00+00:00,1edfa5ceaa1ad2cb57df1c1b908731f6,fanduel,player_rush_yds,Jacoby Brissett,00-0033119,ARI,10.5,-114,-114,2026-09-12 15:12:51.144372+00:00,22.93833,17.9,0.67085,2026-09-12 15:13:08.831040+00:00,,
2026,1,2026_01_ARI_LAC,LAC,ARI,2026-09-13 20:25:00+00:00,1edfa5ceaa1ad2cb57df1c1b908731f6,fanduel,player_rush_yds,Tyler Allgeier,00-0037263,ARI,29.5,-114,-114,2026-09-12 15:12:51.144372+00:00,20.538635,16.0,0.25495,2026-09-12 15:13:08.831462+00:00,,
2026,1,2026_01_ARI_LAC,LAC,ARI,2026-09-13 20:25:00+00:00,1edfa5ceaa1ad2cb57df1c1b908731f6,fanduel,player_rush_yds,Jeremiyah Love,00-0041027,ARI,39.5,-114,-114,2026-09-12 15:12:51.144372+00:00,39.17168,34.75,0.4248,2026-09-12 15:13:08.831822+00:00,,
2026,1,2026_01_ARI_LAC,LAC,ARI,2026-09-13 20:25:00+00:00,1edfa5ceaa1ad2cb57df1c1b908731f6,fanduel,player_rush_yds,Omarion Hampton,00-0040666,LAC,67.5,-114,-114,2026-09-12 15:12:51.144372+00:00,113.46633,102.5,0.7351,2026-09-12 15:13:08.832238+00:00,,
2026,1,2026_01_ARI_LAC,LAC,ARI,2026-09-13 20:25:00+00:00,1edfa5ceaa1ad2cb57df1c1b908731f6,fanduel,player_rush_yds,Justin Herbert,00-0036355,LAC,19.5,-114,-114,2026-09-12 15:12:51.144372+00:00,30.431565000000003,22.9,0.55665,2026-09-12 15:13:08.832655+00:00,,
2026,1,2026_01_ARI_LAC,LAC,ARI,2026-09-13 20:25:00+00:00,1edfa5ceaa1ad2cb57df1c1b908731f6,betmgm,player_reception_yds,Charlie Kolar,00-0038046,LAC,17.5,-115,-115,2026-09-12 15:12:51.144372+00:00,34.25685,26.2,0.62265,2026-09-12 15:13:08.833041+00:00,,
2026,1,2026_01_ARI_LAC,LAC,ARI,2026-09-13 20:25:00+00:00,1edfa5ceaa1ad2cb57df1c1b908731f6,betmgm,player_reception_yds,Quentin Johnston,00-0038544,LAC,42.5,-120,-111,2026-09-12 15:12:51.144372+00:00,56.15199499999999,42.4,0.4989,2026-09-12 15:13:08.833455+00:00,,
2026,1,2026_01_ARI_LAC,LAC,ARI,2026-09-13 20:25:00+00:00,1edfa5ceaa1ad2cb57df1c1b908731f6,betmgm,player_reception_yds,Kendrick Bourne,00-0033307,ARI,18.5,-120,-111,2026-09-12 15:12:51.144372+00:00,31.930060000000005,21.9,0.5455,2026-09-12 15:13:08.833854+00:00,,
2026,1,2026_01_ARI_LAC,LAC,ARI,2026-09-13 20:25:00+00:00,1edfa5ceaa1ad2cb57df1c1b908731f6,betmgm,player_reception_yds,Trey McBride,00-0037744,ARI,58.5,-115,-115,2026-09-12 15:12:51.144372+00:00,61.840815,54.6,0.4596,2026-09-12 15:13:08.834236+00:00,,
2026,1,2026_01_ARI_LAC,LAC,ARI,2026-09-13 20:25:00+00:00,1edfa5ceaa1ad2cb57df1c1b908731f6,betmgm,player_reception_yds,Michael Wilson,00-0038559,ARI,41.5,-120,-111,2026-09-12 15:12:51.144372+00:00,52.844025,43.0,0.5138,2026-09-12 15:13:08.834635+00:00,,
2026,1,2026_01_ARI_LAC,LAC,ARI,2026-09-13 20:25:00+00:00,1edfa5ceaa1ad2cb57df1c1b908731f6,betmgm,player_reception_yds,Jeremiyah Love,00-0041027,ARI,14.5,-115,-115,2026-09-12 15:12:51.144372+00:00,12.168919999999998,8.1,0.3226,2026-09-12 15:13:08.835026+00:00,,
2026,1,2026_01_ARI_LAC,LAC,ARI,2026-09-13 20:25:00+00:00,1edfa5ceaa1ad2cb57df1c1b908731f6,betmgm,player_reception_yds,Ladd McConkey,00-0039915,LAC,56.5,-115,-115,2026-09-12 15:12:51.144372+00:00,61.514925,49.9,0.4382,2026-09-12 15:13:08.835435+00:00,,
2026,1,2026_01_ARI_LAC,LAC,ARI,2026-09-13 20:25:00+00:00,1edfa5ceaa1ad2cb57df1c1b908731f6,betmgm,player_reception_yds,Marvin Harrison Jr.,00-0039849,ARI,49.5,-111,-118,2026-09-12 15:12:51.144372+00:00,50.17559500000001,39.6,0.4104,2026-09-12 15:13:08.835807+00:00,,
2026,1,2026_01_ARI_LAC,LAC,ARI,2026-09-13 20:25:00+00:00,1edfa5ceaa1ad2cb57df1c1b908731f6,betmgm,player_reception_yds,Omarion Hampton,00-0040666,LAC,14.5,-115,-115,2026-09-12 15:12:51.144372+00:00,22.23967,16.55,0.5472,2026-09-12 15:13:08.836199+00:00,,
2026,1,2026_01_ARI_LAC,LAC,ARI,2026-09-13 20:25:00+00:00,1edfa5ceaa1ad2cb57df1c1b908731f6,betmgm,player_reception_yds,Tre Harris,00-0040727,LAC,25.5,-115,-115,2026-09-12 15:12:51.144372+00:00,28.971475,20.15,0.4282,2026-09-12 15:13:08.836635+00:00,,
2026,1,2026_01_ARI_LAC,LAC,ARI,2026-09-13 20:25:00+00:00,1edfa5ceaa1ad2cb57df1c1b908731f6,betmgm,player_rush_yds,Justin Herbert,00-0036355,LAC,19.5,-120,-110,2026-09-12 15:12:51.144372+00:00,30.431565000000003,22.9,0.55665,2026-09-12 15:13:08.837058+00:00,,
2026,1,2026_01_ARI_LAC,LAC,ARI,2026-09-13 20:25:00+00:00,1edfa5ceaa1ad2cb57df1c1b908731f6,betmgm,player_rush_yds,Jacoby Brissett,00-0033119,ARI,9.5,-115,-115,2026-09-12 15:12:51.144372+00:00,22.93833,17.9,0.696,2026-09-12 15:13:08.837455+00:00,,
2026,1,2026_01_ARI_LAC,LAC,ARI,2026-09-13 20:25:00+00:00,1edfa5ceaa1ad2cb57df1c1b908731f6,betmgm,player_rush_yds,Jeremiyah Love,00-0041027,ARI,40.5,-111,-118,2026-09-12 15:12:51.144372+00:00,39.17168,34.75,0.4096,2026-09-12 15:13:08.837817+00:00,,
2026,1,2026_01_ARI_LAC,LAC,ARI,2026-09-13 20:25:00+00:00,1edfa5ceaa1ad2cb57df1c1b908731f6,betmgm,player_rush_yds,Omarion Hampton,00-0040666,LAC,68.5,-115,-115,2026-09-12 15:12:51.144372+00:00,113.46633,102.5,0.72665,2026-09-12 15:13:08.838235+00:00,,
2026,1,2026_01_ARI_LAC,LAC,ARI,2026-09-13 20:25:00+00:00,1edfa5ceaa1ad2cb57df1c1b908731f6,bovada,player_reception_yds,Charlie Kolar,00-0038046,LAC,17.5,-110,-120,2026-09-12 15:12:51.144372+00:00,34.25685,26.2,0.62265,2026-09-12 15:13:08.838629+00:00,,
2026,1,2026_01_ARI_LAC,LAC,ARI,2026-09-13 20:25:00+00:00,1edfa5ceaa1ad2cb57df1c1b908731f6,bovada,player_reception_yds,Jeremiyah Love,00-0041027,ARI,15.5,-115,-115,2026-09-12 15:12:51.144372+00:00,12.168919999999998,8.1,0.29935,2026-09-12 15:13:08.838994+00:00,,
2026,1,2026_01_ARI_LAC,LAC,ARI,2026-09-13 20:25:00+00:00,1edfa5ceaa1ad2cb57df1c1b908731f6,bovada,player_reception_yds,Kendrick Bourne,00-0033307,ARI,18.5,-110,-120,2026-09-12 15:12:51.144372+00:00,31.930060000000005,21.9,0.5455,2026-09-12 15:13:08.839395+00:00,,
2026,1,2026_01_ARI_LAC,LAC,ARI,2026-09-13 20:25:00+00:00,1edfa5ceaa1ad2cb57df1c1b908731f6,bovada,player_reception_yds,Ladd McConkey,00-0039915,LAC,58.5,-115,-115,2026-09-12 15:12:51.144372+00:00,61.514925,49.9,0.4229,2026-09-12 15:13:08.839805+00:00,,
2026,1,2026_01_ARI_LAC,LAC,ARI,2026-09-13 20:25:00+00:00,1edfa5ceaa1ad2cb57df1c1b908731f6,bovada,player_reception_yds,Marvin Harrison Jr.,00-0039849,ARI,47.5,-115,-115,2026-09-12 15:12:51.144372+00:00,50.17559500000001,39.6,0.4272,2026-09-12 15:13:08.840175+00:00,,
2026,1,2026_01_ARI_LAC,LAC,ARI,2026-09-13 20:25:00+00:00,1edfa5ceaa1ad2cb57df1c1b908731f6,bovada,player_reception_yds,Michael Wilson,00-0038559,ARI,41.5,-110,-120,2026-09-12 15:12:51.144372+00:00,52.844025,43.0,0.5138,2026-09-12 15:13:08.840567+00:00,,
2026,1,2026_01_ARI_LAC,LAC,ARI,2026-09-13 20:25:00+00:00,1edfa5ceaa1ad2cb57df1c1b908731f6,bovada,player_reception_yds,Omarion Hampton,00-0040666,LAC,13.5,-120,-110,2026-09-12 15:12:51.144372+00:00,22.23967,16.55,0.5707,2026-09-12 15:13:08.840940+00:00,,
2026,1,2026_01_ARI_LAC,LAC,ARI,2026-09-13 20:25:00+00:00,1edfa5ceaa1ad2cb57df1c1b908731f6,bovada,player_reception_yds,Quentin Johnston,00-0038544,LAC,42.5,-115,-115,2026-09-12 15:12:51.144372+00:00,56.15199499999999,42.4,0.4989,2026-09-12 15:13:08.841355+00:00,,
2026,1,2026_01_ARI_LAC,LAC,ARI,2026-09-13 20:25:00+00:00,1edfa5ceaa1ad2cb57df1c1b908731f6,bovada,player_reception_yds,Tre Harris,00-0040727,LAC,26.5,-110,-120,2026-09-12 15:12:51.144372+00:00,28.971475,20.15,0.4149,2026-09-12 15:13:08.841774+00:00,,
2026,1,2026_01_ARI_LAC,LAC,ARI,2026-09-13 20:25:00+00:00,1edfa5ceaa1ad2cb57df1c1b908731f6,bovada,player_reception_yds,Trey McBride,00-0037744,ARI,55.5,-115,-115,2026-09-12 15:12:51.144372+00:00,61.840815,54.6,0.48985,2026-09-12 15:13:08.842152+00:00,,
2026,1,2026_01_ARI_LAC,LAC,ARI,2026-09-13 20:25:00+00:00,1edfa5ceaa1ad2cb57df1c1b908731f6,bovada,player_rush_yds,Jacoby Brissett,00-0033119,ARI,10.5,-115,-115,2026-09-12 15:12:51.144372+00:00,22.93833,17.9,0.67085,2026-09-12 15:13:08.842549+00:00,,
2026,1,2026_01_ARI_LAC,LAC,ARI,2026-09-13 20:25:00+00:00,1edfa5ceaa1ad2cb57df1c1b908731f6,bovada,player_rush_yds,Jeremiyah Love,00-0041027,ARI,38.5,-115,-115,2026-09-12 15:12:51.144372+00:00,39.17168,34.75,0.44065,2026-09-12 15:13:08.842906+00:00,,
2026,1,2026_01_ARI_LAC,LAC,ARI,2026-09-13 20:25:00+00:00,1edfa5ceaa1ad2cb57df1c1b908731f6,bovada,player_rush_yds,Justin Herbert,00-0036355,LAC,20.5,-120,-110,2026-09-12 15:12:51.144372+00:00,30.431565000000003,22.9,0.53835,2026-09-12 15:13:08.843345+00:00,,
2026,1,2026_01_ARI_LAC,LAC,ARI,2026-09-13 20:25:00+00:00,1edfa5ceaa1ad2cb57df1c1b908731f6,bovada,player_rush_yds,Omarion Hampton,00-0040666,LAC,68.5,-115,-115,2026-09-12 15:12:51.144372+00:00,113.46633,102.5,0.72665,2026-09-12 15:13:08.843755+00:00,,
2026,1,2026_01_ARI_LAC,LAC,ARI,2026-09-13 20:25:00+00:00,1edfa5ceaa1ad2cb57df1c1b908731f6,bovada,player_rush_yds,Tyler Allgeier,00-0037263,ARI,30.5,-110,-120,2026-09-12 15:12:51.144372+00:00,20.538635,16.0,0.242,2026-09-12 15:13:08.844184+00:00,,
2026,1,2026_01_GB_MIN,MIN,GB,2026-09-13 20:25:00+00:00,cb77efed7e711d25a72c1a2a0a1af119,draftkings,player_reception_yds,Justin Jefferson,00-0036322,MIN,75.5,-110,-114,2026-09-12 15:12:51.417954+00:00,59.66366,50.1,0.2963,2026-09-12 15:13:08.953837+00:00,,
2026,1,2026_01_GB_MIN,MIN,GB,2026-09-13 20:25:00+00:00,cb77efed7e711d25a72c1a2a0a1af119,draftkings,player_reception_yds,Christian Watson,00-0038124,GB,59.5,-110,-114,2026-09-12 15:12:51.417954+00:00,79.127125,66.9,0.54995,2026-09-12 15:13:09.076589+00:00,,
2026,1,2026_01_GB_MIN,MIN,GB,2026-09-13 20:25:00+00:00,cb77efed7e711d25a72c1a2a0a1af119,draftkings,player_reception_yds,Tucker Kraft,00-0038996,GB,47.5,-110,-114,2026-09-12 15:12:51.417954+00:00,32.353640000000006,22.1,0.24505,2026-09-12 15:13:09.196849+00:00,,
2026,1,2026_01_GB_MIN,MIN,GB,2026-09-13 20:25:00+00:00,cb77efed7e711d25a72c1a2a0a1af119,draftkings,player_reception_yds,Jayden Reed,00-0039146,GB,44.5,-113,-111,2026-09-12 15:12:51.417954+00:00,58.27475,45.8,0.51175,2026-09-12 15:13:09.319321+00:00,,
2026,1,2026_01_GB_MIN,MIN,GB,2026-09-13 20:25:00+00:00,cb77efed7e711d25a72c1a2a0a1af119,draftkings,player_reception_yds,Jordan Addison,00-0038994,MIN,43.5,-110,-114,2026-09-12 15:12:51.417954+00:00,41.72047,32.1,0.3834,2026-09-12 15:13:09.427863+00:00,,
2026,1,2026_01_GB_MIN,MIN,GB,2026-09-13 20:25:00+00:00,cb77efed7e711d25a72c1a2a0a1af119,draftkings,player_reception_yds,Matthew Golden,00-0040667,GB,41.5,-114,-110,2026-09-12 15:12:51.417954+00:00,29.74969,17.4,0.25345,2026-09-12 15:13:09.548237+00:00,,
2026,1,2026_01_GB_MIN,MIN,GB,2026-09-13 20:25:00+00:00,cb77efed7e711d25a72c1a2a0a1af119,draftkings,player_reception_yds,T.J. Hockenson,00-0035229,MIN,25.5,-111,-113,2026-09-12 15:12:51.417954+00:00,28.515465000000003,22.0,0.4445,2026-09-12 15:13:09.657170+00:00,,
2026,1,2026_01_GB_MIN,MIN,GB,2026-09-13 20:25:00+00:00,cb77efed7e711d25a72c1a2a0a1af119,draftkings,player_reception_yds,Jauan Jennings,00-0036259,MIN,22.5,-113,-111,2026-09-12 15:12:51.417954+00:00,30.111645,21.9,0.4901,2026-09-12 15:13:09.767178+00:00,,
2026,1,2026_01_GB_MIN,MIN,GB,2026-09-13 20:25:00+00:00,cb77efed7e711d25a72c1a2a0a1af119,draftkings,player_reception_yds,Aaron Jones,00-0033293,MIN,14.5,-108,-116,2026-09-12 15:12:51.417954+00:00,23.165895,15.9,0.5291,2026-09-12 15:13:09.878074+00:00,,
2026,1,2026_01_GB_MIN,MIN,GB,2026-09-13 20:25:00+00:00,cb77efed7e711d25a72c1a2a0a1af119,draftkings,player_reception_yds,MarShawn Lloyd,00-0039811,GB,10.5,-113,-111,2026-09-12 15:12:51.417954+00:00,13.84764,8.6,0.44975,2026-09-12 15:13:09.999820+00:00,,
2026,1,2026_01_GB_MIN,MIN,GB,2026-09-13 20:25:00+00:00,cb77efed7e711d25a72c1a2a0a1af119,draftkings,player_rush_yds,Jordan Mason,00-0037525,MIN,44.5,-115,-109,2026-09-12 15:12:51.417954+00:00,36.92213,30.2,0.32305,2026-09-12 15:13:10.103463+00:00,,
2026,1,2026_01_GB_MIN,MIN,GB,2026-09-13 20:25:00+00:00,cb77efed7e711d25a72c1a2a0a1af119,draftkings,player_rush_yds,MarShawn Lloyd,00-0039811,GB,42.5,-114,-110,2026-09-12 15:12:51.417954+00:00,63.36111000000001,58.8,0.69395,2026-09-12 15:13:10.219079+00:00,,
2026,1,2026_01_GB_MIN,MIN,GB,2026-09-13 20:25:00+00:00,cb77efed7e711d25a72c1a2a0a1af119,draftkings,player_rush_yds,Aaron Jones,00-0033293,MIN,28.5,-112,-112,2026-09-12 15:12:51.417954+00:00,54.48497,49.1,0.7741,2026-09-12 15:13:10.322151+00:00,,
2026,1,2026_01_GB_MIN,MIN,GB,2026-09-13 20:25:00+00:00,cb77efed7e711d25a72c1a2a0a1af119,draftkings,player_rush_yds,Kyler Murray,00-0035228,MIN,23.5,-109,-115,2026-09-12 15:12:51.417954+00:00,18.735045,14.2,0.30955,2026-09-12 15:13:10.422070+00:00,,
2026,1,2026_01_GB_MIN,MIN,GB,2026-09-13 20:25:00+00:00,cb77efed7e711d25a72c1a2a0a1af119,draftkings,player_rush_yds,Jordan Love,00-0036264,GB,10.5,-106,-119,2026-09-12 15:12:51.417954+00:00,19.703515000000003,14.1,0.583,2026-09-12 15:13:10.532280+00:00,,
2026,1,2026_01_GB_MIN,MIN,GB,2026-09-13 20:25:00+00:00,cb77efed7e711d25a72c1a2a0a1af119,betonlineag,player_reception_yds,Jordan Addison,00-0038994,MIN,42.5,-115,-112,2026-09-12 15:12:51.417954+00:00,41.72047,32.1,0.3922,2026-09-12 15:13:10.532743+00:00,,
2026,1,2026_01_GB_MIN,MIN,GB,2026-09-13 20:25:00+00:00,cb77efed7e711d25a72c1a2a0a1af119,betonlineag,player_reception_yds,Matthew Golden,00-0040667,GB,39.5,-114,-114,2026-09-12 15:12:51.417954+00:00,29.74969,17.4,0.2699,2026-09-12 15:13:10.533174+00:00,,
2026,1,2026_01_GB_MIN,MIN,GB,2026-09-13 20:25:00+00:00,cb77efed7e711d25a72c1a2a0a1af119,betonlineag,player_reception_yds,Aaron Jones,00-0033293,MIN,14.5,-111,-116,2026-09-12 15:12:51.417954+00:00,23.165895,15.9,0.5291,2026-09-12 15:13:10.533613+00:00,,
2026,1,2026_01_GB_MIN,MIN,GB,2026-09-13 20:25:00+00:00,cb77efed7e711d25a72c1a2a0a1af119,betonlineag,player_reception_yds,Jauan Jennings,00-0036259,MIN,20.5,-108,-120,2026-09-12 15:12:51.417954+00:00,30.111645,21.9,0.52055,2026-09-12 15:13:10.534025+00:00,,
2026,1,2026_01_GB_MIN,MIN,GB,2026-09-13 20:25:00+00:00,cb77efed7e711d25a72c1a2a0a1af119,betonlineag,player_reception_yds,MarShawn Lloyd,00-0039811,GB,10.5,-115,-112,2026-09-12 15:12:51.417954+00:00,13.84764,8.6,0.44975,2026-09-12 15:13:10.534404+00:00,,
2026,1,2026_01_GB_MIN,MIN,GB,2026-09-13 20:25:00+00:00,cb77efed7e711d25a72c1a2a0a1af119,betonlineag,player_reception_yds,Jayden Reed,00-0039146,GB,44.5,-118,-110,2026-09-12 15:12:51.417954+00:00,58.27475,45.8,0.51175,2026-09-12 15:13:10.534802+00:00,,
2026,1,2026_01_GB_MIN,MIN,GB,2026-09-13 20:25:00+00:00,cb77efed7e711d25a72c1a2a0a1af119,betonlineag,player_reception_yds,Justin Jefferson,00-0036322,MIN,70.5,-114,-114,2026-09-12 15:12:51.417954+00:00,59.66366,50.1,0.3306,2026-09-12 15:13:10.535223+00:00,,
2026,1,2026_01_GB_MIN,MIN,GB,2026-09-13 20:25:00+00:00,cb77efed7e711d25a72c1a2a0a1af119,betonlineag,player_reception_yds,Tucker Kraft,00-0038996,GB,47.5,-114,-114,2026-09-12 15:12:51.417954+00:00,32.353640000000006,22.1,0.24505,2026-09-12 15:13:10.535650+00:00,,
2026,1,2026_01_GB_MIN,MIN,GB,2026-09-13 20:25:00+00:00,cb77efed7e711d25a72c1a2a0a1af119,betonlineag,player_reception_yds,Christian Watson,00-0038124,GB,59.5,-114,-114,2026-09-12 15:12:51.417954+00:00,79.127125,66.9,0.54995,2026-09-12 15:13:10.536047+00:00,,
2026,1,2026_01_GB_MIN,MIN,GB,2026-09-13 20:25:00+00:00,cb77efed7e711d25a72c1a2a0a1af119,betonlineag,player_reception_yds,T.J. Hockenson,00-0035229,MIN,25.5,-114,-114,2026-09-12 15:12:51.417954+00:00,28.515465000000003,22.0,0.4445,2026-09-12 15:13:10.536481+00:00,,
2026,1,2026_01_GB_MIN,MIN,GB,2026-09-13 20:25:00+00:00,cb77efed7e711d25a72c1a2a0a1af119,betonlineag,player_rush_yds,Jordan Mason,00-0037525,MIN,43.5,-118,-110,2026-09-12 15:12:51.417954+00:00,36.92213,30.2,0.33365,2026-09-12 15:13:10.536891+00:00,,
2026,1,2026_01_GB_MIN,MIN,GB,2026-09-13 20:25:00+00:00,cb77efed7e711d25a72c1a2a0a1af119,betonlineag,player_rush_yds,Jordan Love,00-0036264,GB,9.5,-116,-111,2026-09-12 15:12:51.417954+00:00,19.703515000000003,14.1,0.60875,2026-09-12 15:13:10.537300+00:00,,
2026,1,2026_01_GB_MIN,MIN,GB,2026-09-13 20:25:00+00:00,cb77efed7e711d25a72c1a2a0a1af119,betonlineag,player_rush_yds,Aaron Jones,00-0033293,MIN,29.5,-114,-114,2026-09-12 15:12:51.417954+00:00,54.48497,49.1,0.76035,2026-09-12 15:13:10.537701+00:00,,
2026,1,2026_01_GB_MIN,MIN,GB,2026-09-13 20:25:00+00:00,cb77efed7e711d25a72c1a2a0a1af119,betonlineag,player_rush_yds,MarShawn Lloyd,00-0039811,GB,42.5,-114,-114,2026-09-12 15:12:51.417954+00:00,63.36111000000001,58.8,0.69395,2026-09-12 15:13:10.538103+00:00,,
2026,1,2026_01_GB_MIN,MIN,GB,2026-09-13 20:25:00+00:00,cb77efed7e711d25a72c1a2a0a1af119,betonlineag,player_rush_yds,Kyler Murray,00-0035228,MIN,24.5,-114,-114,2026-09-12 15:12:51.417954+00:00,18.735045,14.2,0.2941,2026-09-12 15:13:10.538471+00:00,,
2026,1,2026_01_GB_MIN,MIN,GB,2026-09-13 20:25:00+00:00,cb77efed7e711d25a72c1a2a0a1af119,betrivers,player_reception_yds,Matthew Golden,00-0040667,GB,38.5,-113,-118,2026-09-12 15:12:51.417954+00:00,29.74969,17.4,0.2777,2026-09-12 15:13:10.538880+00:00,,
2026,1,2026_01_GB_MIN,MIN,GB,2026-09-13 20:25:00+00:00,cb77efed7e711d25a72c1a2a0a1af119,betrivers,player_reception_yds,Jayden Reed,00-0039146,GB,41.5,-115,-115,2026-09-12 15:12:51.417954+00:00,58.27475,45.8,0.54045,2026-09-12 15:13:10.539272+00:00,,
2026,1,2026_01_GB_MIN,MIN,GB,2026-09-13 20:25:00+00:00,cb77efed7e711d25a72c1a2a0a1af119,betrivers,player_reception_yds,Aaron Jones,00-0033293,MIN,15.5,-112,-120,2026-09-12 15:12:51.417954+00:00,23.165895,15.9,0.5079,2026-09-12 15:13:10.539657+00:00,,
2026,1,2026_01_GB_MIN,MIN,GB,2026-09-13 20:25:00+00:00,cb77efed7e711d25a72c1a2a0a1af119,betrivers,player_reception_yds,Tucker Kraft,00-0038996,GB,42.5,-117,-114,2026-09-12 15:12:51.417954+00:00,32.353640000000006,22.1,0.2846,2026-09-12 15:13:10.540073+00:00,,
2026,1,2026_01_GB_MIN,MIN,GB,2026-09-13 20:25:00+00:00,cb77efed7e711d25a72c1a2a0a1af119,betrivers,player_reception_yds,Jordan Addison,00-0038994,MIN,43.5,-118,-113,2026-09-12 15:12:51.417954+00:00,41.72047,32.1,0.3834,2026-09-12 15:13:10.540483+00:00,,
2026,1,2026_01_GB_MIN,MIN,GB,2026-09-13 20:25:00+00:00,cb77efed7e711d25a72c1a2a0a1af119,betrivers,player_reception_yds,T.J. Hockenson,00-0035229,MIN,24.5,-114,-117,2026-09-12 15:12:51.417954+00:00,28.515465000000003,22.0,0.4596,2026-09-12 15:13:10.540892+00:00,,
2026,1,2026_01_GB_MIN,MIN,GB,2026-09-13 20:25:00+00:00,cb77efed7e711d25a72c1a2a0a1af119,betrivers,player_reception_yds,Jauan Jennings,00-0036259,MIN,21.5,-117,-114,2026-09-12 15:12:51.417954+00:00,30.111645,21.9,0.50555,2026-09-12 15:13:10.541296+00:00,,
2026,1,2026_01_GB_MIN,MIN,GB,2026-09-13 20:25:00+00:00,cb77efed7e711d25a72c1a2a0a1af119,betrivers,player_reception_yds,MarShawn Lloyd,00-0039811,GB,10.5,-117,-114,2026-09-12 15:12:51.417954+00:00,13.84764,8.6,0.44975,2026-09-12 15:13:10.541665+00:00,,
2026,1,2026_01_GB_MIN,MIN,GB,2026-09-13 20:25:00+00:00,cb77efed7e711d25a72c1a2a0a1af119,betrivers,player_reception_yds,Justin Jefferson,00-0036322,MIN,73.5,-115,-115,2026-09-12 15:12:51.417954+00:00,59.66366,50.1,0.3094,2026-09-12 15:13:10.542105+00:00,,
2026,1,2026_01_GB_MIN,MIN,GB,2026-09-13 20:25:00+00:00,cb77efed7e711d25a72c1a2a0a1af119,betrivers,player_reception_yds,Christian Watson,00-0038124,GB,53.5,-114,-117,2026-09-12 15:12:51.417954+00:00,79.127125,66.9,0.5947,2026-09-12 15:13:10.542501+00:00,,
2026,1,2026_01_GB_MIN,MIN,GB,2026-09-13 20:25:00+00:00,cb77efed7e711d25a72c1a2a0a1af119,betrivers,player_rush_yds,Kyler Murray,00-0035228,MIN,22.5,-114,-117,2026-09-12 15:12:51.417954+00:00,18.735045,14.2,0.3277,2026-09-12 15:13:10.542867+00:00,,
2026,1,2026_01_GB_MIN,MIN,GB,2026-09-13 20:25:00+00:00,cb77efed7e711d25a72c1a2a0a1af119,betrivers,player_rush_yds,MarShawn Lloyd,00-0039811,GB,44.5,-113,-118,2026-09-12 15:12:51.417954+00:00,63.36111000000001,58.8,0.67135,2026-09-12 15:13:10.543252+00:00,,
2026,1,2026_01_GB_MIN,MIN,GB,2026-09-13 20:25:00+00:00,cb77efed7e711d25a72c1a2a0a1af119,betrivers,player_rush_yds,Aaron Jones,00-0033293,MIN,31.5,-121,-110,2026-09-12 15:12:51.417954+00:00,54.48497,49.1,0.7351,2026-09-12 15:13:10.543652+00:00,,
2026,1,2026_01_GB_MIN,MIN,GB,2026-09-13 20:25:00+00:00,cb77efed7e711d25a72c1a2a0a1af119,betrivers,player_rush_yds,Jordan Mason,00-0037525,MIN,44.5,-117,-114,2026-09-12 15:12:51.417954+00:00,36.92213,30.2,0.32305,2026-09-12 15:13:10.544064+00:00,,
2026,1,2026_01_GB_MIN,MIN,GB,2026-09-13 20:25:00+00:00,cb77efed7e711d25a72c1a2a0a1af119,betrivers,player_rush_yds,Jordan Love,00-0036264,GB,9.5,-120,-112,2026-09-12 15:12:51.417954+00:00,19.703515000000003,14.1,0.60875,2026-09-12 15:13:10.544483+00:00,,
2026,1,2026_01_GB_MIN,MIN,GB,2026-09-13 20:25:00+00:00,cb77efed7e711d25a72c1a2a0a1af119,fanduel,player_reception_yds,Aaron Jones,00-0033293,MIN,14.5,-114,-114,2026-09-12 15:12:51.417954+00:00,23.165895,15.9,0.5291,2026-09-12 15:13:10.544871+00:00,,
2026,1,2026_01_GB_MIN,MIN,GB,2026-09-13 20:25:00+00:00,cb77efed7e711d25a72c1a2a0a1af119,fanduel,player_reception_yds,T.J. Hockenson,00-0035229,MIN,25.5,-114,-114,2026-09-12 15:12:51.417954+00:00,28.515465000000003,22.0,0.4445,2026-09-12 15:13:10.545284+00:00,,
2026,1,2026_01_GB_MIN,MIN,GB,2026-09-13 20:25:00+00:00,cb77efed7e711d25a72c1a2a0a1af119,fanduel,player_reception_yds,Jordan Addison,00-0038994,MIN,42.5,-114,-114,2026-09-12 15:12:51.417954+00:00,41.72047,32.1,0.3922,2026-09-12 15:13:10.545693+00:00,,
2026,1,2026_01_GB_MIN,MIN,GB,2026-09-13 20:25:00+00:00,cb77efed7e711d25a72c1a2a0a1af119,fanduel,player_reception_yds,Matthew Golden,00-0040667,GB,39.5,-114,-114,2026-09-12 15:12:51.417954+00:00,29.74969,17.4,0.2699,2026-09-12 15:13:10.546100+00:00,,
2026,1,2026_01_GB_MIN,MIN,GB,2026-09-13 20:25:00+00:00,cb77efed7e711d25a72c1a2a0a1af119,fanduel,player_reception_yds,Tucker Kraft,00-0038996,GB,44.5,-114,-114,2026-09-12 15:12:51.417954+00:00,32.353640000000006,22.1,0.2673,2026-09-12 15:13:10.546517+00:00,,
2026,1,2026_01_GB_MIN,MIN,GB,2026-09-13 20:25:00+00:00,cb77efed7e711d25a72c1a2a0a1af119,fanduel,player_reception_yds,MarShawn Lloyd,00-0039811,GB,10.5,-114,-114,2026-09-12 15:12:51.417954+00:00,13.84764,8.6,0.44975,2026-09-12 15:13:10.546884+00:00,,
2026,1,2026_01_GB_MIN,MIN,GB,2026-09-13 20:25:00+00:00,cb77efed7e711d25a72c1a2a0a1af119,fanduel,player_reception_yds,Justin Jefferson,00-0036322,MIN,73.5,-114,-114,2026-09-12 15:12:51.417954+00:00,59.66366,50.1,0.3094,2026-09-12 15:13:10.547296+00:00,,
2026,1,2026_01_GB_MIN,MIN,GB,2026-09-13 20:25:00+00:00,cb77efed7e711d25a72c1a2a0a1af119,fanduel,player_reception_yds,Christian Watson,00-0038124,GB,56.5,-114,-114,2026-09-12 15:12:51.417954+00:00,79.127125,66.9,0.5726,2026-09-12 15:13:10.547692+00:00,,
2026,1,2026_01_GB_MIN,MIN,GB,2026-09-13 20:25:00+00:00,cb77efed7e711d25a72c1a2a0a1af119,fanduel,player_reception_yds,Jauan Jennings,00-0036259,MIN,23.5,-114,-114,2026-09-12 15:12:51.417954+00:00,30.111645,21.9,0.4766,2026-09-12 15:13:10.548103+00:00,,
2026,1,2026_01_GB_MIN,MIN,GB,2026-09-13 20:25:00+00:00,cb77efed7e711d25a72c1a2a0a1af119,fanduel,player_reception_yds,Jayden Reed,00-0039146,GB,43.5,-114,-114,2026-09-12 15:12:51.417954+00:00,58.27475,45.8,0.5208,2026-09-12 15:13:10.548495+00:00,,
2026,1,2026_01_GB_MIN,MIN,GB,2026-09-13 20:25:00+00:00,cb77efed7e711d25a72c1a2a0a1af119,fanduel,player_rush_yds,Kyler Murray,00-0035228,MIN,23.5,-114,-114,2026-09-12 15:12:51.417954+00:00,18.735045,14.2,0.30955,2026-09-12 15:13:10.548861+00:00,,
2026,1,2026_01_GB_MIN,MIN,GB,2026-09-13 20:25:00+00:00,cb77efed7e711d25a72c1a2a0a1af119,fanduel,player_rush_yds,MarShawn Lloyd,00-0039811,GB,44.5,-114,-114,2026-09-12 15:12:51.417954+00:00,63.36111000000001,58.8,0.67135,2026-09-12 15:13:10.549255+00:00,,
2026,1,2026_01_GB_MIN,MIN,GB,2026-09-13 20:25:00+00:00,cb77efed7e711d25a72c1a2a0a1af119,fanduel,player_rush_yds,Jordan Mason,00-0037525,MIN,43.5,-114,-114,2026-09-12 15:12:51.417954+00:00,36.92213,30.2,0.33365,2026-09-12 15:13:10.549659+00:00,,
2026,1,2026_01_GB_MIN,MIN,GB,2026-09-13 20:25:00+00:00,cb77efed7e711d25a72c1a2a0a1af119,fanduel,player_rush_yds,Aaron Jones,00-0033293,MIN,29.5,-114,-114,2026-09-12 15:12:51.417954+00:00,54.48497,49.1,0.76035,2026-09-12 15:13:10.550062+00:00,,
2026,1,2026_01_GB_MIN,MIN,GB,2026-09-13 20:25:00+00:00,cb77efed7e711d25a72c1a2a0a1af119,fanduel,player_rush_yds,Jordan Love,00-0036264,GB,9.5,-114,-114,2026-09-12 15:12:51.417954+00:00,19.703515000000003,14.1,0.60875,2026-09-12 15:13:10.550490+00:00,,
2026,1,2026_01_GB_MIN,MIN,GB,2026-09-13 20:25:00+00:00,cb77efed7e711d25a72c1a2a0a1af119,betmgm,player_reception_yds,Jordan Addison,00-0038994,MIN,41.5,-125,-105,2026-09-12 15:12:51.417954+00:00,41.72047,32.1,0.4016,2026-09-12 15:13:10.550897+00:00,,
2026,1,2026_01_GB_MIN,MIN,GB,2026-09-13 20:25:00+00:00,cb77efed7e711d25a72c1a2a0a1af119,betmgm,player_reception_yds,MarShawn Lloyd,00-0039811,GB,10.5,-120,-110,2026-09-12 15:12:51.417954+00:00,13.84764,8.6,0.44975,2026-09-12 15:13:10.551267+00:00,,
2026,1,2026_01_GB_MIN,MIN,GB,2026-09-13 20:25:00+00:00,cb77efed7e711d25a72c1a2a0a1af119,betmgm,player_reception_yds,Christian Watson,00-0038124,GB,55.5,-115,-115,2026-09-12 15:12:51.417954+00:00,79.127125,66.9,0.58005,2026-09-12 15:13:10.551658+00:00,,
2026,1,2026_01_GB_MIN,MIN,GB,2026-09-13 20:25:00+00:00,cb77efed7e711d25a72c1a2a0a1af119,betmgm,player_reception_yds,Aaron Jones,00-0033293,MIN,14.5,-120,-110,2026-09-12 15:12:51.417954+00:00,23.165895,15.9,0.5291,2026-09-12 15:13:10.552043+00:00,,
2026,1,2026_01_GB_MIN,MIN,GB,2026-09-13 20:25:00+00:00,cb77efed7e711d25a72c1a2a0a1af119,betmgm,player_reception_yds,Justin Jefferson,00-0036322,MIN,71.5,-115,-115,2026-09-12 15:12:51.417954+00:00,59.66366,50.1,0.32435,2026-09-12 15:13:10.552466+00:00,,
2026,1,2026_01_GB_MIN,MIN,GB,2026-09-13 20:25:00+00:00,cb77efed7e711d25a72c1a2a0a1af119,betmgm,player_reception_yds,T.J. Hockenson,00-0035229,MIN,28.5,105,-140,2026-09-12 15:12:51.417954+00:00,28.515465000000003,22.0,0.39935,2026-09-12 15:13:10.552874+00:00,,
2026,1,2026_01_GB_MIN,MIN,GB,2026-09-13 20:25:00+00:00,cb77efed7e711d25a72c1a2a0a1af119,betmgm,player_reception_yds,Jauan Jennings,00-0036259,MIN,20.5,-115,-115,2026-09-12 15:12:51.417954+00:00,30.111645,21.9,0.52055,2026-09-12 15:13:10.553274+00:00,,
2026,1,2026_01_GB_MIN,MIN,GB,2026-09-13 20:25:00+00:00,cb77efed7e711d25a72c1a2a0a1af119,betmgm,player_reception_yds,Tucker Kraft,00-0038996,GB,43.5,-130,-105,2026-09-12 15:12:51.417954+00:00,32.353640000000006,22.1,0.27605,2026-09-12 15:13:10.553688+00:00,,
2026,1,2026_01_GB_MIN,MIN,GB,2026-09-13 20:25:00+00:00,cb77efed7e711d25a72c1a2a0a1af119,betmgm,player_reception_yds,Jayden Reed,00-0039146,GB,42.5,-120,-111,2026-09-12 15:12:51.417954+00:00,58.27475,45.8,0.5307,2026-09-12 15:13:10.554075+00:00,,
2026,1,2026_01_GB_MIN,MIN,GB,2026-09-13 20:25:00+00:00,cb77efed7e711d25a72c1a2a0a1af119,betmgm,player_reception_yds,Matthew Golden,00-0040667,GB,40.5,-115,-115,2026-09-12 15:12:51.417954+00:00,29.74969,17.4,0.2607,2026-09-12 15:13:10.554480+00:00,,
2026,1,2026_01_GB_MIN,MIN,GB,2026-09-13 20:25:00+00:00,cb77efed7e711d25a72c1a2a0a1af119,betmgm,player_rush_yds,Jordan Love,00-0036264,GB,9.5,-120,-111,2026-09-12 15:12:51.417954+00:00,19.703515000000003,14.1,0.60875,2026-09-12 15:13:10.554889+00:00,,
2026,1,2026_01_GB_MIN,MIN,GB,2026-09-13 20:25:00+00:00,cb77efed7e711d25a72c1a2a0a1af119,betmgm,player_rush_yds,MarShawn Lloyd,00-0039811,GB,44.5,-105,-130,2026-09-12 15:12:51.417954+00:00,63.36111000000001,58.8,0.67135,2026-09-12 15:13:10.555278+00:00,,
2026,1,2026_01_GB_MIN,MIN,GB,2026-09-13 20:25:00+00:00,cb77efed7e711d25a72c1a2a0a1af119,betmgm,player_rush_yds,Kyler Murray,00-0035228,MIN,22.5,-115,-115,2026-09-12 15:12:51.417954+00:00,18.735045,14.2,0.3277,2026-09-12 15:13:10.555643+00:00,,
2026,1,2026_01_GB_MIN,MIN,GB,2026-09-13 20:25:00+00:00,cb77efed7e711d25a72c1a2a0a1af119,betmgm,player_rush_yds,Aaron Jones,00-0033293,MIN,30.5,-115,-115,2026-09-12 15:12:51.417954+00:00,54.48497,49.1,0.74755,2026-09-12 15:13:10.556037+00:00,,
2026,1,2026_01_GB_MIN,MIN,GB,2026-09-13 20:25:00+00:00,cb77efed7e711d25a72c1a2a0a1af119,betmgm,player_rush_yds,Jordan Mason,00-0037525,MIN,44.5,-120,-111,2026-09-12 15:12:51.417954+00:00,36.92213,30.2,0.32305,2026-09-12 15:13:10.556441+00:00,,
2026,1,2026_01_GB_MIN,MIN,GB,2026-09-13 20:25:00+00:00,cb77efed7e711d25a72c1a2a0a1af119,bovada,player_reception_yds,Aaron Jones,00-0033293,MIN,14.5,-110,-120,2026-09-12 15:12:51.417954+00:00,23.165895,15.9,0.5291,2026-09-12 15:13:10.556832+00:00,,
2026,1,2026_01_GB_MIN,MIN,GB,2026-09-13 20:25:00+00:00,cb77efed7e711d25a72c1a2a0a1af119,bovada,player_reception_yds,Christian Watson,00-0038124,GB,59.5,-115,-115,2026-09-12 15:12:51.417954+00:00,79.127125,66.9,0.54995,2026-09-12 15:13:10.557223+00:00,,
2026,1,2026_01_GB_MIN,MIN,GB,2026-09-13 20:25:00+00:00,cb77efed7e711d25a72c1a2a0a1af119,bovada,player_reception_yds,Jauan Jennings,00-0036259,MIN,22.5,-115,-115,2026-09-12 15:12:51.417954+00:00,30.111645,21.9,0.4901,2026-09-12 15:13:10.557622+00:00,,
2026,1,2026_01_GB_MIN,MIN,GB,2026-09-13 20:25:00+00:00,cb77efed7e711d25a72c1a2a0a1af119,bovada,player_reception_yds,Jayden Reed,00-0039146,GB,44.5,-115,-115,2026-09-12 15:12:51.417954+00:00,58.27475,45.8,0.51175,2026-09-12 15:13:10.558013+00:00,,
2026,1,2026_01_GB_MIN,MIN,GB,2026-09-13 20:25:00+00:00,cb77efed7e711d25a72c1a2a0a1af119,bovada,player_reception_yds,Jordan Addison,00-0038994,MIN,43.5,-115,-115,2026-09-12 15:12:51.417954+00:00,41.72047,32.1,0.3834,2026-09-12 15:13:10.558425+00:00,,
2026,1,2026_01_GB_MIN,MIN,GB,2026-09-13 20:25:00+00:00,cb77efed7e711d25a72c1a2a0a1af119,bovada,player_reception_yds,Justin Jefferson,00-0036322,MIN,75.5,-115,-115,2026-09-12 15:12:51.417954+00:00,59.66366,50.1,0.2963,2026-09-12 15:13:10.558843+00:00,,
2026,1,2026_01_GB_MIN,MIN,GB,2026-09-13 20:25:00+00:00,cb77efed7e711d25a72c1a2a0a1af119,bovada,player_reception_yds,MarShawn Lloyd,00-0039811,GB,10.5,-115,-115,2026-09-12 15:12:51.417954+00:00,13.84764,8.6,0.44975,2026-09-12 15:13:10.559209+00:00,,
2026,1,2026_01_GB_MIN,MIN,GB,2026-09-13 20:25:00+00:00,cb77efed7e711d25a72c1a2a0a1af119,bovada,player_reception_yds,Matthew Golden,00-0040667,GB,41.5,-115,-115,2026-09-12 15:12:51.417954+00:00,29.74969,17.4,0.25345,2026-09-12 15:13:10.559616+00:00,,
2026,1,2026_01_GB_MIN,MIN,GB,2026-09-13 20:25:00+00:00,cb77efed7e711d25a72c1a2a0a1af119,bovada,player_reception_yds,T.J. Hockenson,00-0035229,MIN,25.5,-115,-115,2026-09-12 15:12:51.417954+00:00,28.515465000000003,22.0,0.4445,2026-09-12 15:13:10.560033+00:00,,
2026,1,2026_01_GB_MIN,MIN,GB,2026-09-13 20:25:00+00:00,cb77efed7e711d25a72c1a2a0a1af119,bovada,player_reception_yds,Tucker Kraft,00-0038996,GB,47.5,-115,-115,2026-09-12 15:12:51.417954+00:00,32.353640000000006,22.1,0.24505,2026-09-12 15:13:10.560444+00:00,,
2026,1,2026_01_GB_MIN,MIN,GB,2026-09-13 20:25:00+00:00,cb77efed7e711d25a72c1a2a0a1af119,bovada,player_rush_yds,Aaron Jones,00-0033293,MIN,28.5,-115,-115,2026-09-12 15:12:51.417954+00:00,54.48497,49.1,0.7741,2026-09-12 15:13:10.560858+00:00,,
2026,1,2026_01_GB_MIN,MIN,GB,2026-09-13 20:25:00+00:00,cb77efed7e711d25a72c1a2a0a1af119,bovada,player_rush_yds,Jordan Love,00-0036264,GB,10.5,-110,-120,2026-09-12 15:12:51.417954+00:00,19.703515000000003,14.1,0.583,2026-09-12 15:13:10.561265+00:00,,
2026,1,2026_01_GB_MIN,MIN,GB,2026-09-13 20:25:00+00:00,cb77efed7e711d25a72c1a2a0a1af119,bovada,player_rush_yds,Jordan Mason,00-0037525,MIN,44.5,-120,-110,2026-09-12 15:12:51.417954+00:00,36.92213,30.2,0.32305,2026-09-12 15:13:10.561678+00:00,,
2026,1,2026_01_GB_MIN,MIN,GB,2026-09-13 20:25:00+00:00,cb77efed7e711d25a72c1a2a0a1af119,bovada,player_rush_yds,Kyler Murray,00-0035228,MIN,23.5,-110,-120,2026-09-12 15:12:51.417954+00:00,18.735045,14.2,0.30955,2026-09-12 15:13:10.562059+00:00,,
2026,1,2026_01_GB_MIN,MIN,GB,2026-09-13 20:25:00+00:00,cb77efed7e711d25a72c1a2a0a1af119,bovada,player_rush_yds,MarShawn Lloyd,00-0039811,GB,42.5,-115,-115,2026-09-12 15:12:51.417954+00:00,63.36111000000001,58.8,0.69395,2026-09-12 15:13:10.562442+00:00,,
2026,1,2026_01_MIA_LV,LV,MIA,2026-09-13 20:25:00+00:00,c5d95f48a16849ab6bebc68fbbfcb74a,draftkings,player_reception_yds,Tre Tucker,00-0038563,LV,47.5,-110,-114,2026-09-12 15:12:51.664996+00:00,46.650485,33.9,0.36935,2026-09-12 15:13:10.683578+00:00,,
2026,1,2026_01_MIA_LV,LV,MIA,2026-09-13 20:25:00+00:00,c5d95f48a16849ab6bebc68fbbfcb74a,draftkings,player_reception_yds,Michael Mayer,00-0039066,LV,40.5,-111,-113,2026-09-12 15:12:51.664996+00:00,58.390420000000006,49.9,0.59375,2026-09-12 15:13:10.803894+00:00,,
2026,1,2026_01_MIA_LV,LV,MIA,2026-09-13 20:25:00+00:00,c5d95f48a16849ab6bebc68fbbfcb74a,draftkings,player_reception_yds,Jalen Nailor,00-0037291,LV,37.5,-112,-112,2026-09-12 15:12:51.664996+00:00,36.831095,26.6,0.3838,2026-09-12 15:13:10.923880+00:00,,
2026,1,2026_01_MIA_LV,LV,MIA,2026-09-13 20:25:00+00:00,c5d95f48a16849ab6bebc68fbbfcb74a,draftkings,player_reception_yds,De'Von Achane,00-0039040,MIA,27.5,-112,-112,2026-09-12 15:12:51.664996+00:00,19.947119999999995,15.1,0.26055,2026-09-12 15:13:11.031701+00:00,,
2026,1,2026_01_MIA_LV,LV,MIA,2026-09-13 20:25:00+00:00,c5d95f48a16849ab6bebc68fbbfcb74a,draftkings,player_reception_yds,Caleb Douglas,00-0041523,MIA,26.5,-111,-113,2026-09-12 15:12:51.664996+00:00,39.538230000000006,29.0,0.5288,2026-09-12 15:13:11.123144+00:00,,
2026,1,2026_01_MIA_LV,LV,MIA,2026-09-13 20:25:00+00:00,c5d95f48a16849ab6bebc68fbbfcb74a,draftkings,player_reception_yds,Malik Washington,00-0039880,MIA,26.5,-109,-115,2026-09-12 15:12:51.664996+00:00,32.22061,25.8,0.4903,2026-09-12 15:13:11.232161+00:00,,
2026,1,2026_01_MIA_LV,LV,MIA,2026-09-13 20:25:00+00:00,c5d95f48a16849ab6bebc68fbbfcb74a,draftkings,player_reception_yds,Greg Dulcich,00-0037252,MIA,24.5,-112,-112,2026-09-12 15:12:51.664996+00:00,36.079915,27.9,0.54705,2026-09-12 15:13:11.340965+00:00,,
2026,1,2026_01_MIA_LV,LV,MIA,2026-09-13 20:25:00+00:00,c5d95f48a16849ab6bebc68fbbfcb74a,draftkings,player_reception_yds,Chris Bell,00-0041525,MIA,18.5,-108,-116,2026-09-12 15:12:51.664996+00:00,24.484215,14.0,0.433,2026-09-12 15:13:11.432101+00:00,,
2026,1,2026_01_MIA_LV,LV,MIA,2026-09-13 20:25:00+00:00,c5d95f48a16849ab6bebc68fbbfcb74a,draftkings,player_reception_yds,Jack Bech,00-0040729,LV,17.5,-116,-109,2026-09-12 15:12:51.664996+00:00,26.25942,17.4,0.49715,2026-09-12 15:13:11.551380+00:00,,
2026,1,2026_01_MIA_LV,LV,MIA,2026-09-13 20:25:00+00:00,c5d95f48a16849ab6bebc68fbbfcb74a,draftkings,player_reception_yds,Ashton Jeanty,00-0040122,LV,17.5,-107,-117,2026-09-12 15:12:51.664996+00:00,26.420805,16.9,0.4881,2026-09-12 15:13:11.669045+00:00,,
2026,1,2026_01_MIA_LV,LV,MIA,2026-09-13 20:25:00+00:00,c5d95f48a16849ab6bebc68fbbfcb74a,draftkings,player_reception_yds,Jalen Tolbert,00-0037666,MIA,11.5,-117,-107,2026-09-12 15:12:51.664996+00:00,16.69123,7.6,0.42875,2026-09-12 15:13:11.779844+00:00,,
2026,1,2026_01_MIA_LV,LV,MIA,2026-09-13 20:25:00+00:00,c5d95f48a16849ab6bebc68fbbfcb74a,draftkings,player_rush_yds,De'Von Achane,00-0039040,MIA,69.5,-114,-110,2026-09-12 15:12:51.664996+00:00,76.46035499999999,68.2,0.4884,2026-09-12 15:13:11.881938+00:00,,
2026,1,2026_01_MIA_LV,LV,MIA,2026-09-13 20:25:00+00:00,c5d95f48a16849ab6bebc68fbbfcb74a,draftkings,player_rush_yds,Ashton Jeanty,00-0040122,LV,59.5,-113,-111,2026-09-12 15:12:51.664996+00:00,50.33116999999999,44.9,0.3315,2026-09-12 15:13:11.994115+00:00,,
2026,1,2026_01_MIA_LV,LV,MIA,2026-09-13 20:25:00+00:00,c5d95f48a16849ab6bebc68fbbfcb74a,draftkings,player_rush_yds,Malik Willis,00-0038128,MIA,40.5,-110,-114,2026-09-12 15:12:51.664996+00:00,28.386815,15.0,0.2472,2026-09-12 15:13:12.094955+00:00,,
2026,1,2026_01_MIA_LV,LV,MIA,2026-09-13 20:25:00+00:00,c5d95f48a16849ab6bebc68fbbfcb74a,draftkings,player_rush_yds,Mike Washington Jr.,WAS569019,LV,28.5,-112,-112,2026-09-12 15:12:51.664996+00:00,15.5549,11.2,0.1759,2026-09-12 15:13:12.183462+00:00,,
2026,1,2026_01_MIA_LV,LV,MIA,2026-09-13 20:25:00+00:00,c5d95f48a16849ab6bebc68fbbfcb74a,draftkings,player_rush_yds,Kirk Cousins,00-0029604,LV,0.5,115,-144,2026-09-12 15:12:51.664996+00:00,14.33999,10.2,0.8472,2026-09-12 15:13:12.292247+00:00,,
2026,1,2026_01_MIA_LV,LV,MIA,2026-09-13 20:25:00+00:00,c5d95f48a16849ab6bebc68fbbfcb74a,betrivers,player_reception_yds,Caleb Douglas,00-0041523,MIA,26.5,-115,-115,2026-09-12 15:12:51.664996+00:00,39.538230000000006,29.0,0.5288,2026-09-12 15:13:12.292697+00:00,,
2026,1,2026_01_MIA_LV,LV,MIA,2026-09-13 20:25:00+00:00,c5d95f48a16849ab6bebc68fbbfcb74a,betrivers,player_reception_yds,Jack Bech,00-0040729,LV,18.5,-112,-120,2026-09-12 15:12:51.664996+00:00,26.25942,17.4,0.48415,2026-09-12 15:13:12.293120+00:00,,
2026,1,2026_01_MIA_LV,LV,MIA,2026-09-13 20:25:00+00:00,c5d95f48a16849ab6bebc68fbbfcb74a,betrivers,player_reception_yds,Ashton Jeanty,00-0040122,LV,18.5,-115,-115,2026-09-12 15:12:51.664996+00:00,26.420805,16.9,0.4697,2026-09-12 15:13:12.293498+00:00,,
2026,1,2026_01_MIA_LV,LV,MIA,2026-09-13 20:25:00+00:00,c5d95f48a16849ab6bebc68fbbfcb74a,betrivers,player_reception_yds,Malik Washington,00-0039880,MIA,27.5,-117,-114,2026-09-12 15:12:51.664996+00:00,32.22061,25.8,0.4759,2026-09-12 15:13:12.293857+00:00,,
2026,1,2026_01_MIA_LV,LV,MIA,2026-09-13 20:25:00+00:00,c5d95f48a16849ab6bebc68fbbfcb74a,betrivers,player_reception_yds,De'Von Achane,00-0039040,MIA,28.5,-112,-120,2026-09-12 15:12:51.664996+00:00,19.947119999999995,15.1,0.24655,2026-09-12 15:13:12.294255+00:00,,
2026,1,2026_01_MIA_LV,LV,MIA,2026-09-13 20:25:00+00:00,c5d95f48a16849ab6bebc68fbbfcb74a,betrivers,player_reception_yds,Michael Mayer,00-0039066,LV,41.5,-115,-115,2026-09-12 15:12:51.664996+00:00,58.390420000000006,49.9,0.58345,2026-09-12 15:13:12.294640+00:00,,
2026,1,2026_01_MIA_LV,LV,MIA,2026-09-13 20:25:00+00:00,c5d95f48a16849ab6bebc68fbbfcb74a,betrivers,player_reception_yds,Jalen Nailor,00-0037291,LV,37.5,-117,-114,2026-09-12 15:12:51.664996+00:00,36.831095,26.6,0.3838,2026-09-12 15:13:12.295005+00:00,,
2026,1,2026_01_MIA_LV,LV,MIA,2026-09-13 20:25:00+00:00,c5d95f48a16849ab6bebc68fbbfcb74a,betrivers,player_reception_yds,Tre Tucker,00-0038563,LV,47.5,-113,-118,2026-09-12 15:12:51.664996+00:00,46.650485,33.9,0.36935,2026-09-12 15:13:12.295420+00:00,,
2026,1,2026_01_MIA_LV,LV,MIA,2026-09-13 20:25:00+00:00,c5d95f48a16849ab6bebc68fbbfcb74a,betrivers,player_reception_yds,Jalen Tolbert,00-0037666,MIA,11.5,-113,-117,2026-09-12 15:12:51.664996+00:00,16.69123,7.6,0.42875,2026-09-12 15:13:12.295802+00:00,,
2026,1,2026_01_MIA_LV,LV,MIA,2026-09-13 20:25:00+00:00,c5d95f48a16849ab6bebc68fbbfcb74a,betrivers,player_reception_yds,Chris Bell,00-0041525,MIA,16.5,-113,-118,2026-09-12 15:12:51.664996+00:00,24.484215,14.0,0.46195,2026-09-12 15:13:12.296226+00:00,,
2026,1,2026_01_MIA_LV,LV,MIA,2026-09-13 20:25:00+00:00,c5d95f48a16849ab6bebc68fbbfcb74a,betrivers,player_reception_yds,Greg Dulcich,00-0037252,MIA,26.5,-115,-115,2026-09-12 15:12:51.664996+00:00,36.079915,27.9,0.5183,2026-09-12 15:13:12.296652+00:00,,
2026,1,2026_01_MIA_LV,LV,MIA,2026-09-13 20:25:00+00:00,c5d95f48a16849ab6bebc68fbbfcb74a,betrivers,player_rush_yds,De'Von Achane,00-0039040,MIA,66.5,-115,-115,2026-09-12 15:12:51.664996+00:00,76.46035499999999,68.2,0.51365,2026-09-12 15:13:12.297011+00:00,,
2026,1,2026_01_MIA_LV,LV,MIA,2026-09-13 20:25:00+00:00,c5d95f48a16849ab6bebc68fbbfcb74a,betrivers,player_rush_yds,Ashton Jeanty,00-0040122,LV,57.5,-118,-113,2026-09-12 15:12:51.664996+00:00,50.33116999999999,44.9,0.35235,2026-09-12 15:13:12.297416+00:00,,
2026,1,2026_01_MIA_LV,LV,MIA,2026-09-13 20:25:00+00:00,c5d95f48a16849ab6bebc68fbbfcb74a,betrivers,player_rush_yds,Mike Washington Jr.,WAS569019,LV,26.5,-121,-110,2026-09-12 15:12:51.664996+00:00,15.5549,11.2,0.19945,2026-09-12 15:13:12.297843+00:00,,
2026,1,2026_01_MIA_LV,LV,MIA,2026-09-13 20:25:00+00:00,c5d95f48a16849ab6bebc68fbbfcb74a,betrivers,player_rush_yds,Malik Willis,00-0038128,MIA,37.5,-117,-114,2026-09-12 15:12:51.664996+00:00,28.386815,15.0,0.26765,2026-09-12 15:13:12.298265+00:00,,
2026,1,2026_01_MIA_LV,LV,MIA,2026-09-13 20:25:00+00:00,c5d95f48a16849ab6bebc68fbbfcb74a,fanduel,player_reception_yds,Chris Bell,00-0041525,MIA,17.5,-114,-114,2026-09-12 15:12:51.664996+00:00,24.484215,14.0,0.4474,2026-09-12 15:13:12.298678+00:00,,
2026,1,2026_01_MIA_LV,LV,MIA,2026-09-13 20:25:00+00:00,c5d95f48a16849ab6bebc68fbbfcb74a,fanduel,player_reception_yds,Ashton Jeanty,00-0040122,LV,17.5,-114,-114,2026-09-12 15:12:51.664996+00:00,26.420805,16.9,0.4881,2026-09-12 15:13:12.299044+00:00,,
2026,1,2026_01_MIA_LV,LV,MIA,2026-09-13 20:25:00+00:00,c5d95f48a16849ab6bebc68fbbfcb74a,fanduel,player_reception_yds,Malik Washington,00-0039880,MIA,27.5,-114,-114,2026-09-12 15:12:51.664996+00:00,32.22061,25.8,0.4759,2026-09-12 15:13:12.299394+00:00,,
2026,1,2026_01_MIA_LV,LV,MIA,2026-09-13 20:25:00+00:00,c5d95f48a16849ab6bebc68fbbfcb74a,fanduel,player_reception_yds,Tre Tucker,00-0038563,LV,45.5,-114,-114,2026-09-12 15:12:51.664996+00:00,46.650485,33.9,0.38565,2026-09-12 15:13:12.299803+00:00,,
2026,1,2026_01_MIA_LV,LV,MIA,2026-09-13 20:25:00+00:00,c5d95f48a16849ab6bebc68fbbfcb74a,fanduel,player_reception_yds,Jalen Nailor,00-0037291,LV,37.5,-114,-114,2026-09-12 15:12:51.664996+00:00,36.831095,26.6,0.3838,2026-09-12 15:13:12.300161+00:00,,
2026,1,2026_01_MIA_LV,LV,MIA,2026-09-13 20:25:00+00:00,c5d95f48a16849ab6bebc68fbbfcb74a,fanduel,player_reception_yds,Caleb Douglas,00-0041523,MIA,25.5,-114,-114,2026-09-12 15:12:51.664996+00:00,39.538230000000006,29.0,0.54205,2026-09-12 15:13:12.300550+00:00,,
2026,1,2026_01_MIA_LV,LV,MIA,2026-09-13 20:25:00+00:00,c5d95f48a16849ab6bebc68fbbfcb74a,fanduel,player_reception_yds,Jalen Tolbert,00-0037666,MIA,12.5,-114,-114,2026-09-12 15:12:51.664996+00:00,16.69123,7.6,0.41335,2026-09-12 15:13:12.300927+00:00,,
2026,1,2026_01_MIA_LV,LV,MIA,2026-09-13 20:25:00+00:00,c5d95f48a16849ab6bebc68fbbfcb74a,fanduel,player_reception_yds,Michael Mayer,00-0039066,LV,39.5,-114,-114,2026-09-12 15:12:51.664996+00:00,58.390420000000006,49.9,0.6055,2026-09-12 15:13:12.301304+00:00,,
2026,1,2026_01_MIA_LV,LV,MIA,2026-09-13 20:25:00+00:00,c5d95f48a16849ab6bebc68fbbfcb74a,fanduel,player_reception_yds,Jack Bech,00-0040729,LV,18.5,-114,-114,2026-09-12 15:12:51.664996+00:00,26.25942,17.4,0.48415,2026-09-12 15:13:12.301704+00:00,,
2026,1,2026_01_MIA_LV,LV,MIA,2026-09-13 20:25:00+00:00,c5d95f48a16849ab6bebc68fbbfcb74a,fanduel,player_reception_yds,De'Von Achane,00-0039040,MIA,27.5,-114,-114,2026-09-12 15:12:51.664996+00:00,19.947119999999995,15.1,0.26055,2026-09-12 15:13:12.302096+00:00,,
2026,1,2026_01_MIA_LV,LV,MIA,2026-09-13 20:25:00+00:00,c5d95f48a16849ab6bebc68fbbfcb74a,fanduel,player_reception_yds,Greg Dulcich,00-0037252,MIA,26.5,-114,-114,2026-09-12 15:12:51.664996+00:00,36.079915,27.9,0.5183,2026-09-12 15:13:12.302520+00:00,,
2026,1,2026_01_MIA_LV,LV,MIA,2026-09-13 20:25:00+00:00,c5d95f48a16849ab6bebc68fbbfcb74a,fanduel,player_rush_yds,Ashton Jeanty,00-0040122,LV,58.5,-114,-114,2026-09-12 15:12:51.664996+00:00,50.33116999999999,44.9,0.34225,2026-09-12 15:13:12.302923+00:00,,
2026,1,2026_01_MIA_LV,LV,MIA,2026-09-13 20:25:00+00:00,c5d95f48a16849ab6bebc68fbbfcb74a,fanduel,player_rush_yds,Kirk Cousins,00-0029604,LV,0.5,120,-156,2026-09-12 15:12:51.664996+00:00,14.33999,10.2,0.8472,2026-09-12 15:13:12.303340+00:00,,
2026,1,2026_01_MIA_LV,LV,MIA,2026-09-13 20:25:00+00:00,c5d95f48a16849ab6bebc68fbbfcb74a,fanduel,player_rush_yds,De'Von Achane,00-0039040,MIA,68.5,-114,-114,2026-09-12 15:12:51.664996+00:00,76.46035499999999,68.2,0.49755,2026-09-12 15:13:12.303697+00:00,,
2026,1,2026_01_MIA_LV,LV,MIA,2026-09-13 20:25:00+00:00,c5d95f48a16849ab6bebc68fbbfcb74a,fanduel,player_rush_yds,Mike Washington Jr.,WAS569019,LV,27.5,-114,-114,2026-09-12 15:12:51.664996+00:00,15.5549,11.2,0.18665,2026-09-12 15:13:12.304120+00:00,,
2026,1,2026_01_MIA_LV,LV,MIA,2026-09-13 20:25:00+00:00,c5d95f48a16849ab6bebc68fbbfcb74a,fanduel,player_rush_yds,Malik Willis,00-0038128,MIA,39.5,-114,-114,2026-09-12 15:12:51.664996+00:00,28.386815,15.0,0.2536,2026-09-12 15:13:12.304543+00:00,,
2026,1,2026_01_MIA_LV,LV,MIA,2026-09-13 20:25:00+00:00,c5d95f48a16849ab6bebc68fbbfcb74a,betonlineag,player_reception_yds,Malik Washington,00-0039880,MIA,26.5,-111,-116,2026-09-12 15:12:51.664996+00:00,32.22061,25.8,0.4903,2026-09-12 15:13:12.304893+00:00,,
2026,1,2026_01_MIA_LV,LV,MIA,2026-09-13 20:25:00+00:00,c5d95f48a16849ab6bebc68fbbfcb74a,betonlineag,player_reception_yds,Caleb Douglas,00-0041523,MIA,25.5,-116,-111,2026-09-12 15:12:51.664996+00:00,39.538230000000006,29.0,0.54205,2026-09-12 15:13:12.305292+00:00,,
2026,1,2026_01_MIA_LV,LV,MIA,2026-09-13 20:25:00+00:00,c5d95f48a16849ab6bebc68fbbfcb74a,betonlineag,player_reception_yds,Greg Dulcich,00-0037252,MIA,26.5,-120,-108,2026-09-12 15:12:51.664996+00:00,36.079915,27.9,0.5183,2026-09-12 15:13:12.305716+00:00,,
2026,1,2026_01_MIA_LV,LV,MIA,2026-09-13 20:25:00+00:00,c5d95f48a16849ab6bebc68fbbfcb74a,betonlineag,player_reception_yds,De'Von Achane,00-0039040,MIA,27.5,-115,-112,2026-09-12 15:12:51.664996+00:00,19.947119999999995,15.1,0.26055,2026-09-12 15:13:12.306106+00:00,,
2026,1,2026_01_MIA_LV,LV,MIA,2026-09-13 20:25:00+00:00,c5d95f48a16849ab6bebc68fbbfcb74a,betonlineag,player_reception_yds,Jack Bech,00-0040729,LV,18.5,-114,-114,2026-09-12 15:12:51.664996+00:00,26.25942,17.4,0.48415,2026-09-12 15:13:12.306506+00:00,,
2026,1,2026_01_MIA_LV,LV,MIA,2026-09-13 20:25:00+00:00,c5d95f48a16849ab6bebc68fbbfcb74a,betonlineag,player_reception_yds,Tre Tucker,00-0038563,LV,46.5,-115,-112,2026-09-12 15:12:51.664996+00:00,46.650485,33.9,0.3768,2026-09-12 15:13:12.306916+00:00,,
2026,1,2026_01_MIA_LV,LV,MIA,2026-09-13 20:25:00+00:00,c5d95f48a16849ab6bebc68fbbfcb74a,betonlineag,player_reception_yds,Ashton Jeanty,00-0040122,LV,17.5,-114,-114,2026-09-12 15:12:51.664996+00:00,26.420805,16.9,0.4881,2026-09-12 15:13:12.307290+00:00,,
2026,1,2026_01_MIA_LV,LV,MIA,2026-09-13 20:25:00+00:00,c5d95f48a16849ab6bebc68fbbfcb74a,betonlineag,player_reception_yds,Michael Mayer,00-0039066,LV,41.5,-114,-114,2026-09-12 15:12:51.664996+00:00,58.390420000000006,49.9,0.58345,2026-09-12 15:13:12.307663+00:00,,
2026,1,2026_01_MIA_LV,LV,MIA,2026-09-13 20:25:00+00:00,c5d95f48a16849ab6bebc68fbbfcb74a,betonlineag,player_reception_yds,Jalen Nailor,00-0037291,LV,37.5,-114,-114,2026-09-12 15:12:51.664996+00:00,36.831095,26.6,0.3838,2026-09-12 15:13:12.308020+00:00,,
2026,1,2026_01_MIA_LV,LV,MIA,2026-09-13 20:25:00+00:00,c5d95f48a16849ab6bebc68fbbfcb74a,betonlineag,player_reception_yds,Chris Bell,00-0041525,MIA,17.5,-114,-114,2026-09-12 15:12:51.664996+00:00,24.484215,14.0,0.4474,2026-09-12 15:13:12.308434+00:00,,
2026,1,2026_01_MIA_LV,LV,MIA,2026-09-13 20:25:00+00:00,c5d95f48a16849ab6bebc68fbbfcb74a,betonlineag,player_reception_yds,Jalen Tolbert,00-0037666,MIA,12.5,-114,-114,2026-09-12 15:12:51.664996+00:00,16.69123,7.6,0.41335,2026-09-12 15:13:12.308809+00:00,,
2026,1,2026_01_MIA_LV,LV,MIA,2026-09-13 20:25:00+00:00,c5d95f48a16849ab6bebc68fbbfcb74a,betonlineag,player_rush_yds,De'Von Achane,00-0039040,MIA,68.5,-116,-111,2026-09-12 15:12:51.664996+00:00,76.46035499999999,68.2,0.49755,2026-09-12 15:13:12.309170+00:00,,
2026,1,2026_01_MIA_LV,LV,MIA,2026-09-13 20:25:00+00:00,c5d95f48a16849ab6bebc68fbbfcb74a,betonlineag,player_rush_yds,Malik Willis,00-0038128,MIA,42.5,-114,-114,2026-09-12 15:12:51.664996+00:00,28.386815,15.0,0.23385,2026-09-12 15:13:12.309590+00:00,,
2026,1,2026_01_MIA_LV,LV,MIA,2026-09-13 20:25:00+00:00,c5d95f48a16849ab6bebc68fbbfcb74a,betonlineag,player_rush_yds,Ashton Jeanty,00-0040122,LV,59.5,-114,-114,2026-09-12 15:12:51.664996+00:00,50.33116999999999,44.9,0.3315,2026-09-12 15:13:12.309988+00:00,,
2026,1,2026_01_MIA_LV,LV,MIA,2026-09-13 20:25:00+00:00,c5d95f48a16849ab6bebc68fbbfcb74a,betonlineag,player_rush_yds,Mike Washington Jr.,WAS569019,LV,28.5,-118,-110,2026-09-12 15:12:51.664996+00:00,15.5549,11.2,0.1759,2026-09-12 15:13:12.310407+00:00,,
2026,1,2026_01_MIA_LV,LV,MIA,2026-09-13 20:25:00+00:00,c5d95f48a16849ab6bebc68fbbfcb74a,betmgm,player_reception_yds,Tre Tucker,00-0038563,LV,46.5,-115,-115,2026-09-12 15:12:51.664996+00:00,46.650485,33.9,0.3768,2026-09-12 15:13:12.310816+00:00,,
2026,1,2026_01_MIA_LV,LV,MIA,2026-09-13 20:25:00+00:00,c5d95f48a16849ab6bebc68fbbfcb74a,betmgm,player_reception_yds,Michael Mayer,00-0039066,LV,39.5,-111,-120,2026-09-12 15:12:51.664996+00:00,58.390420000000006,49.9,0.6055,2026-09-12 15:13:12.311188+00:00,,
2026,1,2026_01_MIA_LV,LV,MIA,2026-09-13 20:25:00+00:00,c5d95f48a16849ab6bebc68fbbfcb74a,betmgm,player_reception_yds,De'Von Achane,00-0039040,MIA,29.5,-111,-120,2026-09-12 15:12:51.664996+00:00,19.947119999999995,15.1,0.2341,2026-09-12 15:13:12.311572+00:00,,
2026,1,2026_01_MIA_LV,LV,MIA,2026-09-13 20:25:00+00:00,c5d95f48a16849ab6bebc68fbbfcb74a,betmgm,player_reception_yds,Caleb Douglas,00-0041523,MIA,27.5,-115,-115,2026-09-12 15:12:51.664996+00:00,39.538230000000006,29.0,0.51755,2026-09-12 15:13:12.311960+00:00,,
2026,1,2026_01_MIA_LV,LV,MIA,2026-09-13 20:25:00+00:00,c5d95f48a16849ab6bebc68fbbfcb74a,betmgm,player_reception_yds,Jalen Nailor,00-0037291,LV,37.5,-115,-115,2026-09-12 15:12:51.664996+00:00,36.831095,26.6,0.3838,2026-09-12 15:13:12.312318+00:00,,
2026,1,2026_01_MIA_LV,LV,MIA,2026-09-13 20:25:00+00:00,c5d95f48a16849ab6bebc68fbbfcb74a,betmgm,player_reception_yds,Greg Dulcich,00-0037252,MIA,26.5,-120,-111,2026-09-12 15:12:51.664996+00:00,36.079915,27.9,0.5183,2026-09-12 15:13:12.312734+00:00,,
2026,1,2026_01_MIA_LV,LV,MIA,2026-09-13 20:25:00+00:00,c5d95f48a16849ab6bebc68fbbfcb74a,betmgm,player_reception_yds,Malik Washington,00-0039880,MIA,25.5,-115,-115,2026-09-12 15:12:51.664996+00:00,32.22061,25.8,0.50545,2026-09-12 15:13:12.313082+00:00,,
2026,1,2026_01_MIA_LV,LV,MIA,2026-09-13 20:25:00+00:00,c5d95f48a16849ab6bebc68fbbfcb74a,betmgm,player_reception_yds,Jack Bech,00-0040729,LV,19.5,-120,-110,2026-09-12 15:12:51.664996+00:00,26.25942,17.4,0.4713,2026-09-12 15:13:12.313480+00:00,,
2026,1,2026_01_MIA_LV,LV,MIA,2026-09-13 20:25:00+00:00,c5d95f48a16849ab6bebc68fbbfcb74a,betmgm,player_reception_yds,Ashton Jeanty,00-0040122,LV,18.5,-115,-115,2026-09-12 15:12:51.664996+00:00,26.420805,16.9,0.4697,2026-09-12 15:13:12.313840+00:00,,
2026,1,2026_01_MIA_LV,LV,MIA,2026-09-13 20:25:00+00:00,c5d95f48a16849ab6bebc68fbbfcb74a,betmgm,player_rush_yds,De'Von Achane,00-0039040,MIA,69.5,-115,-115,2026-09-12 15:12:51.664996+00:00,76.46035499999999,68.2,0.4884,2026-09-12 15:13:12.314197+00:00,,
2026,1,2026_01_MIA_LV,LV,MIA,2026-09-13 20:25:00+00:00,c5d95f48a16849ab6bebc68fbbfcb74a,betmgm,player_rush_yds,Malik Willis,00-0038128,MIA,37.5,-140,105,2026-09-12 15:12:51.664996+00:00,28.386815,15.0,0.26765,2026-09-12 15:13:12.314616+00:00,,
2026,1,2026_01_MIA_LV,LV,MIA,2026-09-13 20:25:00+00:00,c5d95f48a16849ab6bebc68fbbfcb74a,betmgm,player_rush_yds,Ashton Jeanty,00-0040122,LV,60.5,-115,-115,2026-09-12 15:12:51.664996+00:00,50.33116999999999,44.9,0.3217,2026-09-12 15:13:12.315016+00:00,,
2026,1,2026_01_MIA_LV,LV,MIA,2026-09-13 20:25:00+00:00,c5d95f48a16849ab6bebc68fbbfcb74a,bovada,player_reception_yds,Ashton Jeanty,00-0040122,LV,17.5,-110,-120,2026-09-12 15:12:51.664996+00:00,26.420805,16.9,0.4881,2026-09-12 15:13:12.315388+00:00,,
2026,1,2026_01_MIA_LV,LV,MIA,2026-09-13 20:25:00+00:00,c5d95f48a16849ab6bebc68fbbfcb74a,bovada,player_reception_yds,Caleb Douglas,00-0041523,MIA,26.5,-115,-115,2026-09-12 15:12:51.664996+00:00,39.538230000000006,29.0,0.5288,2026-09-12 15:13:12.315787+00:00,,
2026,1,2026_01_MIA_LV,LV,MIA,2026-09-13 20:25:00+00:00,c5d95f48a16849ab6bebc68fbbfcb74a,bovada,player_reception_yds,De'Von Achane,00-0039040,MIA,27.5,-115,-115,2026-09-12 15:12:51.664996+00:00,19.947119999999995,15.1,0.26055,2026-09-12 15:13:12.316178+00:00,,
2026,1,2026_01_MIA_LV,LV,MIA,2026-09-13 20:25:00+00:00,c5d95f48a16849ab6bebc68fbbfcb74a,bovada,player_reception_yds,Greg Dulcich,00-0037252,MIA,24.5,-115,-115,2026-09-12 15:12:51.664996+00:00,36.079915,27.9,0.54705,2026-09-12 15:13:12.316611+00:00,,
2026,1,2026_01_MIA_LV,LV,MIA,2026-09-13 20:25:00+00:00,c5d95f48a16849ab6bebc68fbbfcb74a,bovada,player_reception_yds,Jack Bech,00-0040729,LV,17.5,-120,-110,2026-09-12 15:12:51.664996+00:00,26.25942,17.4,0.49715,2026-09-12 15:13:12.317006+00:00,,
2026,1,2026_01_MIA_LV,LV,MIA,2026-09-13 20:25:00+00:00,c5d95f48a16849ab6bebc68fbbfcb74a,bovada,player_reception_yds,Jalen Nailor,00-0037291,LV,37.5,-115,-115,2026-09-12 15:12:51.664996+00:00,36.831095,26.6,0.3838,2026-09-12 15:13:12.317360+00:00,,
2026,1,2026_01_MIA_LV,LV,MIA,2026-09-13 20:25:00+00:00,c5d95f48a16849ab6bebc68fbbfcb74a,bovada,player_reception_yds,Malik Washington,00-0039880,MIA,26.5,-110,-120,2026-09-12 15:12:51.664996+00:00,32.22061,25.8,0.4903,2026-09-12 15:13:12.317706+00:00,,
2026,1,2026_01_MIA_LV,LV,MIA,2026-09-13 20:25:00+00:00,c5d95f48a16849ab6bebc68fbbfcb74a,bovada,player_reception_yds,Michael Mayer,00-0039066,LV,40.5,-115,-115,2026-09-12 15:12:51.664996+00:00,58.390420000000006,49.9,0.59375,2026-09-12 15:13:12.318076+00:00,,
2026,1,2026_01_MIA_LV,LV,MIA,2026-09-13 20:25:00+00:00,c5d95f48a16849ab6bebc68fbbfcb74a,bovada,player_reception_yds,Tre Tucker,00-0038563,LV,47.5,-115,-115,2026-09-12 15:12:51.664996+00:00,46.650485,33.9,0.36935,2026-09-12 15:13:12.318489+00:00,,
2026,1,2026_01_MIA_LV,LV,MIA,2026-09-13 20:25:00+00:00,c5d95f48a16849ab6bebc68fbbfcb74a,bovada,player_rush_yds,Ashton Jeanty,00-0040122,LV,59.5,-115,-115,2026-09-12 15:12:51.664996+00:00,50.33116999999999,44.9,0.3315,2026-09-12 15:13:12.318891+00:00,,
2026,1,2026_01_MIA_LV,LV,MIA,2026-09-13 20:25:00+00:00,c5d95f48a16849ab6bebc68fbbfcb74a,bovada,player_rush_yds,De'Von Achane,00-0039040,MIA,69.5,-115,-115,2026-09-12 15:12:51.664996+00:00,76.46035499999999,68.2,0.4884,2026-09-12 15:13:12.319252+00:00,,
2026,1,2026_01_MIA_LV,LV,MIA,2026-09-13 20:25:00+00:00,c5d95f48a16849ab6bebc68fbbfcb74a,bovada,player_rush_yds,Kirk Cousins,00-0029604,LV,0.5,115,-150,2026-09-12 15:12:51.664996+00:00,14.33999,10.2,0.8472,2026-09-12 15:13:12.319672+00:00,,
2026,1,2026_01_MIA_LV,LV,MIA,2026-09-13 20:25:00+00:00,c5d95f48a16849ab6bebc68fbbfcb74a,bovada,player_rush_yds,Malik Willis,00-0038128,MIA,40.5,-115,-115,2026-09-12 15:12:51.664996+00:00,28.386815,15.0,0.2472,2026-09-12 15:13:12.320106+00:00,,
2026,1,2026_01_WAS_PHI,PHI,WAS,2026-09-13 20:25:00+00:00,17885cb8dcade8f6c3bce14b2de805e8,draftkings,player_reception_yds,DeVonta Smith,00-0036912,PHI,66.5,-113,-111,2026-09-12 15:12:51.863846+00:00,61.25079,52.1,0.37465,2026-09-12 15:13:12.437884+00:00,,
2026,1,2026_01_WAS_PHI,PHI,WAS,2026-09-13 20:25:00+00:00,17885cb8dcade8f6c3bce14b2de805e8,draftkings,player_reception_yds,Terry McLaurin,00-0035659,WAS,49.5,-113,-111,2026-09-12 15:12:51.863846+00:00,54.390015000000005,45.0,0.45745,2026-09-12 15:13:12.556750+00:00,,
2026,1,2026_01_WAS_PHI,PHI,WAS,2026-09-13 20:25:00+00:00,17885cb8dcade8f6c3bce14b2de805e8,draftkings,player_reception_yds,Stefon Diggs,00-0031588,WAS,40.5,-111,-113,2026-09-12 15:12:51.863846+00:00,43.34204,34.9,0.4393,2026-09-12 15:13:12.672464+00:00,,
2026,1,2026_01_WAS_PHI,PHI,WAS,2026-09-13 20:25:00+00:00,17885cb8dcade8f6c3bce14b2de805e8,draftkings,player_reception_yds,Dallas Goedert,00-0034351,PHI,36.5,-114,-110,2026-09-12 15:12:51.863846+00:00,43.97093,33.9,0.46945,2026-09-12 15:13:12.793047+00:00,,
2026,1,2026_01_WAS_PHI,PHI,WAS,2026-09-13 20:25:00+00:00,17885cb8dcade8f6c3bce14b2de805e8,draftkings,player_reception_yds,Dontayvion Wicks,00-0038393,PHI,28.5,-114,-110,2026-09-12 15:12:51.863846+00:00,29.171575,20.7,0.39305,2026-09-12 15:13:12.907833+00:00,,
2026,1,2026_01_WAS_PHI,PHI,WAS,2026-09-13 20:25:00+00:00,17885cb8dcade8f6c3bce14b2de805e8,draftkings,player_reception_yds,Chig Okonkwo,00-0037809,WAS,25.5,-113,-111,2026-09-12 15:12:51.863846+00:00,24.795070000000003,17.0,0.36285,2026-09-12 15:13:13.024621+00:00,,
2026,1,2026_01_WAS_PHI,PHI,WAS,2026-09-13 20:25:00+00:00,17885cb8dcade8f6c3bce14b2de805e8,draftkings,player_reception_yds,Makai Lemon,00-0040867,PHI,24.5,-109,-115,2026-09-12 15:12:51.863846+00:00,24.81111,14.3,0.36455,2026-09-12 15:13:13.120049+00:00,,
2026,1,2026_01_WAS_PHI,PHI,WAS,2026-09-13 20:25:00+00:00,17885cb8dcade8f6c3bce14b2de805e8,draftkings,player_reception_yds,Saquon Barkley,00-0034844,PHI,15.5,-117,-107,2026-09-12 15:12:51.863846+00:00,13.065635,7.2,0.30515,2026-09-12 15:13:13.232763+00:00,,
2026,1,2026_01_WAS_PHI,PHI,WAS,2026-09-13 20:25:00+00:00,17885cb8dcade8f6c3bce14b2de805e8,draftkings,player_reception_yds,Rachaad White,00-0037256,WAS,14.5,-117,-107,2026-09-12 15:12:51.863846+00:00,8.759845,4.2,0.2203,2026-09-12 15:13:13.346715+00:00,,
2026,1,2026_01_WAS_PHI,PHI,WAS,2026-09-13 20:25:00+00:00,17885cb8dcade8f6c3bce14b2de805e8,draftkings,player_reception_yds,Jacory Croskey-Merritt,00-0040242,WAS,6.5,-119,-106,2026-09-12 15:12:51.863846+00:00,8.73658,3.1,0.38275,2026-09-12 15:13:13.461966+00:00,,
2026,1,2026_01_WAS_PHI,PHI,WAS,2026-09-13 20:25:00+00:00,17885cb8dcade8f6c3bce14b2de805e8,draftkings,player_rush_yds,Saquon Barkley,00-0034844,PHI,76.5,-114,-110,2026-09-12 15:12:51.863846+00:00,90.513555,81.8,0.5394,2026-09-12 15:13:13.566601+00:00,,
2026,1,2026_01_WAS_PHI,PHI,WAS,2026-09-13 20:25:00+00:00,17885cb8dcade8f6c3bce14b2de805e8,draftkings,player_rush_yds,Jacory Croskey-Merritt,00-0040242,WAS,39.5,-114,-110,2026-09-12 15:12:51.863846+00:00,51.014065,44.7,0.56335,2026-09-12 15:13:13.674951+00:00,,
2026,1,2026_01_WAS_PHI,PHI,WAS,2026-09-13 20:25:00+00:00,17885cb8dcade8f6c3bce14b2de805e8,draftkings,player_rush_yds,Jayden Daniels,00-0039910,WAS,36.5,-116,-108,2026-09-12 15:12:51.863846+00:00,39.388740000000006,33.2,0.45405,2026-09-12 15:13:13.782148+00:00,,
2026,1,2026_01_WAS_PHI,PHI,WAS,2026-09-13 20:25:00+00:00,17885cb8dcade8f6c3bce14b2de805e8,draftkings,player_rush_yds,Jalen Hurts,00-0036389,PHI,29.5,-116,-108,2026-09-12 15:12:51.863846+00:00,32.041135,25.6,0.4417,2026-09-12 15:13:13.889471+00:00,,
2026,1,2026_01_WAS_PHI,PHI,WAS,2026-09-13 20:25:00+00:00,17885cb8dcade8f6c3bce14b2de805e8,draftkings,player_rush_yds,Rachaad White,00-0037256,WAS,23.5,-111,-113,2026-09-12 15:12:51.863846+00:00,41.524915,29.7,0.56885,2026-09-12 15:13:13.996215+00:00,,
2026,1,2026_01_WAS_PHI,PHI,WAS,2026-09-13 20:25:00+00:00,17885cb8dcade8f6c3bce14b2de805e8,draftkings,player_rush_yds,Tank Bigsby,00-0038555,PHI,17.5,-114,-110,2026-09-12 15:12:51.863846+00:00,37.965525,15.0,0.4758,2026-09-12 15:13:14.101082+00:00,,
2026,1,2026_01_WAS_PHI,PHI,WAS,2026-09-13 20:25:00+00:00,17885cb8dcade8f6c3bce14b2de805e8,fanduel,player_reception_yds,Chig Okonkwo,00-0037809,WAS,25.5,-114,-114,2026-09-12 15:12:51.863846+00:00,24.795070000000003,17.0,0.36285,2026-09-12 15:13:14.101528+00:00,,
2026,1,2026_01_WAS_PHI,PHI,WAS,2026-09-13 20:25:00+00:00,17885cb8dcade8f6c3bce14b2de805e8,fanduel,player_reception_yds,Rachaad White,00-0037256,WAS,14.5,-114,-114,2026-09-12 15:12:51.863846+00:00,8.759845,4.2,0.2203,2026-09-12 15:13:14.101959+00:00,,
2026,1,2026_01_WAS_PHI,PHI,WAS,2026-09-13 20:25:00+00:00,17885cb8dcade8f6c3bce14b2de805e8,fanduel,player_reception_yds,Makai Lemon,00-0040867,PHI,24.5,-114,-114,2026-09-12 15:12:51.863846+00:00,24.81111,14.3,0.36455,2026-09-12 15:13:14.102328+00:00,,
2026,1,2026_01_WAS_PHI,PHI,WAS,2026-09-13 20:25:00+00:00,17885cb8dcade8f6c3bce14b2de805e8,fanduel,player_reception_yds,Saquon Barkley,00-0034844,PHI,15.5,-114,-114,2026-09-12 15:12:51.863846+00:00,13.065635,7.2,0.30515,2026-09-12 15:13:14.102756+00:00,,
2026,1,2026_01_WAS_PHI,PHI,WAS,2026-09-13 20:25:00+00:00,17885cb8dcade8f6c3bce14b2de805e8,fanduel,player_reception_yds,Dallas Goedert,00-0034351,PHI,36.5,-114,-114,2026-09-12 15:12:51.863846+00:00,43.97093,33.9,0.46945,2026-09-12 15:13:14.103145+00:00,,
2026,1,2026_01_WAS_PHI,PHI,WAS,2026-09-13 20:25:00+00:00,17885cb8dcade8f6c3bce14b2de805e8,fanduel,player_reception_yds,DeVonta Smith,00-0036912,PHI,64.5,-114,-114,2026-09-12 15:12:51.863846+00:00,61.25079,52.1,0.39195,2026-09-12 15:13:14.103565+00:00,,
2026,1,2026_01_WAS_PHI,PHI,WAS,2026-09-13 20:25:00+00:00,17885cb8dcade8f6c3bce14b2de805e8,fanduel,player_reception_yds,Dontayvion Wicks,00-0038393,PHI,28.5,-114,-114,2026-09-12 15:12:51.863846+00:00,29.171575,20.7,0.39305,2026-09-12 15:13:14.103984+00:00,,
2026,1,2026_01_WAS_PHI,PHI,WAS,2026-09-13 20:25:00+00:00,17885cb8dcade8f6c3bce14b2de805e8,fanduel,player_reception_yds,Terry McLaurin,00-0035659,WAS,52.5,-114,-114,2026-09-12 15:12:51.863846+00:00,54.390015000000005,45.0,0.42975,2026-09-12 15:13:14.104402+00:00,,
2026,1,2026_01_WAS_PHI,PHI,WAS,2026-09-13 20:25:00+00:00,17885cb8dcade8f6c3bce14b2de805e8,fanduel,player_reception_yds,Stefon Diggs,00-0031588,WAS,42.5,-114,-114,2026-09-12 15:12:51.863846+00:00,43.34204,34.9,0.4195,2026-09-12 15:13:14.104777+00:00,,
2026,1,2026_01_WAS_PHI,PHI,WAS,2026-09-13 20:25:00+00:00,17885cb8dcade8f6c3bce14b2de805e8,fanduel,player_rush_yds,Jalen Hurts,00-0036389,PHI,28.5,-114,-114,2026-09-12 15:12:51.863846+00:00,32.041135,25.6,0.4557,2026-09-12 15:13:14.105199+00:00,,
2026,1,2026_01_WAS_PHI,PHI,WAS,2026-09-13 20:25:00+00:00,17885cb8dcade8f6c3bce14b2de805e8,fanduel,player_rush_yds,Rachaad White,00-0037256,WAS,24.5,-114,-114,2026-09-12 15:12:51.863846+00:00,41.524915,29.7,0.5571,2026-09-12 15:13:14.105599+00:00,,
2026,1,2026_01_WAS_PHI,PHI,WAS,2026-09-13 20:25:00+00:00,17885cb8dcade8f6c3bce14b2de805e8,fanduel,player_rush_yds,Saquon Barkley,00-0034844,PHI,74.5,-114,-114,2026-09-12 15:12:51.863846+00:00,90.513555,81.8,0.55555,2026-09-12 15:13:14.106007+00:00,,
2026,1,2026_01_WAS_PHI,PHI,WAS,2026-09-13 20:25:00+00:00,17885cb8dcade8f6c3bce14b2de805e8,fanduel,player_rush_yds,Tank Bigsby,00-0038555,PHI,17.5,-114,-114,2026-09-12 15:12:51.863846+00:00,37.965525,15.0,0.4758,2026-09-12 15:13:14.106420+00:00,,
2026,1,2026_01_WAS_PHI,PHI,WAS,2026-09-13 20:25:00+00:00,17885cb8dcade8f6c3bce14b2de805e8,fanduel,player_rush_yds,Jacory Croskey-Merritt,00-0040242,WAS,40.5,-114,-114,2026-09-12 15:12:51.863846+00:00,51.014065,44.7,0.5494,2026-09-12 15:13:14.106812+00:00,,
2026,1,2026_01_WAS_PHI,PHI,WAS,2026-09-13 20:25:00+00:00,17885cb8dcade8f6c3bce14b2de805e8,fanduel,player_rush_yds,Jayden Daniels,00-0039910,WAS,36.5,-114,-114,2026-09-12 15:12:51.863846+00:00,39.388740000000006,33.2,0.45405,2026-09-12 15:13:14.107202+00:00,,
2026,1,2026_01_WAS_PHI,PHI,WAS,2026-09-13 20:25:00+00:00,17885cb8dcade8f6c3bce14b2de805e8,betrivers,player_reception_yds,Makai Lemon,00-0040867,PHI,23.5,-117,-114,2026-09-12 15:12:51.863846+00:00,24.81111,14.3,0.3755,2026-09-12 15:13:14.107557+00:00,,
2026,1,2026_01_WAS_PHI,PHI,WAS,2026-09-13 20:25:00+00:00,17885cb8dcade8f6c3bce14b2de805e8,betrivers,player_reception_yds,Dontayvion Wicks,00-0038393,PHI,29.5,-113,-118,2026-09-12 15:12:51.863846+00:00,29.171575,20.7,0.3804,2026-09-12 15:13:14.107961+00:00,,
2026,1,2026_01_WAS_PHI,PHI,WAS,2026-09-13 20:25:00+00:00,17885cb8dcade8f6c3bce14b2de805e8,betrivers,player_reception_yds,Saquon Barkley,00-0034844,PHI,15.5,-120,-112,2026-09-12 15:12:51.863846+00:00,13.065635,7.2,0.30515,2026-09-12 15:13:14.108376+00:00,,
2026,1,2026_01_WAS_PHI,PHI,WAS,2026-09-13 20:25:00+00:00,17885cb8dcade8f6c3bce14b2de805e8,betrivers,player_reception_yds,Dallas Goedert,00-0034351,PHI,34.5,-120,-112,2026-09-12 15:12:51.863846+00:00,43.97093,33.9,0.49225,2026-09-12 15:13:14.108763+00:00,,
2026,1,2026_01_WAS_PHI,PHI,WAS,2026-09-13 20:25:00+00:00,17885cb8dcade8f6c3bce14b2de805e8,betrivers,player_reception_yds,Terry McLaurin,00-0035659,WAS,49.5,-114,-117,2026-09-12 15:12:51.863846+00:00,54.390015000000005,45.0,0.45745,2026-09-12 15:13:14.109179+00:00,,
2026,1,2026_01_WAS_PHI,PHI,WAS,2026-09-13 20:25:00+00:00,17885cb8dcade8f6c3bce14b2de805e8,betrivers,player_reception_yds,Chig Okonkwo,00-0037809,WAS,24.5,-120,-112,2026-09-12 15:12:51.863846+00:00,24.795070000000003,17.0,0.37715,2026-09-12 15:13:14.109564+00:00,,
2026,1,2026_01_WAS_PHI,PHI,WAS,2026-09-13 20:25:00+00:00,17885cb8dcade8f6c3bce14b2de805e8,betrivers,player_reception_yds,Stefon Diggs,00-0031588,WAS,40.5,-113,-118,2026-09-12 15:12:51.863846+00:00,43.34204,34.9,0.4393,2026-09-12 15:13:14.109932+00:00,,
2026,1,2026_01_WAS_PHI,PHI,WAS,2026-09-13 20:25:00+00:00,17885cb8dcade8f6c3bce14b2de805e8,betrivers,player_reception_yds,DeVonta Smith,00-0036912,PHI,66.5,-115,-115,2026-09-12 15:12:51.863846+00:00,61.25079,52.1,0.37465,2026-09-12 15:13:14.110343+00:00,,
2026,1,2026_01_WAS_PHI,PHI,WAS,2026-09-13 20:25:00+00:00,17885cb8dcade8f6c3bce14b2de805e8,betrivers,player_reception_yds,Rachaad White,00-0037256,WAS,14.5,-112,-120,2026-09-12 15:12:51.863846+00:00,8.759845,4.2,0.2203,2026-09-12 15:13:14.110755+00:00,,
2026,1,2026_01_WAS_PHI,PHI,WAS,2026-09-13 20:25:00+00:00,17885cb8dcade8f6c3bce14b2de805e8,betrivers,player_rush_yds,Rachaad White,00-0037256,WAS,23.5,-120,-112,2026-09-12 15:12:51.863846+00:00,41.524915,29.7,0.56885,2026-09-12 15:13:14.111155+00:00,,
2026,1,2026_01_WAS_PHI,PHI,WAS,2026-09-13 20:25:00+00:00,17885cb8dcade8f6c3bce14b2de805e8,betrivers,player_rush_yds,Jalen Hurts,00-0036389,PHI,29.5,-115,-115,2026-09-12 15:12:51.863846+00:00,32.041135,25.6,0.4417,2026-09-12 15:13:14.111575+00:00,,
2026,1,2026_01_WAS_PHI,PHI,WAS,2026-09-13 20:25:00+00:00,17885cb8dcade8f6c3bce14b2de805e8,betrivers,player_rush_yds,Jayden Daniels,00-0039910,WAS,35.5,-115,-115,2026-09-12 15:12:51.863846+00:00,39.388740000000006,33.2,0.4682,2026-09-12 15:13:14.111959+00:00,,
2026,1,2026_01_WAS_PHI,PHI,WAS,2026-09-13 20:25:00+00:00,17885cb8dcade8f6c3bce14b2de805e8,betrivers,player_rush_yds,Saquon Barkley,00-0034844,PHI,76.5,-118,-113,2026-09-12 15:12:51.863846+00:00,90.513555,81.8,0.5394,2026-09-12 15:13:14.112353+00:00,,
2026,1,2026_01_WAS_PHI,PHI,WAS,2026-09-13 20:25:00+00:00,17885cb8dcade8f6c3bce14b2de805e8,betrivers,player_rush_yds,Jacory Croskey-Merritt,00-0040242,WAS,40.5,-113,-117,2026-09-12 15:12:51.863846+00:00,51.014065,44.7,0.5494,2026-09-12 15:13:14.112746+00:00,,
2026,1,2026_01_WAS_PHI,PHI,WAS,2026-09-13 20:25:00+00:00,17885cb8dcade8f6c3bce14b2de805e8,betonlineag,player_reception_yds,Saquon Barkley,00-0034844,PHI,15.5,-116,-111,2026-09-12 15:12:51.863846+00:00,13.065635,7.2,0.30515,2026-09-12 15:13:14.113159+00:00,,
2026,1,2026_01_WAS_PHI,PHI,WAS,2026-09-13 20:25:00+00:00,17885cb8dcade8f6c3bce14b2de805e8,betonlineag,player_reception_yds,Stefon Diggs,00-0031588,WAS,42.5,-114,-114,2026-09-12 15:12:51.863846+00:00,43.34204,34.9,0.4195,2026-09-12 15:13:14.113525+00:00,,
2026,1,2026_01_WAS_PHI,PHI,WAS,2026-09-13 20:25:00+00:00,17885cb8dcade8f6c3bce14b2de805e8,betonlineag,player_reception_yds,DeVonta Smith,00-0036912,PHI,66.5,-112,-115,2026-09-12 15:12:51.863846+00:00,61.25079,52.1,0.37465,2026-09-12 15:13:14.113931+00:00,,
2026,1,2026_01_WAS_PHI,PHI,WAS,2026-09-13 20:25:00+00:00,17885cb8dcade8f6c3bce14b2de805e8,betonlineag,player_reception_yds,Terry McLaurin,00-0035659,WAS,52.5,-114,-114,2026-09-12 15:12:51.863846+00:00,54.390015000000005,45.0,0.42975,2026-09-12 15:13:14.114348+00:00,,
2026,1,2026_01_WAS_PHI,PHI,WAS,2026-09-13 20:25:00+00:00,17885cb8dcade8f6c3bce14b2de805e8,betonlineag,player_reception_yds,Rachaad White,00-0037256,WAS,14.5,-118,-110,2026-09-12 15:12:51.863846+00:00,8.759845,4.2,0.2203,2026-09-12 15:13:14.114758+00:00,,
2026,1,2026_01_WAS_PHI,PHI,WAS,2026-09-13 20:25:00+00:00,17885cb8dcade8f6c3bce14b2de805e8,betonlineag,player_reception_yds,Chig Okonkwo,00-0037809,WAS,25.5,-115,-112,2026-09-12 15:12:51.863846+00:00,24.795070000000003,17.0,0.36285,2026-09-12 15:13:14.115142+00:00,,
2026,1,2026_01_WAS_PHI,PHI,WAS,2026-09-13 20:25:00+00:00,17885cb8dcade8f6c3bce14b2de805e8,betonlineag,player_reception_yds,Dontayvion Wicks,00-0038393,PHI,29.5,-112,-115,2026-09-12 15:12:51.863846+00:00,29.171575,20.7,0.3804,2026-09-12 15:13:14.115557+00:00,,
2026,1,2026_01_WAS_PHI,PHI,WAS,2026-09-13 20:25:00+00:00,17885cb8dcade8f6c3bce14b2de805e8,betonlineag,player_reception_yds,Makai Lemon,00-0040867,PHI,24.5,-114,-114,2026-09-12 15:12:51.863846+00:00,24.81111,14.3,0.36455,2026-09-12 15:13:14.115910+00:00,,
2026,1,2026_01_WAS_PHI,PHI,WAS,2026-09-13 20:25:00+00:00,17885cb8dcade8f6c3bce14b2de805e8,betonlineag,player_reception_yds,Dallas Goedert,00-0034351,PHI,36.5,-115,-112,2026-09-12 15:12:51.863846+00:00,43.97093,33.9,0.46945,2026-09-12 15:13:14.116294+00:00,,
2026,1,2026_01_WAS_PHI,PHI,WAS,2026-09-13 20:25:00+00:00,17885cb8dcade8f6c3bce14b2de805e8,betonlineag,player_reception_yds,Jacory Croskey-Merritt,00-0040242,WAS,5.5,-118,-110,2026-09-12 15:12:51.863846+00:00,8.73658,3.1,0.4116,2026-09-12 15:13:14.116695+00:00,,
2026,1,2026_01_WAS_PHI,PHI,WAS,2026-09-13 20:25:00+00:00,17885cb8dcade8f6c3bce14b2de805e8,betonlineag,player_reception_yds,Hollywood Brown,,,11.5,-110,-118,2026-09-12 15:12:51.863846+00:00,,,,,,
2026,1,2026_01_WAS_PHI,PHI,WAS,2026-09-13 20:25:00+00:00,17885cb8dcade8f6c3bce14b2de805e8,betonlineag,player_rush_yds,Jayden Daniels,00-0039910,WAS,37.5,-112,-115,2026-09-12 15:12:51.863846+00:00,39.388740000000006,33.2,0.43905,2026-09-12 15:13:14.117087+00:00,,
2026,1,2026_01_WAS_PHI,PHI,WAS,2026-09-13 20:25:00+00:00,17885cb8dcade8f6c3bce14b2de805e8,betonlineag,player_rush_yds,Jalen Hurts,00-0036389,PHI,28.5,-132,102,2026-09-12 15:12:51.863846+00:00,32.041135,25.6,0.4557,2026-09-12 15:13:14.117501+00:00,,
2026,1,2026_01_WAS_PHI,PHI,WAS,2026-09-13 20:25:00+00:00,17885cb8dcade8f6c3bce14b2de805e8,betonlineag,player_rush_yds,Jacory Croskey-Merritt,00-0040242,WAS,40.5,-114,-114,2026-09-12 15:12:51.863846+00:00,51.014065,44.7,0.5494,2026-09-12 15:13:14.117889+00:00,,
2026,1,2026_01_WAS_PHI,PHI,WAS,2026-09-13 20:25:00+00:00,17885cb8dcade8f6c3bce14b2de805e8,betonlineag,player_rush_yds,Saquon Barkley,00-0034844,PHI,75.5,-114,-114,2026-09-12 15:12:51.863846+00:00,90.513555,81.8,0.5467,2026-09-12 15:13:14.118289+00:00,,
2026,1,2026_01_WAS_PHI,PHI,WAS,2026-09-13 20:25:00+00:00,17885cb8dcade8f6c3bce14b2de805e8,betonlineag,player_rush_yds,Rachaad White,00-0037256,WAS,24.5,-114,-114,2026-09-12 15:12:51.863846+00:00,41.524915,29.7,0.5571,2026-09-12 15:13:14.118689+00:00,,
2026,1,2026_01_WAS_PHI,PHI,WAS,2026-09-13 20:25:00+00:00,17885cb8dcade8f6c3bce14b2de805e8,betonlineag,player_rush_yds,Tank Bigsby,00-0038555,PHI,17.5,-114,-114,2026-09-12 15:12:51.863846+00:00,37.965525,15.0,0.4758,2026-09-12 15:13:14.119109+00:00,,
2026,1,2026_01_WAS_PHI,PHI,WAS,2026-09-13 20:25:00+00:00,17885cb8dcade8f6c3bce14b2de805e8,betmgm,player_reception_yds,Stefon Diggs,00-0031588,WAS,42.5,-115,-115,2026-09-12 15:12:51.863846+00:00,43.34204,34.9,0.4195,2026-09-12 15:13:14.119474+00:00,,
2026,1,2026_01_WAS_PHI,PHI,WAS,2026-09-13 20:25:00+00:00,17885cb8dcade8f6c3bce14b2de805e8,betmgm,player_reception_yds,Terry McLaurin,00-0035659,WAS,52.5,-111,-118,2026-09-12 15:12:51.863846+00:00,54.390015000000005,45.0,0.42975,2026-09-12 15:13:14.119888+00:00,,
2026,1,2026_01_WAS_PHI,PHI,WAS,2026-09-13 20:25:00+00:00,17885cb8dcade8f6c3bce14b2de805e8,betmgm,player_reception_yds,Chig Okonkwo,00-0037809,WAS,26.5,-115,-115,2026-09-12 15:12:51.863846+00:00,24.795070000000003,17.0,0.3508,2026-09-12 15:13:14.120277+00:00,,
2026,1,2026_01_WAS_PHI,PHI,WAS,2026-09-13 20:25:00+00:00,17885cb8dcade8f6c3bce14b2de805e8,betmgm,player_reception_yds,Dallas Goedert,00-0034351,PHI,35.5,-115,-115,2026-09-12 15:12:51.863846+00:00,43.97093,33.9,0.48175,2026-09-12 15:13:14.120660+00:00,,
2026,1,2026_01_WAS_PHI,PHI,WAS,2026-09-13 20:25:00+00:00,17885cb8dcade8f6c3bce14b2de805e8,betmgm,player_reception_yds,Rachaad White,00-0037256,WAS,13.5,-115,-115,2026-09-12 15:12:51.863846+00:00,8.759845,4.2,0.2374,2026-09-12 15:13:14.121065+00:00,,
2026,1,2026_01_WAS_PHI,PHI,WAS,2026-09-13 20:25:00+00:00,17885cb8dcade8f6c3bce14b2de805e8,betmgm,player_reception_yds,Makai Lemon,00-0040867,PHI,23.5,-115,-115,2026-09-12 15:12:51.863846+00:00,24.81111,14.3,0.3755,2026-09-12 15:13:14.121416+00:00,,
2026,1,2026_01_WAS_PHI,PHI,WAS,2026-09-13 20:25:00+00:00,17885cb8dcade8f6c3bce14b2de805e8,betmgm,player_reception_yds,Saquon Barkley,00-0034844,PHI,15.5,-120,-110,2026-09-12 15:12:51.863846+00:00,13.065635,7.2,0.30515,2026-09-12 15:13:14.121826+00:00,,
2026,1,2026_01_WAS_PHI,PHI,WAS,2026-09-13 20:25:00+00:00,17885cb8dcade8f6c3bce14b2de805e8,betmgm,player_reception_yds,DeVonta Smith,00-0036912,PHI,63.5,-115,-115,2026-09-12 15:12:51.863846+00:00,61.25079,52.1,0.39985,2026-09-12 15:13:14.122226+00:00,,
2026,1,2026_01_WAS_PHI,PHI,WAS,2026-09-13 20:25:00+00:00,17885cb8dcade8f6c3bce14b2de805e8,betmgm,player_reception_yds,Dontayvion Wicks,00-0038393,PHI,29.5,-115,-115,2026-09-12 15:12:51.863846+00:00,29.171575,20.7,0.3804,2026-09-12 15:13:14.122625+00:00,,
2026,1,2026_01_WAS_PHI,PHI,WAS,2026-09-13 20:25:00+00:00,17885cb8dcade8f6c3bce14b2de805e8,betmgm,player_rush_yds,Jayden Daniels,00-0039910,WAS,38.5,100,-135,2026-09-12 15:12:51.863846+00:00,39.388740000000006,33.2,0.42545,2026-09-12 15:13:14.123008+00:00,,
2026,1,2026_01_WAS_PHI,PHI,WAS,2026-09-13 20:25:00+00:00,17885cb8dcade8f6c3bce14b2de805e8,betmgm,player_rush_yds,Jacory Croskey-Merritt,00-0040242,WAS,41.5,-115,-115,2026-09-12 15:12:51.863846+00:00,51.014065,44.7,0.53715,2026-09-12 15:13:14.123399+00:00,,
2026,1,2026_01_WAS_PHI,PHI,WAS,2026-09-13 20:25:00+00:00,17885cb8dcade8f6c3bce14b2de805e8,betmgm,player_rush_yds,Jalen Hurts,00-0036389,PHI,26.5,-120,-110,2026-09-12 15:12:51.863846+00:00,32.041135,25.6,0.48575,2026-09-12 15:13:14.123810+00:00,,
2026,1,2026_01_WAS_PHI,PHI,WAS,2026-09-13 20:25:00+00:00,17885cb8dcade8f6c3bce14b2de805e8,betmgm,player_rush_yds,Rachaad White,00-0037256,WAS,23.5,-120,-110,2026-09-12 15:12:51.863846+00:00,41.524915,29.7,0.56885,2026-09-12 15:13:14.124230+00:00,,
2026,1,2026_01_WAS_PHI,PHI,WAS,2026-09-13 20:25:00+00:00,17885cb8dcade8f6c3bce14b2de805e8,betmgm,player_rush_yds,Saquon Barkley,00-0034844,PHI,76.5,-115,-115,2026-09-12 15:12:51.863846+00:00,90.513555,81.8,0.5394,2026-09-12 15:13:14.124620+00:00,,
2026,1,2026_01_WAS_PHI,PHI,WAS,2026-09-13 20:25:00+00:00,17885cb8dcade8f6c3bce14b2de805e8,betmgm,player_rush_yds,Tank Bigsby,00-0038555,PHI,18.5,-120,-111,2026-09-12 15:12:51.863846+00:00,37.965525,15.0,0.4673,2026-09-12 15:13:14.125028+00:00,,
2026,1,2026_01_WAS_PHI,PHI,WAS,2026-09-13 20:25:00+00:00,17885cb8dcade8f6c3bce14b2de805e8,bovada,player_reception_yds,Chig Okonkwo,00-0037809,WAS,25.5,-115,-115,2026-09-12 15:12:51.863846+00:00,24.795070000000003,17.0,0.36285,2026-09-12 15:13:14.125418+00:00,,
2026,1,2026_01_WAS_PHI,PHI,WAS,2026-09-13 20:25:00+00:00,17885cb8dcade8f6c3bce14b2de805e8,bovada,player_reception_yds,Dallas Goedert,00-0034351,PHI,36.5,-115,-115,2026-09-12 15:12:51.863846+00:00,43.97093,33.9,0.46945,2026-09-12 15:13:14.125798+00:00,,
2026,1,2026_01_WAS_PHI,PHI,WAS,2026-09-13 20:25:00+00:00,17885cb8dcade8f6c3bce14b2de805e8,bovada,player_reception_yds,DeVonta Smith,00-0036912,PHI,66.5,-115,-115,2026-09-12 15:12:51.863846+00:00,61.25079,52.1,0.37465,2026-09-12 15:13:14.126198+00:00,,
2026,1,2026_01_WAS_PHI,PHI,WAS,2026-09-13 20:25:00+00:00,17885cb8dcade8f6c3bce14b2de805e8,bovada,player_reception_yds,Dontayvion Wicks,00-0038393,PHI,28.5,-115,-115,2026-09-12 15:12:51.863846+00:00,29.171575,20.7,0.39305,2026-09-12 15:13:14.126598+00:00,,
2026,1,2026_01_WAS_PHI,PHI,WAS,2026-09-13 20:25:00+00:00,17885cb8dcade8f6c3bce14b2de805e8,bovada,player_reception_yds,Makai Lemon,00-0040867,PHI,24.5,-110,-120,2026-09-12 15:12:51.863846+00:00,24.81111,14.3,0.36455,2026-09-12 15:13:14.126949+00:00,,
2026,1,2026_01_WAS_PHI,PHI,WAS,2026-09-13 20:25:00+00:00,17885cb8dcade8f6c3bce14b2de805e8,bovada,player_reception_yds,Rachaad White,00-0037256,WAS,14.5,-120,-110,2026-09-12 15:12:51.863846+00:00,8.759845,4.2,0.2203,2026-09-12 15:13:14.127357+00:00,,
2026,1,2026_01_WAS_PHI,PHI,WAS,2026-09-13 20:25:00+00:00,17885cb8dcade8f6c3bce14b2de805e8,bovada,player_reception_yds,Saquon Barkley,00-0034844,PHI,15.5,-120,-110,2026-09-12 15:12:51.863846+00:00,13.065635,7.2,0.30515,2026-09-12 15:13:14.127771+00:00,,
2026,1,2026_01_WAS_PHI,PHI,WAS,2026-09-13 20:25:00+00:00,17885cb8dcade8f6c3bce14b2de805e8,bovada,player_reception_yds,Stefon Diggs,00-0031588,WAS,40.5,-115,-115,2026-09-12 15:12:51.863846+00:00,43.34204,34.9,0.4393,2026-09-12 15:13:14.128139+00:00,,
2026,1,2026_01_WAS_PHI,PHI,WAS,2026-09-13 20:25:00+00:00,17885cb8dcade8f6c3bce14b2de805e8,bovada,player_reception_yds,Terry McLaurin,00-0035659,WAS,49.5,-115,-115,2026-09-12 15:12:51.863846+00:00,54.390015000000005,45.0,0.45745,2026-09-12 15:13:14.128550+00:00,,
2026,1,2026_01_WAS_PHI,PHI,WAS,2026-09-13 20:25:00+00:00,17885cb8dcade8f6c3bce14b2de805e8,bovada,player_rush_yds,Jacory Croskey-Merritt,00-0040242,WAS,39.5,-115,-115,2026-09-12 15:12:51.863846+00:00,51.014065,44.7,0.56335,2026-09-12 15:13:14.128943+00:00,,
2026,1,2026_01_WAS_PHI,PHI,WAS,2026-09-13 20:25:00+00:00,17885cb8dcade8f6c3bce14b2de805e8,bovada,player_rush_yds,Jalen Hurts,00-0036389,PHI,29.5,-120,-110,2026-09-12 15:12:51.863846+00:00,32.041135,25.6,0.4417,2026-09-12 15:13:14.129354+00:00,,
2026,1,2026_01_WAS_PHI,PHI,WAS,2026-09-13 20:25:00+00:00,17885cb8dcade8f6c3bce14b2de805e8,bovada,player_rush_yds,Jayden Daniels,00-0039910,WAS,36.5,-120,-110,2026-09-12 15:12:51.863846+00:00,39.388740000000006,33.2,0.45405,2026-09-12 15:13:14.129737+00:00,,
2026,1,2026_01_WAS_PHI,PHI,WAS,2026-09-13 20:25:00+00:00,17885cb8dcade8f6c3bce14b2de805e8,bovada,player_rush_yds,Rachaad White,00-0037256,WAS,23.5,-115,-115,2026-09-12 15:12:51.863846+00:00,41.524915,29.7,0.56885,2026-09-12 15:13:14.130133+00:00,,
2026,1,2026_01_WAS_PHI,PHI,WAS,2026-09-13 20:25:00+00:00,17885cb8dcade8f6c3bce14b2de805e8,bovada,player_rush_yds,Saquon Barkley,00-0034844,PHI,76.5,-115,-115,2026-09-12 15:12:51.863846+00:00,90.513555,81.8,0.5394,2026-09-12 15:13:14.130519+00:00,,
2026,1,2026_01_DAL_NYG,NYG,DAL,2026-09-14 00:20:00+00:00,3e646c7479c57f5d9752d8c7dfe7059b,draftkings,player_reception_yds,CeeDee Lamb,00-0036358,DAL,75.5,-112,-112,2026-09-12 15:12:52.061843+00:00,81.18873500000001,72.3,0.47425,2026-09-12 15:13:14.253120+00:00,,
2026,1,2026_01_DAL_NYG,NYG,DAL,2026-09-14 00:20:00+00:00,3e646c7479c57f5d9752d8c7dfe7059b,draftkings,player_reception_yds,George Pickens,00-0037247,DAL,67.5,-113,-111,2026-09-12 15:12:52.061843+00:00,77.93846500000001,68.5,0.5073,2026-09-12 15:13:14.374892+00:00,,
2026,1,2026_01_DAL_NYG,NYG,DAL,2026-09-14 00:20:00+00:00,3e646c7479c57f5d9752d8c7dfe7059b,draftkings,player_reception_yds,Malik Nabers,00-0039337,NYG,57.5,-110,-114,2026-09-12 15:12:52.061843+00:00,68.52798499999999,59.75,0.52055,2026-09-12 15:13:14.492524+00:00,,
2026,1,2026_01_DAL_NYG,NYG,DAL,2026-09-14 00:20:00+00:00,3e646c7479c57f5d9752d8c7dfe7059b,draftkings,player_reception_yds,Isaiah Likely,00-0037838,NYG,35.5,-112,-112,2026-09-12 15:12:52.061843+00:00,35.04688,27.5,0.39755,2026-09-12 15:13:14.609232+00:00,,
2026,1,2026_01_DAL_NYG,NYG,DAL,2026-09-14 00:20:00+00:00,3e646c7479c57f5d9752d8c7dfe7059b,draftkings,player_reception_yds,Jake Ferguson,00-0038041,DAL,30.5,-109,-115,2026-09-12 15:12:52.061843+00:00,35.55862,29.3,0.48065,2026-09-12 15:13:14.732158+00:00,,
2026,1,2026_01_DAL_NYG,NYG,DAL,2026-09-14 00:20:00+00:00,3e646c7479c57f5d9752d8c7dfe7059b,draftkings,player_reception_yds,Ryan Flournoy,00-0039410,DAL,24.5,-111,-113,2026-09-12 15:12:52.061843+00:00,33.724225,20.1,0.45195,2026-09-12 15:13:14.855628+00:00,,
2026,1,2026_01_DAL_NYG,NYG,DAL,2026-09-14 00:20:00+00:00,3e646c7479c57f5d9752d8c7dfe7059b,draftkings,player_reception_yds,Malachi Fields,00-0041042,NYG,21.5,-111,-113,2026-09-12 15:12:52.061843+00:00,36.035175,25.2,0.5468,2026-09-12 15:13:14.956654+00:00,,
2026,1,2026_01_DAL_NYG,NYG,DAL,2026-09-14 00:20:00+00:00,3e646c7479c57f5d9752d8c7dfe7059b,draftkings,player_reception_yds,Darnell Mooney,00-0036309,NYG,19.5,-114,-110,2026-09-12 15:12:52.061843+00:00,32.6264,23.1,0.54855,2026-09-12 15:13:15.075800+00:00,,
2026,1,2026_01_DAL_NYG,NYG,DAL,2026-09-14 00:20:00+00:00,3e646c7479c57f5d9752d8c7dfe7059b,draftkings,player_reception_yds,Cam Skattebo,00-0040715,NYG,15.5,-112,-112,2026-09-12 15:12:52.061843+00:00,16.354715000000002,10.3,0.3752,2026-09-12 15:13:15.192475+00:00,,
2026,1,2026_01_DAL_NYG,NYG,DAL,2026-09-14 00:20:00+00:00,3e646c7479c57f5d9752d8c7dfe7059b,draftkings,player_reception_yds,Theo Johnson,00-0039847,NYG,13.5,-112,-112,2026-09-12 15:12:52.061843+00:00,24.75009,14.9,0.52205,2026-09-12 15:13:15.310162+00:00,,
2026,1,2026_01_DAL_NYG,NYG,DAL,2026-09-14 00:20:00+00:00,3e646c7479c57f5d9752d8c7dfe7059b,draftkings,player_reception_yds,Javonte Williams,00-0036997,DAL,10.5,-107,-117,2026-09-12 15:12:52.061843+00:00,16.126755,11.9,0.54205,2026-09-12 15:13:15.431387+00:00,,
2026,1,2026_01_DAL_NYG,NYG,DAL,2026-09-14 00:20:00+00:00,3e646c7479c57f5d9752d8c7dfe7059b,draftkings,player_reception_yds,Odell Beckham Jr.,00-0031235,NYG,9.5,-116,-108,2026-09-12 15:12:52.061843+00:00,12.765925,1.6,0.35475,2026-09-12 15:13:15.547979+00:00,,
2026,1,2026_01_DAL_NYG,NYG,DAL,2026-09-14 00:20:00+00:00,3e646c7479c57f5d9752d8c7dfe7059b,draftkings,player_reception_yds,KaVontae Turpin,00-0037801,DAL,8.5,-105,-120,2026-09-12 15:12:52.061843+00:00,25.552665,11.3,0.5494,2026-09-12 15:13:15.669932+00:00,,
2026,1,2026_01_DAL_NYG,NYG,DAL,2026-09-14 00:20:00+00:00,3e646c7479c57f5d9752d8c7dfe7059b,draftkings,player_rush_yds,Javonte Williams,00-0036997,DAL,75.5,-112,-112,2026-09-12 15:12:52.061843+00:00,90.819075,83.1,0.56755,2026-09-12 15:13:15.786013+00:00,,
2026,1,2026_01_DAL_NYG,NYG,DAL,2026-09-14 00:20:00+00:00,3e646c7479c57f5d9752d8c7dfe7059b,draftkings,player_rush_yds,Cam Skattebo,00-0040715,NYG,49.5,-110,-114,2026-09-12 15:12:52.061843+00:00,52.340395,44.7,0.44785,2026-09-12 15:13:15.900085+00:00,,
2026,1,2026_01_DAL_NYG,NYG,DAL,2026-09-14 00:20:00+00:00,3e646c7479c57f5d9752d8c7dfe7059b,draftkings,player_rush_yds,Jaxson Dart,00-0040691,NYG,31.5,-115,-109,2026-09-12 15:12:52.061843+00:00,35.15302,27.8,0.44985,2026-09-12 15:13:16.008447+00:00,,
2026,1,2026_01_DAL_NYG,NYG,DAL,2026-09-14 00:20:00+00:00,3e646c7479c57f5d9752d8c7dfe7059b,draftkings,player_rush_yds,Dak Prescott,00-0033077,DAL,8.5,-118,-106,2026-09-12 15:12:52.061843+00:00,22.793905,17.4,0.6965,2026-09-12 15:13:16.124279+00:00,,
2026,1,2026_01_DAL_NYG,NYG,DAL,2026-09-14 00:20:00+00:00,3e646c7479c57f5d9752d8c7dfe7059b,draftkings,player_rush_yds,KaVontae Turpin,00-0037801,DAL,4.5,-120,-104,2026-09-12 15:12:52.061843+00:00,2.07272,0.0,0.11295,2026-09-12 15:13:16.235943+00:00,,
2026,1,2026_01_DAL_NYG,NYG,DAL,2026-09-14 00:20:00+00:00,3e646c7479c57f5d9752d8c7dfe7059b,fanduel,player_reception_yds,Ryan Flournoy,00-0039410,DAL,26.5,-114,-114,2026-09-12 15:12:52.061843+00:00,33.724225,20.1,0.432,2026-09-12 15:13:16.236399+00:00,,
2026,1,2026_01_DAL_NYG,NYG,DAL,2026-09-14 00:20:00+00:00,3e646c7479c57f5d9752d8c7dfe7059b,fanduel,player_reception_yds,Cam Skattebo,00-0040715,NYG,15.5,-114,-114,2026-09-12 15:12:52.061843+00:00,16.354715000000002,10.3,0.3752,2026-09-12 15:13:16.236758+00:00,,
2026,1,2026_01_DAL_NYG,NYG,DAL,2026-09-14 00:20:00+00:00,3e646c7479c57f5d9752d8c7dfe7059b,fanduel,player_reception_yds,Jake Ferguson,00-0038041,DAL,29.5,-114,-114,2026-09-12 15:12:52.061843+00:00,35.55862,29.3,0.4963,2026-09-12 15:13:16.237148+00:00,,
2026,1,2026_01_DAL_NYG,NYG,DAL,2026-09-14 00:20:00+00:00,3e646c7479c57f5d9752d8c7dfe7059b,fanduel,player_reception_yds,Odell Beckham Jr.,00-0031235,NYG,10.5,-114,-114,2026-09-12 15:12:52.061843+00:00,12.765925,1.6,0.34045,2026-09-12 15:13:16.237525+00:00,,
2026,1,2026_01_DAL_NYG,NYG,DAL,2026-09-14 00:20:00+00:00,3e646c7479c57f5d9752d8c7dfe7059b,fanduel,player_reception_yds,Theo Johnson,00-0039847,NYG,13.5,-114,-114,2026-09-12 15:12:52.061843+00:00,24.75009,14.9,0.52205,2026-09-12 15:13:16.237937+00:00,,
2026,1,2026_01_DAL_NYG,NYG,DAL,2026-09-14 00:20:00+00:00,3e646c7479c57f5d9752d8c7dfe7059b,fanduel,player_reception_yds,Isaiah Likely,00-0037838,NYG,35.5,-114,-114,2026-09-12 15:12:52.061843+00:00,35.04688,27.5,0.39755,2026-09-12 15:13:16.238348+00:00,,
2026,1,2026_01_DAL_NYG,NYG,DAL,2026-09-14 00:20:00+00:00,3e646c7479c57f5d9752d8c7dfe7059b,fanduel,player_reception_yds,KaVontae Turpin,00-0037801,DAL,8.5,-114,-114,2026-09-12 15:12:52.061843+00:00,25.552665,11.3,0.5494,2026-09-12 15:13:16.238756+00:00,,
2026,1,2026_01_DAL_NYG,NYG,DAL,2026-09-14 00:20:00+00:00,3e646c7479c57f5d9752d8c7dfe7059b,fanduel,player_reception_yds,George Pickens,00-0037247,DAL,67.5,-114,-114,2026-09-12 15:12:52.061843+00:00,77.93846500000001,68.5,0.5073,2026-09-12 15:13:16.239148+00:00,,
2026,1,2026_01_DAL_NYG,NYG,DAL,2026-09-14 00:20:00+00:00,3e646c7479c57f5d9752d8c7dfe7059b,fanduel,player_reception_yds,Darnell Mooney,00-0036309,NYG,19.5,-114,-114,2026-09-12 15:12:52.061843+00:00,32.6264,23.1,0.54855,2026-09-12 15:13:16.239561+00:00,,
2026,1,2026_01_DAL_NYG,NYG,DAL,2026-09-14 00:20:00+00:00,3e646c7479c57f5d9752d8c7dfe7059b,fanduel,player_reception_yds,CeeDee Lamb,00-0036358,DAL,75.5,-114,-114,2026-09-12 15:12:52.061843+00:00,81.18873500000001,72.3,0.47425,2026-09-12 15:13:16.239979+00:00,,
2026,1,2026_01_DAL_NYG,NYG,DAL,2026-09-14 00:20:00+00:00,3e646c7479c57f5d9752d8c7dfe7059b,fanduel,player_reception_yds,Malik Nabers,00-0039337,NYG,57.5,-114,-114,2026-09-12 15:12:52.061843+00:00,68.52798499999999,59.75,0.52055,2026-09-12 15:13:16.240385+00:00,,
2026,1,2026_01_DAL_NYG,NYG,DAL,2026-09-14 00:20:00+00:00,3e646c7479c57f5d9752d8c7dfe7059b,fanduel,player_reception_yds,Javonte Williams,00-0036997,DAL,10.5,-114,-114,2026-09-12 15:12:52.061843+00:00,16.126755,11.9,0.54205,2026-09-12 15:13:16.240766+00:00,,
2026,1,2026_01_DAL_NYG,NYG,DAL,2026-09-14 00:20:00+00:00,3e646c7479c57f5d9752d8c7dfe7059b,fanduel,player_reception_yds,Malachi Fields,00-0041042,NYG,21.5,-114,-114,2026-09-12 15:12:52.061843+00:00,36.035175,25.2,0.5468,2026-09-12 15:13:16.241162+00:00,,
2026,1,2026_01_DAL_NYG,NYG,DAL,2026-09-14 00:20:00+00:00,3e646c7479c57f5d9752d8c7dfe7059b,fanduel,player_rush_yds,Dak Prescott,00-0033077,DAL,7.5,-120,-108,2026-09-12 15:12:52.061843+00:00,22.793905,17.4,0.72125,2026-09-12 15:13:16.241560+00:00,,
2026,1,2026_01_DAL_NYG,NYG,DAL,2026-09-14 00:20:00+00:00,3e646c7479c57f5d9752d8c7dfe7059b,fanduel,player_rush_yds,Javonte Williams,00-0036997,DAL,74.5,-114,-114,2026-09-12 15:12:52.061843+00:00,90.819075,83.1,0.57595,2026-09-12 15:13:16.241963+00:00,,
2026,1,2026_01_DAL_NYG,NYG,DAL,2026-09-14 00:20:00+00:00,3e646c7479c57f5d9752d8c7dfe7059b,fanduel,player_rush_yds,Jaxson Dart,00-0040691,NYG,31.5,-114,-114,2026-09-12 15:12:52.061843+00:00,35.15302,27.8,0.44985,2026-09-12 15:13:16.242354+00:00,,
2026,1,2026_01_DAL_NYG,NYG,DAL,2026-09-14 00:20:00+00:00,3e646c7479c57f5d9752d8c7dfe7059b,fanduel,player_rush_yds,Cam Skattebo,00-0040715,NYG,49.5,-114,-114,2026-09-12 15:12:52.061843+00:00,52.340395,44.7,0.44785,2026-09-12 15:13:16.242757+00:00,,
2026,1,2026_01_DAL_NYG,NYG,DAL,2026-09-14 00:20:00+00:00,3e646c7479c57f5d9752d8c7dfe7059b,fanduel,player_rush_yds,KaVontae Turpin,00-0037801,DAL,5.5,-102,-128,2026-09-12 15:12:52.061843+00:00,2.07272,0.0,0.1035,2026-09-12 15:13:16.243039+00:00,,
2026,1,2026_01_DAL_NYG,NYG,DAL,2026-09-14 00:20:00+00:00,3e646c7479c57f5d9752d8c7dfe7059b,betonlineag,player_reception_yds,George Pickens,00-0037247,DAL,67.5,-115,-112,2026-09-12 15:12:52.061843+00:00,77.93846500000001,68.5,0.5073,2026-09-12 15:13:16.243430+00:00,,
2026,1,2026_01_DAL_NYG,NYG,DAL,2026-09-14 00:20:00+00:00,3e646c7479c57f5d9752d8c7dfe7059b,betonlineag,player_reception_yds,CeeDee Lamb,00-0036358,DAL,75.5,-114,-114,2026-09-12 15:12:52.061843+00:00,81.18873500000001,72.3,0.47425,2026-09-12 15:13:16.243850+00:00,,
2026,1,2026_01_DAL_NYG,NYG,DAL,2026-09-14 00:20:00+00:00,3e646c7479c57f5d9752d8c7dfe7059b,betonlineag,player_reception_yds,Cam Skattebo,00-0040715,NYG,15.5,-119,-109,2026-09-12 15:12:52.061843+00:00,16.354715000000002,10.3,0.3752,2026-09-12 15:13:16.244201+00:00,,
2026,1,2026_01_DAL_NYG,NYG,DAL,2026-09-14 00:20:00+00:00,3e646c7479c57f5d9752d8c7dfe7059b,betonlineag,player_reception_yds,Malik Nabers,00-0039337,NYG,59.5,-114,-114,2026-09-12 15:12:52.061843+00:00,68.52798499999999,59.75,0.502,2026-09-12 15:13:16.244608+00:00,,
2026,1,2026_01_DAL_NYG,NYG,DAL,2026-09-14 00:20:00+00:00,3e646c7479c57f5d9752d8c7dfe7059b,betonlineag,player_reception_yds,Odell Beckham Jr.,00-0031235,NYG,10.5,-114,-114,2026-09-12 15:12:52.061843+00:00,12.765925,1.6,0.34045,2026-09-12 15:13:16.244981+00:00,,
2026,1,2026_01_DAL_NYG,NYG,DAL,2026-09-14 00:20:00+00:00,3e646c7479c57f5d9752d8c7dfe7059b,betonlineag,player_reception_yds,Isaiah Likely,00-0037838,NYG,35.5,-114,-114,2026-09-12 15:12:52.061843+00:00,35.04688,27.5,0.39755,2026-09-12 15:13:16.245386+00:00,,
2026,1,2026_01_DAL_NYG,NYG,DAL,2026-09-14 00:20:00+00:00,3e646c7479c57f5d9752d8c7dfe7059b,betonlineag,player_reception_yds,Malachi Fields,00-0041042,NYG,21.5,-114,-114,2026-09-12 15:12:52.061843+00:00,36.035175,25.2,0.5468,2026-09-12 15:13:16.245780+00:00,,
2026,1,2026_01_DAL_NYG,NYG,DAL,2026-09-14 00:20:00+00:00,3e646c7479c57f5d9752d8c7dfe7059b,betonlineag,player_reception_yds,Jake Ferguson,00-0038041,DAL,29.5,-118,-110,2026-09-12 15:12:52.061843+00:00,35.55862,29.3,0.4963,2026-09-12 15:13:16.246160+00:00,,
2026,1,2026_01_DAL_NYG,NYG,DAL,2026-09-14 00:20:00+00:00,3e646c7479c57f5d9752d8c7dfe7059b,betonlineag,player_reception_yds,Darnell Mooney,00-0036309,NYG,19.5,-115,-112,2026-09-12 15:12:52.061843+00:00,32.6264,23.1,0.54855,2026-09-12 15:13:16.246580+00:00,,
2026,1,2026_01_DAL_NYG,NYG,DAL,2026-09-14 00:20:00+00:00,3e646c7479c57f5d9752d8c7dfe7059b,betonlineag,player_reception_yds,KaVontae Turpin,00-0037801,DAL,8.5,-109,-119,2026-09-12 15:12:52.061843+00:00,25.552665,11.3,0.5494,2026-09-12 15:13:16.246991+00:00,,
2026,1,2026_01_DAL_NYG,NYG,DAL,2026-09-14 00:20:00+00:00,3e646c7479c57f5d9752d8c7dfe7059b,betonlineag,player_reception_yds,Theo Johnson,00-0039847,NYG,13.5,-115,-112,2026-09-12 15:12:52.061843+00:00,24.75009,14.9,0.52205,2026-09-12 15:13:16.247383+00:00,,
2026,1,2026_01_DAL_NYG,NYG,DAL,2026-09-14 00:20:00+00:00,3e646c7479c57f5d9752d8c7dfe7059b,betonlineag,player_reception_yds,Javonte Williams,00-0036997,DAL,10.5,-111,-116,2026-09-12 15:12:52.061843+00:00,16.126755,11.9,0.54205,2026-09-12 15:13:16.247771+00:00,,
2026,1,2026_01_DAL_NYG,NYG,DAL,2026-09-14 00:20:00+00:00,3e646c7479c57f5d9752d8c7dfe7059b,betonlineag,player_reception_yds,Ryan Flournoy,00-0039410,DAL,26.5,-114,-114,2026-09-12 15:12:52.061843+00:00,33.724225,20.1,0.432,2026-09-12 15:13:16.248172+00:00,,
2026,1,2026_01_DAL_NYG,NYG,DAL,2026-09-14 00:20:00+00:00,3e646c7479c57f5d9752d8c7dfe7059b,betonlineag,player_rush_yds,Jaxson Dart,00-0040691,NYG,31.5,-116,-111,2026-09-12 15:12:52.061843+00:00,35.15302,27.8,0.44985,2026-09-12 15:13:16.248573+00:00,,
2026,1,2026_01_DAL_NYG,NYG,DAL,2026-09-14 00:20:00+00:00,3e646c7479c57f5d9752d8c7dfe7059b,betonlineag,player_rush_yds,Cam Skattebo,00-0040715,NYG,48.5,-114,-114,2026-09-12 15:12:52.061843+00:00,52.340395,44.7,0.459,2026-09-12 15:13:16.248963+00:00,,
2026,1,2026_01_DAL_NYG,NYG,DAL,2026-09-14 00:20:00+00:00,3e646c7479c57f5d9752d8c7dfe7059b,betonlineag,player_rush_yds,Dak Prescott,00-0033077,DAL,7.5,-118,-110,2026-09-12 15:12:52.061843+00:00,22.793905,17.4,0.72125,2026-09-12 15:13:16.249363+00:00,,
2026,1,2026_01_DAL_NYG,NYG,DAL,2026-09-14 00:20:00+00:00,3e646c7479c57f5d9752d8c7dfe7059b,betonlineag,player_rush_yds,Javonte Williams,00-0036997,DAL,74.5,-120,-108,2026-09-12 15:12:52.061843+00:00,90.819075,83.1,0.57595,2026-09-12 15:13:16.249760+00:00,,
2026,1,2026_01_DAL_NYG,NYG,DAL,2026-09-14 00:20:00+00:00,3e646c7479c57f5d9752d8c7dfe7059b,betonlineag,player_rush_yds,KaVontae Turpin,00-0037801,DAL,5.5,-114,-114,2026-09-12 15:12:52.061843+00:00,2.07272,0.0,0.1035,2026-09-12 15:13:16.250047+00:00,,
2026,1,2026_01_DAL_NYG,NYG,DAL,2026-09-14 00:20:00+00:00,3e646c7479c57f5d9752d8c7dfe7059b,betmgm,player_reception_yds,Jake Ferguson,00-0038041,DAL,30.5,-115,-115,2026-09-12 15:12:52.061843+00:00,35.55862,29.3,0.48065,2026-09-12 15:13:16.250434+00:00,,
2026,1,2026_01_DAL_NYG,NYG,DAL,2026-09-14 00:20:00+00:00,3e646c7479c57f5d9752d8c7dfe7059b,betmgm,player_reception_yds,Cam Skattebo,00-0040715,NYG,16.5,-120,-110,2026-09-12 15:12:52.061843+00:00,16.354715000000002,10.3,0.3546,2026-09-12 15:13:16.250791+00:00,,
2026,1,2026_01_DAL_NYG,NYG,DAL,2026-09-14 00:20:00+00:00,3e646c7479c57f5d9752d8c7dfe7059b,betmgm,player_reception_yds,CeeDee Lamb,00-0036358,DAL,75.5,-115,-115,2026-09-12 15:12:52.061843+00:00,81.18873500000001,72.3,0.47425,2026-09-12 15:13:16.251209+00:00,,
2026,1,2026_01_DAL_NYG,NYG,DAL,2026-09-14 00:20:00+00:00,3e646c7479c57f5d9752d8c7dfe7059b,betmgm,player_reception_yds,George Pickens,00-0037247,DAL,67.5,-115,-115,2026-09-12 15:12:52.061843+00:00,77.93846500000001,68.5,0.5073,2026-09-12 15:13:16.251607+00:00,,
2026,1,2026_01_DAL_NYG,NYG,DAL,2026-09-14 00:20:00+00:00,3e646c7479c57f5d9752d8c7dfe7059b,betmgm,player_reception_yds,Javonte Williams,00-0036997,DAL,11.5,-115,-115,2026-09-12 15:12:52.061843+00:00,16.126755,11.9,0.5098,2026-09-12 15:13:16.251986+00:00,,
2026,1,2026_01_DAL_NYG,NYG,DAL,2026-09-14 00:20:00+00:00,3e646c7479c57f5d9752d8c7dfe7059b,betmgm,player_rush_yds,Jaxson Dart,00-0040691,NYG,30.5,-110,-120,2026-09-12 15:12:52.061843+00:00,35.15302,27.8,0.46315,2026-09-12 15:13:16.252386+00:00,,
2026,1,2026_01_DAL_NYG,NYG,DAL,2026-09-14 00:20:00+00:00,3e646c7479c57f5d9752d8c7dfe7059b,betmgm,player_rush_yds,Dak Prescott,00-0033077,DAL,6.5,-120,-110,2026-09-12 15:12:52.061843+00:00,22.793905,17.4,0.74635,2026-09-12 15:13:16.252783+00:00,,
2026,1,2026_01_DAL_NYG,NYG,DAL,2026-09-14 00:20:00+00:00,3e646c7479c57f5d9752d8c7dfe7059b,betmgm,player_rush_yds,Cam Skattebo,00-0040715,NYG,49.5,-115,-115,2026-09-12 15:12:52.061843+00:00,52.340395,44.7,0.44785,2026-09-12 15:13:16.253182+00:00,,
2026,1,2026_01_DAL_NYG,NYG,DAL,2026-09-14 00:20:00+00:00,3e646c7479c57f5d9752d8c7dfe7059b,betmgm,player_rush_yds,Javonte Williams,00-0036997,DAL,76.5,-115,-115,2026-09-12 15:12:52.061843+00:00,90.819075,83.1,0.5592,2026-09-12 15:13:16.253573+00:00,,
2026,1,2026_01_DAL_NYG,NYG,DAL,2026-09-14 00:20:00+00:00,3e646c7479c57f5d9752d8c7dfe7059b,betrivers,player_reception_yds,Jake Ferguson,00-0038041,DAL,29.5,-120,-112,2026-09-12 15:12:52.061843+00:00,35.55862,29.3,0.4963,2026-09-12 15:13:16.253969+00:00,,
2026,1,2026_01_DAL_NYG,NYG,DAL,2026-09-14 00:20:00+00:00,3e646c7479c57f5d9752d8c7dfe7059b,betrivers,player_reception_yds,Javonte Williams,00-0036997,DAL,11.5,-114,-115,2026-09-12 15:12:52.061843+00:00,16.126755,11.9,0.5098,2026-09-12 15:13:16.254400+00:00,,
2026,1,2026_01_DAL_NYG,NYG,DAL,2026-09-14 00:20:00+00:00,3e646c7479c57f5d9752d8c7dfe7059b,betrivers,player_reception_yds,CeeDee Lamb,00-0036358,DAL,75.5,-115,-115,2026-09-12 15:12:52.061843+00:00,81.18873500000001,72.3,0.47425,2026-09-12 15:13:16.254870+00:00,,
2026,1,2026_01_DAL_NYG,NYG,DAL,2026-09-14 00:20:00+00:00,3e646c7479c57f5d9752d8c7dfe7059b,betrivers,player_reception_yds,Ryan Flournoy,00-0039410,DAL,25.5,-118,-112,2026-09-12 15:12:52.061843+00:00,33.724225,20.1,0.4419,2026-09-12 15:13:16.255340+00:00,,
2026,1,2026_01_DAL_NYG,NYG,DAL,2026-09-14 00:20:00+00:00,3e646c7479c57f5d9752d8c7dfe7059b,betrivers,player_reception_yds,Darnell Mooney,00-0036309,NYG,20.5,-114,-117,2026-09-12 15:12:52.061843+00:00,32.6264,23.1,0.5351,2026-09-12 15:13:16.255799+00:00,,
2026,1,2026_01_DAL_NYG,NYG,DAL,2026-09-14 00:20:00+00:00,3e646c7479c57f5d9752d8c7dfe7059b,betrivers,player_reception_yds,George Pickens,00-0037247,DAL,66.5,-115,-115,2026-09-12 15:12:52.061843+00:00,77.93846500000001,68.5,0.51395,2026-09-12 15:13:16.256424+00:00,,
2026,1,2026_01_DAL_NYG,NYG,DAL,2026-09-14 00:20:00+00:00,3e646c7479c57f5d9752d8c7dfe7059b,betrivers,player_reception_yds,Theo Johnson,00-0039847,NYG,14.5,-118,-113,2026-09-12 15:12:52.061843+00:00,24.75009,14.9,0.5051,2026-09-12 15:13:16.256879+00:00,,
2026,1,2026_01_DAL_NYG,NYG,DAL,2026-09-14 00:20:00+00:00,3e646c7479c57f5d9752d8c7dfe7059b,betrivers,player_reception_yds,Cam Skattebo,00-0040715,NYG,16.5,-113,-118,2026-09-12 15:12:52.061843+00:00,16.354715000000002,10.3,0.3546,2026-09-12 15:13:16.257275+00:00,,
2026,1,2026_01_DAL_NYG,NYG,DAL,2026-09-14 00:20:00+00:00,3e646c7479c57f5d9752d8c7dfe7059b,betrivers,player_reception_yds,Isaiah Likely,00-0037838,NYG,36.5,-118,-113,2026-09-12 15:12:52.061843+00:00,35.04688,27.5,0.386,2026-09-12 15:13:16.257724+00:00,,
2026,1,2026_01_DAL_NYG,NYG,DAL,2026-09-14 00:20:00+00:00,3e646c7479c57f5d9752d8c7dfe7059b,betrivers,player_reception_yds,Malachi Fields,00-0041042,NYG,22.5,-118,-113,2026-09-12 15:12:52.061843+00:00,36.035175,25.2,0.5342,2026-09-12 15:13:16.258192+00:00,,
2026,1,2026_01_DAL_NYG,NYG,DAL,2026-09-14 00:20:00+00:00,3e646c7479c57f5d9752d8c7dfe7059b,betrivers,player_reception_yds,Malik Nabers,00-0039337,NYG,61.5,-115,-115,2026-09-12 15:12:52.061843+00:00,68.52798499999999,59.75,0.4848,2026-09-12 15:13:16.258616+00:00,,
2026,1,2026_01_DAL_NYG,NYG,DAL,2026-09-14 00:20:00+00:00,3e646c7479c57f5d9752d8c7dfe7059b,betrivers,player_reception_yds,Odell Beckham Jr.,00-0031235,NYG,10.5,-115,-115,2026-09-12 15:12:52.061843+00:00,12.765925,1.6,0.34045,2026-09-12 15:13:16.258998+00:00,,
2026,1,2026_01_DAL_NYG,NYG,DAL,2026-09-14 00:20:00+00:00,3e646c7479c57f5d9752d8c7dfe7059b,betrivers,player_rush_yds,Javonte Williams,00-0036997,DAL,75.5,-115,-115,2026-09-12 15:12:52.061843+00:00,90.819075,83.1,0.56755,2026-09-12 15:13:16.259389+00:00,,
2026,1,2026_01_DAL_NYG,NYG,DAL,2026-09-14 00:20:00+00:00,3e646c7479c57f5d9752d8c7dfe7059b,betrivers,player_rush_yds,Jaxson Dart,00-0040691,NYG,30.5,-117,-114,2026-09-12 15:12:52.061843+00:00,35.15302,27.8,0.46315,2026-09-12 15:13:16.259774+00:00,,
2026,1,2026_01_DAL_NYG,NYG,DAL,2026-09-14 00:20:00+00:00,3e646c7479c57f5d9752d8c7dfe7059b,betrivers,player_rush_yds,Cam Skattebo,00-0040715,NYG,48.5,-115,-114,2026-09-12 15:12:52.061843+00:00,52.340395,44.7,0.459,2026-09-12 15:13:16.260155+00:00,,
2026,1,2026_01_DAL_NYG,NYG,DAL,2026-09-14 00:20:00+00:00,3e646c7479c57f5d9752d8c7dfe7059b,betrivers,player_rush_yds,Dak Prescott,00-0033077,DAL,7.5,-121,-110,2026-09-12 15:12:52.061843+00:00,22.793905,17.4,0.72125,2026-09-12 15:13:16.260539+00:00,,
2026,1,2026_01_DAL_NYG,NYG,DAL,2026-09-14 00:20:00+00:00,3e646c7479c57f5d9752d8c7dfe7059b,bovada,player_reception_yds,Cam Skattebo,00-0040715,NYG,15.5,-115,-115,2026-09-12 15:12:52.061843+00:00,16.354715000000002,10.3,0.3752,2026-09-12 15:13:16.260883+00:00,,
2026,1,2026_01_DAL_NYG,NYG,DAL,2026-09-14 00:20:00+00:00,3e646c7479c57f5d9752d8c7dfe7059b,bovada,player_reception_yds,CeeDee Lamb,00-0036358,DAL,75.5,-115,-115,2026-09-12 15:12:52.061843+00:00,81.18873500000001,72.3,0.47425,2026-09-12 15:13:16.261296+00:00,,
2026,1,2026_01_DAL_NYG,NYG,DAL,2026-09-14 00:20:00+00:00,3e646c7479c57f5d9752d8c7dfe7059b,bovada,player_reception_yds,George Pickens,00-0037247,DAL,67.5,-115,-115,2026-09-12 15:12:52.061843+00:00,77.93846500000001,68.5,0.5073,2026-09-12 15:13:16.261686+00:00,,
2026,1,2026_01_DAL_NYG,NYG,DAL,2026-09-14 00:20:00+00:00,3e646c7479c57f5d9752d8c7dfe7059b,bovada,player_reception_yds,Isaiah Likely,00-0037838,NYG,35.5,-115,-115,2026-09-12 15:12:52.061843+00:00,35.04688,27.5,0.39755,2026-09-12 15:13:16.262091+00:00,,
2026,1,2026_01_DAL_NYG,NYG,DAL,2026-09-14 00:20:00+00:00,3e646c7479c57f5d9752d8c7dfe7059b,bovada,player_reception_yds,Jake Ferguson,00-0038041,DAL,30.5,-110,-120,2026-09-12 15:12:52.061843+00:00,35.55862,29.3,0.48065,2026-09-12 15:13:16.262463+00:00,,
2026,1,2026_01_DAL_NYG,NYG,DAL,2026-09-14 00:20:00+00:00,3e646c7479c57f5d9752d8c7dfe7059b,bovada,player_reception_yds,Malachi Fields,00-0041042,NYG,21.5,-115,-115,2026-09-12 15:12:52.061843+00:00,36.035175,25.2,0.5468,2026-09-12 15:13:16.262852+00:00,,
2026,1,2026_01_DAL_NYG,NYG,DAL,2026-09-14 00:20:00+00:00,3e646c7479c57f5d9752d8c7dfe7059b,bovada,player_reception_yds,Malik Nabers,00-0039337,NYG,57.5,-115,-115,2026-09-12 15:12:52.061843+00:00,68.52798499999999,59.75,0.52055,2026-09-12 15:13:16.263252+00:00,,
2026,1,2026_01_DAL_NYG,NYG,DAL,2026-09-14 00:20:00+00:00,3e646c7479c57f5d9752d8c7dfe7059b,bovada,player_reception_yds,Odell Beckham Jr.,00-0031235,NYG,9.5,-120,-110,2026-09-12 15:12:52.061843+00:00,12.765925,1.6,0.35475,2026-09-12 15:13:16.263617+00:00,,
2026,1,2026_01_DAL_NYG,NYG,DAL,2026-09-14 00:20:00+00:00,3e646c7479c57f5d9752d8c7dfe7059b,bovada,player_rush_yds,Cam Skattebo,00-0040715,NYG,49.5,-115,-115,2026-09-12 15:12:52.061843+00:00,52.340395,44.7,0.44785,2026-09-12 15:13:16.263999+00:00,,
2026,1,2026_01_DAL_NYG,NYG,DAL,2026-09-14 00:20:00+00:00,3e646c7479c57f5d9752d8c7dfe7059b,bovada,player_rush_yds,Dak Prescott,00-0033077,DAL,8.5,-120,-110,2026-09-12 15:12:52.061843+00:00,22.793905,17.4,0.6965,2026-09-12 15:13:16.264396+00:00,,
2026,1,2026_01_DAL_NYG,NYG,DAL,2026-09-14 00:20:00+00:00,3e646c7479c57f5d9752d8c7dfe7059b,bovada,player_rush_yds,Jaxson Dart,00-0040691,NYG,31.5,-120,-110,2026-09-12 15:12:52.061843+00:00,35.15302,27.8,0.44985,2026-09-12 15:13:16.264786+00:00,,
2026,1,2026_01_DEN_KC,KC,DEN,2026-09-15 00:15:00+00:00,5ad8135dc2b5f27de0b777acd317855a,draftkings,player_reception_yds,Rashee Rice,00-0039067,KC,56.5,-111,-113,2026-09-12 15:12:52.269520+00:00,97.792085,84.0,0.7019,2026-09-12 15:13:16.374740+00:00,,
2026,1,2026_01_DEN_KC,KC,DEN,2026-09-15 00:15:00+00:00,5ad8135dc2b5f27de0b777acd317855a,draftkings,player_reception_yds,Jaylen Waddle,00-0036613,DEN,56.5,-109,-115,2026-09-12 15:12:52.269520+00:00,58.71942000000001,49.4,0.43775,2026-09-12 15:13:16.487781+00:00,,
2026,1,2026_01_DEN_KC,KC,DEN,2026-09-15 00:15:00+00:00,5ad8135dc2b5f27de0b777acd317855a,draftkings,player_reception_yds,Courtland Sutton,00-0034348,DEN,42.5,-115,-110,2026-09-12 15:12:52.269520+00:00,52.13266,43.9,0.51385,2026-09-12 15:13:16.603141+00:00,,
2026,1,2026_01_DEN_KC,KC,DEN,2026-09-15 00:15:00+00:00,5ad8135dc2b5f27de0b777acd317855a,draftkings,player_reception_yds,Travis Kelce,00-0030506,KC,41.5,-115,-109,2026-09-12 15:12:52.269520+00:00,41.407140000000005,34.3,0.416,2026-09-12 15:13:16.710316+00:00,,
2026,1,2026_01_DEN_KC,KC,DEN,2026-09-15 00:15:00+00:00,5ad8135dc2b5f27de0b777acd317855a,draftkings,player_reception_yds,Xavier Worthy,00-0039894,KC,36.5,-114,-110,2026-09-12 15:12:52.269520+00:00,41.13967,32.7,0.45605,2026-09-12 15:13:16.818641+00:00,,
2026,1,2026_01_DEN_KC,KC,DEN,2026-09-15 00:15:00+00:00,5ad8135dc2b5f27de0b777acd317855a,draftkings,player_reception_yds,Pat Bryant,00-0040134,DEN,23.5,-112,-112,2026-09-12 15:12:52.269520+00:00,22.84425,14.3,0.36585,2026-09-12 15:13:16.931790+00:00,,
2026,1,2026_01_DEN_KC,KC,DEN,2026-09-15 00:15:00+00:00,5ad8135dc2b5f27de0b777acd317855a,draftkings,player_reception_yds,Evan Engram,00-0033881,DEN,22.5,-115,-109,2026-09-12 15:12:52.269520+00:00,35.415435,27.9,0.57605,2026-09-12 15:13:17.046344+00:00,,
2026,1,2026_01_DEN_KC,KC,DEN,2026-09-15 00:15:00+00:00,5ad8135dc2b5f27de0b777acd317855a,draftkings,player_reception_yds,Tyquan Thornton,00-0038104,KC,19.5,-110,-114,2026-09-12 15:12:52.269520+00:00,35.183035000000004,19.1,0.4944,2026-09-12 15:13:17.153023+00:00,,
2026,1,2026_01_DEN_KC,KC,DEN,2026-09-15 00:15:00+00:00,5ad8135dc2b5f27de0b777acd317855a,draftkings,player_reception_yds,Kenneth Walker III,00-0038134,KC,16.5,-115,-109,2026-09-12 15:12:52.269520+00:00,18.205725,13.2,0.42015,2026-09-12 15:13:17.261030+00:00,,
2026,1,2026_01_DEN_KC,KC,DEN,2026-09-15 00:15:00+00:00,5ad8135dc2b5f27de0b777acd317855a,draftkings,player_reception_yds,RJ Harvey,00-0040730,DEN,16.5,-109,-115,2026-09-12 15:12:52.269520+00:00,11.775775,7.4,0.2656,2026-09-12 15:13:17.373585+00:00,,
2026,1,2026_01_DEN_KC,KC,DEN,2026-09-15 00:15:00+00:00,5ad8135dc2b5f27de0b777acd317855a,draftkings,player_reception_yds,Noah Gray,00-0036637,KC,10.5,-115,-109,2026-09-12 15:12:52.269520+00:00,14.933265000000002,7.5,0.4353,2026-09-12 15:13:17.484791+00:00,,
2026,1,2026_01_DEN_KC,KC,DEN,2026-09-15 00:15:00+00:00,5ad8135dc2b5f27de0b777acd317855a,draftkings,player_reception_yds,Adam Trautman,00-0036422,DEN,7.5,-117,-107,2026-09-12 15:12:52.269520+00:00,17.183239999999998,9.2,0.53445,2026-09-12 15:13:17.596889+00:00,,
2026,1,2026_01_DEN_KC,KC,DEN,2026-09-15 00:15:00+00:00,5ad8135dc2b5f27de0b777acd317855a,draftkings,player_reception_yds,J.K. Dobbins,00-0036158,DEN,4.5,-109,-115,2026-09-12 15:12:52.269520+00:00,14.359519999999998,10.2,0.7002,2026-09-12 15:13:17.714682+00:00,,
2026,1,2026_01_DEN_KC,KC,DEN,2026-09-15 00:15:00+00:00,5ad8135dc2b5f27de0b777acd317855a,draftkings,player_rush_yds,Kenneth Walker III,00-0038134,KC,61.5,-110,-114,2026-09-12 15:12:52.269520+00:00,52.559065,46.1,0.3379,2026-09-12 15:13:17.814206+00:00,,
2026,1,2026_01_DEN_KC,KC,DEN,2026-09-15 00:15:00+00:00,5ad8135dc2b5f27de0b777acd317855a,draftkings,player_rush_yds,J.K. Dobbins,00-0036158,DEN,51.5,-111,-113,2026-09-12 15:12:52.269520+00:00,63.695775,58.3,0.5784,2026-09-12 15:13:17.919693+00:00,,
2026,1,2026_01_DEN_KC,KC,DEN,2026-09-15 00:15:00+00:00,5ad8135dc2b5f27de0b777acd317855a,draftkings,player_rush_yds,RJ Harvey,00-0040730,DEN,18.5,-113,-111,2026-09-12 15:12:52.269520+00:00,25.756005,18.5,0.4991,2026-09-12 15:13:18.023050+00:00,,
2026,1,2026_01_DEN_KC,KC,DEN,2026-09-15 00:15:00+00:00,5ad8135dc2b5f27de0b777acd317855a,draftkings,player_rush_yds,Bo Nix,00-0039732,DEN,16.5,-108,-116,2026-09-12 15:12:52.269520+00:00,21.16468,15.4,0.4768,2026-09-12 15:13:18.127155+00:00,,
2026,1,2026_01_DEN_KC,KC,DEN,2026-09-15 00:15:00+00:00,5ad8135dc2b5f27de0b777acd317855a,draftkings,player_rush_yds,Patrick Mahomes,00-0033873,KC,15.5,-108,-116,2026-09-12 15:12:52.269520+00:00,18.26322,14.0,0.4641,2026-09-12 15:13:18.223634+00:00,,
2026,1,2026_01_DEN_KC,KC,DEN,2026-09-15 00:15:00+00:00,5ad8135dc2b5f27de0b777acd317855a,fanduel,player_reception_yds,Noah Gray,00-0036637,KC,9.5,-114,-114,2026-09-12 15:12:52.269520+00:00,14.933265000000002,7.5,0.4573,2026-09-12 15:13:18.224082+00:00,,
2026,1,2026_01_DEN_KC,KC,DEN,2026-09-15 00:15:00+00:00,5ad8135dc2b5f27de0b777acd317855a,fanduel,player_reception_yds,Tyquan Thornton,00-0038104,KC,19.5,-114,-114,2026-09-12 15:12:52.269520+00:00,35.183035000000004,19.1,0.4944,2026-09-12 15:13:18.224479+00:00,,
2026,1,2026_01_DEN_KC,KC,DEN,2026-09-15 00:15:00+00:00,5ad8135dc2b5f27de0b777acd317855a,fanduel,player_reception_yds,Kenneth Walker III,00-0038134,KC,17.5,-114,-114,2026-09-12 15:12:52.269520+00:00,18.205725,13.2,0.3993,2026-09-12 15:13:18.224892+00:00,,
2026,1,2026_01_DEN_KC,KC,DEN,2026-09-15 00:15:00+00:00,5ad8135dc2b5f27de0b777acd317855a,fanduel,player_reception_yds,Rashee Rice,00-0039067,KC,57.5,-114,-114,2026-09-12 15:12:52.269520+00:00,97.792085,84.0,0.69465,2026-09-12 15:13:18.225304+00:00,,
2026,1,2026_01_DEN_KC,KC,DEN,2026-09-15 00:15:00+00:00,5ad8135dc2b5f27de0b777acd317855a,fanduel,player_reception_yds,Evan Engram,00-0033881,DEN,22.5,-114,-114,2026-09-12 15:12:52.269520+00:00,35.415435,27.9,0.57605,2026-09-12 15:13:18.225707+00:00,,
2026,1,2026_01_DEN_KC,KC,DEN,2026-09-15 00:15:00+00:00,5ad8135dc2b5f27de0b777acd317855a,fanduel,player_reception_yds,Xavier Worthy,00-0039894,KC,36.5,-114,-114,2026-09-12 15:12:52.269520+00:00,41.13967,32.7,0.45605,2026-09-12 15:13:18.226108+00:00,,
2026,1,2026_01_DEN_KC,KC,DEN,2026-09-15 00:15:00+00:00,5ad8135dc2b5f27de0b777acd317855a,fanduel,player_reception_yds,Travis Kelce,00-0030506,KC,41.5,-114,-114,2026-09-12 15:12:52.269520+00:00,41.407140000000005,34.3,0.416,2026-09-12 15:13:18.226482+00:00,,
2026,1,2026_01_DEN_KC,KC,DEN,2026-09-15 00:15:00+00:00,5ad8135dc2b5f27de0b777acd317855a,fanduel,player_reception_yds,Jaylen Waddle,00-0036613,DEN,53.5,-114,-114,2026-09-12 15:12:52.269520+00:00,58.71942000000001,49.4,0.46295,2026-09-12 15:13:18.226924+00:00,,
2026,1,2026_01_DEN_KC,KC,DEN,2026-09-15 00:15:00+00:00,5ad8135dc2b5f27de0b777acd317855a,fanduel,player_reception_yds,Adam Trautman,00-0036422,DEN,7.5,-114,-114,2026-09-12 15:12:52.269520+00:00,17.183239999999998,9.2,0.53445,2026-09-12 15:13:18.227302+00:00,,
2026,1,2026_01_DEN_KC,KC,DEN,2026-09-15 00:15:00+00:00,5ad8135dc2b5f27de0b777acd317855a,fanduel,player_reception_yds,RJ Harvey,00-0040730,DEN,16.5,-114,-114,2026-09-12 15:12:52.269520+00:00,11.775775,7.4,0.2656,2026-09-12 15:13:18.227671+00:00,,
2026,1,2026_01_DEN_KC,KC,DEN,2026-09-15 00:15:00+00:00,5ad8135dc2b5f27de0b777acd317855a,fanduel,player_reception_yds,J.K. Dobbins,00-0036158,DEN,3.5,-114,-114,2026-09-12 15:12:52.269520+00:00,14.359519999999998,10.2,0.74045,2026-09-12 15:13:18.228078+00:00,,
2026,1,2026_01_DEN_KC,KC,DEN,2026-09-15 00:15:00+00:00,5ad8135dc2b5f27de0b777acd317855a,fanduel,player_reception_yds,Pat Bryant,00-0040134,DEN,23.5,-114,-114,2026-09-12 15:12:52.269520+00:00,22.84425,14.3,0.36585,2026-09-12 15:13:18.228459+00:00,,
2026,1,2026_01_DEN_KC,KC,DEN,2026-09-15 00:15:00+00:00,5ad8135dc2b5f27de0b777acd317855a,fanduel,player_reception_yds,Courtland Sutton,00-0034348,DEN,42.5,-114,-114,2026-09-12 15:12:52.269520+00:00,52.13266,43.9,0.51385,2026-09-12 15:13:18.228842+00:00,,
2026,1,2026_01_DEN_KC,KC,DEN,2026-09-15 00:15:00+00:00,5ad8135dc2b5f27de0b777acd317855a,fanduel,player_rush_yds,RJ Harvey,00-0040730,DEN,18.5,-114,-114,2026-09-12 15:12:52.269520+00:00,25.756005,18.5,0.4991,2026-09-12 15:13:18.229214+00:00,,
2026,1,2026_01_DEN_KC,KC,DEN,2026-09-15 00:15:00+00:00,5ad8135dc2b5f27de0b777acd317855a,fanduel,player_rush_yds,Kenneth Walker III,00-0038134,KC,59.5,-114,-114,2026-09-12 15:12:52.269520+00:00,52.559065,46.1,0.35805,2026-09-12 15:13:18.229562+00:00,,
2026,1,2026_01_DEN_KC,KC,DEN,2026-09-15 00:15:00+00:00,5ad8135dc2b5f27de0b777acd317855a,fanduel,player_rush_yds,J.K. Dobbins,00-0036158,DEN,49.5,-114,-114,2026-09-12 15:12:52.269520+00:00,63.695775,58.3,0.6011,2026-09-12 15:13:18.229905+00:00,,
2026,1,2026_01_DEN_KC,KC,DEN,2026-09-15 00:15:00+00:00,5ad8135dc2b5f27de0b777acd317855a,fanduel,player_rush_yds,Bo Nix,00-0039732,DEN,15.5,-114,-114,2026-09-12 15:12:52.269520+00:00,21.16468,15.4,0.4965,2026-09-12 15:13:18.230287+00:00,,
2026,1,2026_01_DEN_KC,KC,DEN,2026-09-15 00:15:00+00:00,5ad8135dc2b5f27de0b777acd317855a,fanduel,player_rush_yds,Patrick Mahomes,00-0033873,KC,15.5,-114,-114,2026-09-12 15:12:52.269520+00:00,18.26322,14.0,0.4641,2026-09-12 15:13:18.230675+00:00,,
2026,1,2026_01_DEN_KC,KC,DEN,2026-09-15 00:15:00+00:00,5ad8135dc2b5f27de0b777acd317855a,betonlineag,player_reception_yds,Courtland Sutton,00-0034348,DEN,42.5,-115,-112,2026-09-12 15:12:52.269520+00:00,52.13266,43.9,0.51385,2026-09-12 15:13:18.231059+00:00,,
2026,1,2026_01_DEN_KC,KC,DEN,2026-09-15 00:15:00+00:00,5ad8135dc2b5f27de0b777acd317855a,betonlineag,player_reception_yds,Travis Kelce,00-0030506,KC,41.5,-115,-112,2026-09-12 15:12:52.269520+00:00,41.407140000000005,34.3,0.416,2026-09-12 15:13:18.231435+00:00,,
2026,1,2026_01_DEN_KC,KC,DEN,2026-09-15 00:15:00+00:00,5ad8135dc2b5f27de0b777acd317855a,betonlineag,player_reception_yds,Jaylen Waddle,00-0036613,DEN,53.5,-114,-114,2026-09-12 15:12:52.269520+00:00,58.71942000000001,49.4,0.46295,2026-09-12 15:13:18.231872+00:00,,
2026,1,2026_01_DEN_KC,KC,DEN,2026-09-15 00:15:00+00:00,5ad8135dc2b5f27de0b777acd317855a,betonlineag,player_reception_yds,RJ Harvey,00-0040730,DEN,16.5,-112,-115,2026-09-12 15:12:52.269520+00:00,11.775775,7.4,0.2656,2026-09-12 15:13:18.232245+00:00,,
2026,1,2026_01_DEN_KC,KC,DEN,2026-09-15 00:15:00+00:00,5ad8135dc2b5f27de0b777acd317855a,betonlineag,player_reception_yds,J.K. Dobbins,00-0036158,DEN,3.5,-115,-112,2026-09-12 15:12:52.269520+00:00,14.359519999999998,10.2,0.74045,2026-09-12 15:13:18.232649+00:00,,
2026,1,2026_01_DEN_KC,KC,DEN,2026-09-15 00:15:00+00:00,5ad8135dc2b5f27de0b777acd317855a,betonlineag,player_reception_yds,Evan Engram,00-0033881,DEN,22.5,-116,-111,2026-09-12 15:12:52.269520+00:00,35.415435,27.9,0.57605,2026-09-12 15:13:18.233031+00:00,,
2026,1,2026_01_DEN_KC,KC,DEN,2026-09-15 00:15:00+00:00,5ad8135dc2b5f27de0b777acd317855a,betonlineag,player_reception_yds,Pat Bryant,00-0040134,DEN,23.5,-119,-109,2026-09-12 15:12:52.269520+00:00,22.84425,14.3,0.36585,2026-09-12 15:13:18.233415+00:00,,
2026,1,2026_01_DEN_KC,KC,DEN,2026-09-15 00:15:00+00:00,5ad8135dc2b5f27de0b777acd317855a,betonlineag,player_reception_yds,Noah Gray,00-0036637,KC,9.5,-114,-114,2026-09-12 15:12:52.269520+00:00,14.933265000000002,7.5,0.4573,2026-09-12 15:13:18.233813+00:00,,
2026,1,2026_01_DEN_KC,KC,DEN,2026-09-15 00:15:00+00:00,5ad8135dc2b5f27de0b777acd317855a,betonlineag,player_reception_yds,Tyquan Thornton,00-0038104,KC,19.5,-114,-114,2026-09-12 15:12:52.269520+00:00,35.183035000000004,19.1,0.4944,2026-09-12 15:13:18.234194+00:00,,
2026,1,2026_01_DEN_KC,KC,DEN,2026-09-15 00:15:00+00:00,5ad8135dc2b5f27de0b777acd317855a,betonlineag,player_reception_yds,Xavier Worthy,00-0039894,KC,37.5,-118,-110,2026-09-12 15:12:52.269520+00:00,41.13967,32.7,0.44445,2026-09-12 15:13:18.234595+00:00,,
2026,1,2026_01_DEN_KC,KC,DEN,2026-09-15 00:15:00+00:00,5ad8135dc2b5f27de0b777acd317855a,betonlineag,player_reception_yds,Adam Trautman,00-0036422,DEN,7.5,-110,-118,2026-09-12 15:12:52.269520+00:00,17.183239999999998,9.2,0.53445,2026-09-12 15:13:18.235006+00:00,,
2026,1,2026_01_DEN_KC,KC,DEN,2026-09-15 00:15:00+00:00,5ad8135dc2b5f27de0b777acd317855a,betonlineag,player_reception_yds,Kenneth Walker III,00-0038134,KC,18.5,-114,-114,2026-09-12 15:12:52.269520+00:00,18.205725,13.2,0.3784,2026-09-12 15:13:18.235432+00:00,,
2026,1,2026_01_DEN_KC,KC,DEN,2026-09-15 00:15:00+00:00,5ad8135dc2b5f27de0b777acd317855a,betonlineag,player_reception_yds,Rashee Rice,00-0039067,KC,57.5,-112,-115,2026-09-12 15:12:52.269520+00:00,97.792085,84.0,0.69465,2026-09-12 15:13:18.235838+00:00,,
2026,1,2026_01_DEN_KC,KC,DEN,2026-09-15 00:15:00+00:00,5ad8135dc2b5f27de0b777acd317855a,betonlineag,player_rush_yds,Patrick Mahomes,00-0033873,KC,14.5,-114,-114,2026-09-12 15:12:52.269520+00:00,18.26322,14.0,0.48695,2026-09-12 15:13:18.236255+00:00,,
2026,1,2026_01_DEN_KC,KC,DEN,2026-09-15 00:15:00+00:00,5ad8135dc2b5f27de0b777acd317855a,betonlineag,player_rush_yds,Bo Nix,00-0039732,DEN,15.5,-114,-114,2026-09-12 15:12:52.269520+00:00,21.16468,15.4,0.4965,2026-09-12 15:13:18.236639+00:00,,
2026,1,2026_01_DEN_KC,KC,DEN,2026-09-15 00:15:00+00:00,5ad8135dc2b5f27de0b777acd317855a,betonlineag,player_rush_yds,J.K. Dobbins,00-0036158,DEN,49.5,-116,-111,2026-09-12 15:12:52.269520+00:00,63.695775,58.3,0.6011,2026-09-12 15:13:18.236986+00:00,,
2026,1,2026_01_DEN_KC,KC,DEN,2026-09-15 00:15:00+00:00,5ad8135dc2b5f27de0b777acd317855a,betonlineag,player_rush_yds,RJ Harvey,00-0040730,DEN,18.5,-115,-112,2026-09-12 15:12:52.269520+00:00,25.756005,18.5,0.4991,2026-09-12 15:13:18.237363+00:00,,
2026,1,2026_01_DEN_KC,KC,DEN,2026-09-15 00:15:00+00:00,5ad8135dc2b5f27de0b777acd317855a,betonlineag,player_rush_yds,Kenneth Walker III,00-0038134,KC,60.5,-116,-111,2026-09-12 15:12:52.269520+00:00,52.559065,46.1,0.3477,2026-09-12 15:13:18.237713+00:00,,
2026,1,2026_01_DEN_KC,KC,DEN,2026-09-15 00:15:00+00:00,5ad8135dc2b5f27de0b777acd317855a,betmgm,player_reception_yds,J.K. Dobbins,00-0036158,DEN,4.5,-115,-115,2026-09-12 15:12:52.269520+00:00,14.359519999999998,10.2,0.7002,2026-09-12 15:13:18.238116+00:00,,
2026,1,2026_01_DEN_KC,KC,DEN,2026-09-15 00:15:00+00:00,5ad8135dc2b5f27de0b777acd317855a,betmgm,player_reception_yds,Adam Trautman,00-0036422,DEN,6.5,-110,-120,2026-09-12 15:12:52.269520+00:00,17.183239999999998,9.2,0.5573,2026-09-12 15:13:18.238500+00:00,,
2026,1,2026_01_DEN_KC,KC,DEN,2026-09-15 00:15:00+00:00,5ad8135dc2b5f27de0b777acd317855a,betmgm,player_reception_yds,Pat Bryant,00-0040134,DEN,25.5,-115,-115,2026-09-12 15:12:52.269520+00:00,22.84425,14.3,0.34105,2026-09-12 15:13:18.238883+00:00,,
2026,1,2026_01_DEN_KC,KC,DEN,2026-09-15 00:15:00+00:00,5ad8135dc2b5f27de0b777acd317855a,betmgm,player_reception_yds,Tyquan Thornton,00-0038104,KC,19.5,-115,-115,2026-09-12 15:12:52.269520+00:00,35.183035000000004,19.1,0.4944,2026-09-12 15:13:18.239263+00:00,,
2026,1,2026_01_DEN_KC,KC,DEN,2026-09-15 00:15:00+00:00,5ad8135dc2b5f27de0b777acd317855a,betmgm,player_reception_yds,Xavier Worthy,00-0039894,KC,36.5,-115,-115,2026-09-12 15:12:52.269520+00:00,41.13967,32.7,0.45605,2026-09-12 15:13:18.239662+00:00,,
2026,1,2026_01_DEN_KC,KC,DEN,2026-09-15 00:15:00+00:00,5ad8135dc2b5f27de0b777acd317855a,betmgm,player_reception_yds,Rashee Rice,00-0039067,KC,58.5,-105,-125,2026-09-12 15:12:52.269520+00:00,97.792085,84.0,0.68685,2026-09-12 15:13:18.240058+00:00,,
2026,1,2026_01_DEN_KC,KC,DEN,2026-09-15 00:15:00+00:00,5ad8135dc2b5f27de0b777acd317855a,betmgm,player_reception_yds,Jaylen Waddle,00-0036613,DEN,55.5,-115,-115,2026-09-12 15:12:52.269520+00:00,58.71942000000001,49.4,0.4457,2026-09-12 15:13:18.240495+00:00,,
2026,1,2026_01_DEN_KC,KC,DEN,2026-09-15 00:15:00+00:00,5ad8135dc2b5f27de0b777acd317855a,betmgm,player_reception_yds,Courtland Sutton,00-0034348,DEN,44.5,-115,-115,2026-09-12 15:12:52.269520+00:00,52.13266,43.9,0.49365,2026-09-12 15:13:18.240874+00:00,,
2026,1,2026_01_DEN_KC,KC,DEN,2026-09-15 00:15:00+00:00,5ad8135dc2b5f27de0b777acd317855a,betmgm,player_reception_yds,Travis Kelce,00-0030506,KC,39.5,-115,-115,2026-09-12 15:12:52.269520+00:00,41.407140000000005,34.3,0.4408,2026-09-12 15:13:18.241240+00:00,,
2026,1,2026_01_DEN_KC,KC,DEN,2026-09-15 00:15:00+00:00,5ad8135dc2b5f27de0b777acd317855a,betmgm,player_reception_yds,Kenneth Walker III,00-0038134,KC,19.5,-120,-110,2026-09-12 15:12:52.269520+00:00,18.205725,13.2,0.35725,2026-09-12 15:13:18.241632+00:00,,
2026,1,2026_01_DEN_KC,KC,DEN,2026-09-15 00:15:00+00:00,5ad8135dc2b5f27de0b777acd317855a,betmgm,player_reception_yds,Noah Gray,00-0036637,KC,9.5,-120,-111,2026-09-12 15:12:52.269520+00:00,14.933265000000002,7.5,0.4573,2026-09-12 15:13:18.242027+00:00,,
2026,1,2026_01_DEN_KC,KC,DEN,2026-09-15 00:15:00+00:00,5ad8135dc2b5f27de0b777acd317855a,betmgm,player_reception_yds,Evan Engram,00-0033881,DEN,21.5,-115,-115,2026-09-12 15:12:52.269520+00:00,35.415435,27.9,0.59075,2026-09-12 15:13:18.242419+00:00,,
2026,1,2026_01_DEN_KC,KC,DEN,2026-09-15 00:15:00+00:00,5ad8135dc2b5f27de0b777acd317855a,betmgm,player_reception_yds,RJ Harvey,00-0040730,DEN,16.5,-120,-110,2026-09-12 15:12:52.269520+00:00,11.775775,7.4,0.2656,2026-09-12 15:13:18.242794+00:00,,
2026,1,2026_01_DEN_KC,KC,DEN,2026-09-15 00:15:00+00:00,5ad8135dc2b5f27de0b777acd317855a,betmgm,player_rush_yds,Patrick Mahomes,00-0033873,KC,14.5,-120,-110,2026-09-12 15:12:52.269520+00:00,18.26322,14.0,0.48695,2026-09-12 15:13:18.243188+00:00,,
2026,1,2026_01_DEN_KC,KC,DEN,2026-09-15 00:15:00+00:00,5ad8135dc2b5f27de0b777acd317855a,betmgm,player_rush_yds,Kenneth Walker III,00-0038134,KC,62.5,-115,-115,2026-09-12 15:12:52.269520+00:00,52.559065,46.1,0.3285,2026-09-12 15:13:18.243542+00:00,,
2026,1,2026_01_DEN_KC,KC,DEN,2026-09-15 00:15:00+00:00,5ad8135dc2b5f27de0b777acd317855a,betmgm,player_rush_yds,Bo Nix,00-0039732,DEN,14.5,-115,-115,2026-09-12 15:12:52.269520+00:00,21.16468,15.4,0.518,2026-09-12 15:13:18.243928+00:00,,
2026,1,2026_01_DEN_KC,KC,DEN,2026-09-15 00:15:00+00:00,5ad8135dc2b5f27de0b777acd317855a,betmgm,player_rush_yds,RJ Harvey,00-0040730,DEN,17.5,-120,-111,2026-09-12 15:12:52.269520+00:00,25.756005,18.5,0.51585,2026-09-12 15:13:18.244295+00:00,,
2026,1,2026_01_DEN_KC,KC,DEN,2026-09-15 00:15:00+00:00,5ad8135dc2b5f27de0b777acd317855a,betmgm,player_rush_yds,J.K. Dobbins,00-0036158,DEN,48.5,-115,-115,2026-09-12 15:12:52.269520+00:00,63.695775,58.3,0.61395,2026-09-12 15:13:18.244648+00:00,,
2026,1,2026_01_DEN_KC,KC,DEN,2026-09-15 00:15:00+00:00,5ad8135dc2b5f27de0b777acd317855a,bovada,player_reception_yds,Adam Trautman,00-0036422,DEN,7.5,-120,-110,2026-09-12 15:12:52.269520+00:00,17.183239999999998,9.2,0.53445,2026-09-12 15:13:18.245027+00:00,,
2026,1,2026_01_DEN_KC,KC,DEN,2026-09-15 00:15:00+00:00,5ad8135dc2b5f27de0b777acd317855a,bovada,player_reception_yds,Courtland Sutton,00-0034348,DEN,42.5,-120,-110,2026-09-12 15:12:52.269520+00:00,52.13266,43.9,0.51385,2026-09-12 15:13:18.245415+00:00,,
2026,1,2026_01_DEN_KC,KC,DEN,2026-09-15 00:15:00+00:00,5ad8135dc2b5f27de0b777acd317855a,bovada,player_reception_yds,Evan Engram,00-0033881,DEN,22.5,-120,-110,2026-09-12 15:12:52.269520+00:00,35.415435,27.9,0.57605,2026-09-12 15:13:18.245800+00:00,,
2026,1,2026_01_DEN_KC,KC,DEN,2026-09-15 00:15:00+00:00,5ad8135dc2b5f27de0b777acd317855a,bovada,player_reception_yds,J.K. Dobbins,00-0036158,DEN,4.5,-110,-120,2026-09-12 15:12:52.269520+00:00,14.359519999999998,10.2,0.7002,2026-09-12 15:13:18.246213+00:00,,
2026,1,2026_01_DEN_KC,KC,DEN,2026-09-15 00:15:00+00:00,5ad8135dc2b5f27de0b777acd317855a,bovada,player_reception_yds,Jaylen Waddle,00-0036613,DEN,56.5,-110,-120,2026-09-12 15:12:52.269520+00:00,58.71942000000001,49.4,0.43775,2026-09-12 15:13:18.246652+00:00,,
2026,1,2026_01_DEN_KC,KC,DEN,2026-09-15 00:15:00+00:00,5ad8135dc2b5f27de0b777acd317855a,bovada,player_reception_yds,Kenneth Walker III,00-0038134,KC,16.5,-120,-110,2026-09-12 15:12:52.269520+00:00,18.205725,13.2,0.42015,2026-09-12 15:13:18.247054+00:00,,
2026,1,2026_01_DEN_KC,KC,DEN,2026-09-15 00:15:00+00:00,5ad8135dc2b5f27de0b777acd317855a,bovada,player_reception_yds,Noah Gray,00-0036637,KC,10.5,-120,-110,2026-09-12 15:12:52.269520+00:00,14.933265000000002,7.5,0.4353,2026-09-12 15:13:18.247453+00:00,,
2026,1,2026_01_DEN_KC,KC,DEN,2026-09-15 00:15:00+00:00,5ad8135dc2b5f27de0b777acd317855a,bovada,player_reception_yds,Pat Bryant,00-0040134,DEN,23.5,-115,-115,2026-09-12 15:12:52.269520+00:00,22.84425,14.3,0.36585,2026-09-12 15:13:18.247835+00:00,,
2026,1,2026_01_DEN_KC,KC,DEN,2026-09-15 00:15:00+00:00,5ad8135dc2b5f27de0b777acd317855a,bovada,player_reception_yds,Rashee Rice,00-0039067,KC,56.5,-115,-115,2026-09-12 15:12:52.269520+00:00,97.792085,84.0,0.7019,2026-09-12 15:13:18.248236+00:00,,
2026,1,2026_01_DEN_KC,KC,DEN,2026-09-15 00:15:00+00:00,5ad8135dc2b5f27de0b777acd317855a,bovada,player_reception_yds,RJ Harvey,00-0040730,DEN,16.5,-110,-120,2026-09-12 15:12:52.269520+00:00,11.775775,7.4,0.2656,2026-09-12 15:13:18.248604+00:00,,
2026,1,2026_01_DEN_KC,KC,DEN,2026-09-15 00:15:00+00:00,5ad8135dc2b5f27de0b777acd317855a,bovada,player_reception_yds,Travis Kelce,00-0030506,KC,41.5,-120,-110,2026-09-12 15:12:52.269520+00:00,41.407140000000005,34.3,0.416,2026-09-12 15:13:18.249008+00:00,,
2026,1,2026_01_DEN_KC,KC,DEN,2026-09-15 00:15:00+00:00,5ad8135dc2b5f27de0b777acd317855a,bovada,player_reception_yds,Tyquan Thornton,00-0038104,KC,19.5,-115,-115,2026-09-12 15:12:52.269520+00:00,35.183035000000004,19.1,0.4944,2026-09-12 15:13:18.249412+00:00,,
2026,1,2026_01_DEN_KC,KC,DEN,2026-09-15 00:15:00+00:00,5ad8135dc2b5f27de0b777acd317855a,bovada,player_reception_yds,Xavier Worthy,00-0039894,KC,36.5,-115,-115,2026-09-12 15:12:52.269520+00:00,41.13967,32.7,0.45605,2026-09-12 15:13:18.249813+00:00,,
2026,1,2026_01_DEN_KC,KC,DEN,2026-09-15 00:15:00+00:00,5ad8135dc2b5f27de0b777acd317855a,bovada,player_rush_yds,Bo Nix,00-0039732,DEN,16.5,-110,-120,2026-09-12 15:12:52.269520+00:00,21.16468,15.4,0.4768,2026-09-12 15:13:18.250195+00:00,,
2026,1,2026_01_DEN_KC,KC,DEN,2026-09-15 00:15:00+00:00,5ad8135dc2b5f27de0b777acd317855a,bovada,player_rush_yds,J.K. Dobbins,00-0036158,DEN,51.5,-115,-115,2026-09-12 15:12:52.269520+00:00,63.695775,58.3,0.5784,2026-09-12 15:13:18.250538+00:00,,
2026,1,2026_01_DEN_KC,KC,DEN,2026-09-15 00:15:00+00:00,5ad8135dc2b5f27de0b777acd317855a,bovada,player_rush_yds,Kenneth Walker III,00-0038134,KC,61.5,-115,-115,2026-09-12 15:12:52.269520+00:00,52.559065,46.1,0.3379,2026-09-12 15:13:18.250886+00:00,,
2026,1,2026_01_DEN_KC,KC,DEN,2026-09-15 00:15:00+00:00,5ad8135dc2b5f27de0b777acd317855a,bovada,player_rush_yds,Patrick Mahomes,00-0033873,KC,15.5,-110,-120,2026-09-12 15:12:52.269520+00:00,18.26322,14.0,0.4641,2026-09-12 15:13:18.251265+00:00,,
2026,1,2026_01_DEN_KC,KC,DEN,2026-09-15 00:15:00+00:00,5ad8135dc2b5f27de0b777acd317855a,bovada,player_rush_yds,RJ Harvey,00-0040730,DEN,18.5,-115,-115,2026-09-12 15:12:52.269520+00:00,25.756005,18.5,0.4991,2026-09-12 15:13:18.251632+00:00,,
2026,1,2026_01_DEN_KC,KC,DEN,2026-09-15 00:15:00+00:00,5ad8135dc2b5f27de0b777acd317855a,betrivers,player_reception_yds,Adam Trautman,00-0036422,DEN,7.5,-112,-120,2026-09-12 15:12:52.269520+00:00,17.183239999999998,9.2,0.53445,2026-09-12 15:13:18.252010+00:00,,
2026,1,2026_01_DEN_KC,KC,DEN,2026-09-15 00:15:00+00:00,5ad8135dc2b5f27de0b777acd317855a,betrivers,player_reception_yds,RJ Harvey,00-0040730,DEN,15.5,-112,-120,2026-09-12 15:12:52.269520+00:00,11.775775,7.4,0.28595,2026-09-12 15:13:18.252371+00:00,,
2026,1,2026_01_DEN_KC,KC,DEN,2026-09-15 00:15:00+00:00,5ad8135dc2b5f27de0b777acd317855a,betrivers,player_reception_yds,Pat Bryant,00-0040134,DEN,23.5,-114,-115,2026-09-12 15:12:52.269520+00:00,22.84425,14.3,0.36585,2026-09-12 15:13:18.252750+00:00,,
2026,1,2026_01_DEN_KC,KC,DEN,2026-09-15 00:15:00+00:00,5ad8135dc2b5f27de0b777acd317855a,betrivers,player_reception_yds,Evan Engram,00-0033881,DEN,22.5,-113,-118,2026-09-12 15:12:52.269520+00:00,35.415435,27.9,0.57605,2026-09-12 15:13:18.253134+00:00,,
2026,1,2026_01_DEN_KC,KC,DEN,2026-09-15 00:15:00+00:00,5ad8135dc2b5f27de0b777acd317855a,betrivers,player_reception_yds,Noah Gray,00-0036637,KC,10.5,-115,-115,2026-09-12 15:12:52.269520+00:00,14.933265000000002,7.5,0.4353,2026-09-12 15:13:18.253530+00:00,,
2026,1,2026_01_DEN_KC,KC,DEN,2026-09-15 00:15:00+00:00,5ad8135dc2b5f27de0b777acd317855a,betrivers,player_reception_yds,Rashee Rice,00-0039067,KC,58.5,-117,-113,2026-09-12 15:12:52.269520+00:00,97.792085,84.0,0.68685,2026-09-12 15:13:18.253928+00:00,,
2026,1,2026_01_DEN_KC,KC,DEN,2026-09-15 00:15:00+00:00,5ad8135dc2b5f27de0b777acd317855a,betrivers,player_reception_yds,Xavier Worthy,00-0039894,KC,38.5,-113,-118,2026-09-12 15:12:52.269520+00:00,41.13967,32.7,0.4332,2026-09-12 15:13:18.254325+00:00,,
2026,1,2026_01_DEN_KC,KC,DEN,2026-09-15 00:15:00+00:00,5ad8135dc2b5f27de0b777acd317855a,betrivers,player_reception_yds,Courtland Sutton,00-0034348,DEN,43.5,-114,-115,2026-09-12 15:12:52.269520+00:00,52.13266,43.9,0.50385,2026-09-12 15:13:18.254706+00:00,,
2026,1,2026_01_DEN_KC,KC,DEN,2026-09-15 00:15:00+00:00,5ad8135dc2b5f27de0b777acd317855a,betrivers,player_reception_yds,Travis Kelce,00-0030506,KC,42.5,-117,-114,2026-09-12 15:12:52.269520+00:00,41.407140000000005,34.3,0.4046,2026-09-12 15:13:18.255068+00:00,,
2026,1,2026_01_DEN_KC,KC,DEN,2026-09-15 00:15:00+00:00,5ad8135dc2b5f27de0b777acd317855a,betrivers,player_reception_yds,Kenneth Walker III,00-0038134,KC,19.5,-110,-121,2026-09-12 15:12:52.269520+00:00,18.205725,13.2,0.35725,2026-09-12 15:13:18.255471+00:00,,
2026,1,2026_01_DEN_KC,KC,DEN,2026-09-15 00:15:00+00:00,5ad8135dc2b5f27de0b777acd317855a,betrivers,player_reception_yds,Jaylen Waddle,00-0036613,DEN,53.5,-114,-117,2026-09-12 15:12:52.269520+00:00,58.71942000000001,49.4,0.46295,2026-09-12 15:13:18.255912+00:00,,
2026,1,2026_01_DEN_KC,KC,DEN,2026-09-15 00:15:00+00:00,5ad8135dc2b5f27de0b777acd317855a,betrivers,player_reception_yds,Tyquan Thornton,00-0038104,KC,20.5,-115,-115,2026-09-12 15:12:52.269520+00:00,35.183035000000004,19.1,0.4824,2026-09-12 15:13:18.256293+00:00,,
2026,1,2026_01_DEN_KC,KC,DEN,2026-09-15 00:15:00+00:00,5ad8135dc2b5f27de0b777acd317855a,betrivers,player_rush_yds,Kenneth Walker III,00-0038134,KC,62.5,-113,-118,2026-09-12 15:12:52.269520+00:00,52.559065,46.1,0.3285,2026-09-12 15:13:18.256635+00:00,,
2026,1,2026_01_DEN_KC,KC,DEN,2026-09-15 00:15:00+00:00,5ad8135dc2b5f27de0b777acd317855a,betrivers,player_rush_yds,Patrick Mahomes,00-0033873,KC,15.5,-110,-121,2026-09-12 15:12:52.269520+00:00,18.26322,14.0,0.4641,2026-09-12 15:13:18.257042+00:00,,
2026,1,2026_01_DEN_KC,KC,DEN,2026-09-15 00:15:00+00:00,5ad8135dc2b5f27de0b777acd317855a,betrivers,player_rush_yds,Bo Nix,00-0039732,DEN,15.5,-115,-115,2026-09-12 15:12:52.269520+00:00,21.16468,15.4,0.4965,2026-09-12 15:13:18.257426+00:00,,
2026,1,2026_01_DEN_KC,KC,DEN,2026-09-15 00:15:00+00:00,5ad8135dc2b5f27de0b777acd317855a,betrivers,player_rush_yds,J.K. Dobbins,00-0036158,DEN,48.5,-117,-114,2026-09-12 15:12:52.269520+00:00,63.695775,58.3,0.61395,2026-09-12 15:13:18.257766+00:00,,
